TIPO,ANIO,TARIFA,UMED,PAIS_O_D,CANTIDAD,VAL_MNX,VAL_USD,DESCRIPCION
Exportaciones,2003,080440,,,,2122635538.0,195062994.0,- Aguacates (paltas).
Exportaciones,2003,080440,,BEL,,354426.0,32500.0,- Aguacates (paltas).
Exportaciones,2003,080440,,CAN,,203410888.0,18849631.0,- Aguacates (paltas).
Exportaciones,2003,080440,,CHN,,316120.0,29196.0,- Aguacates (paltas).
Exportaciones,2003,080440,,CRI,,100516422.0,9304554.0,- Aguacates (paltas).
Exportaciones,2003,080440,,DEU,,353553.0,32420.0,- Aguacates (paltas).
Exportaciones,2003,080440,,ESP,,24684367.0,2299757.0,- Aguacates (paltas).
Exportaciones,2003,080440,,FRA,,317224808.0,29033309.0,- Aguacates (paltas).
Exportaciones,2003,080440,,GBR,,35551919.0,3282312.0,- Aguacates (paltas).
Exportaciones,2003,080440,,GTM,,87298722.0,8051305.0,- Aguacates (paltas).
Exportaciones,2003,080440,,HKG,,4000338.0,369503.0,- Aguacates (paltas).
Exportaciones,2003,080440,,HND,,66371028.0,6062446.0,- Aguacates (paltas).
Exportaciones,2003,080440,,JPN,,433103719.0,40071561.0,- Aguacates (paltas).
Exportaciones,2003,080440,,SGP,,180424.0,16162.0,- Aguacates (paltas).
Exportaciones,2003,080440,,SLV,,179586629.0,16407295.0,- Aguacates (paltas).
Exportaciones,2003,080440,,SWE,,7768645.0,724723.0,- Aguacates (paltas).
Exportaciones,2003,080440,,USA,,643968002.0,58839993.0,- Aguacates (paltas).
Exportaciones,2003,080440,,ZYA,,17945528.0,1656327.0,- Aguacates (paltas).
Exportaciones,2003,08044001,Kg,,124238662.0,2122635538.0,195062994.0,Aguacates (paltas).
Exportaciones,2003,08044001,Kg,BEL,18405.0,354426.0,32500.0,Aguacates (paltas).
Exportaciones,2003,08044001,Kg,CAN,11419771.0,203410888.0,18849631.0,Aguacates (paltas).
Exportaciones,2003,08044001,Kg,CHN,16416.0,316120.0,29196.0,Aguacates (paltas).
Exportaciones,2003,08044001,Kg,CRI,5875370.0,100516422.0,9304554.0,Aguacates (paltas).
Exportaciones,2003,08044001,Kg,DEU,18360.0,353553.0,32420.0,Aguacates (paltas).
Exportaciones,2003,08044001,Kg,ESP,1331492.0,24684367.0,2299757.0,Aguacates (paltas).
Exportaciones,2003,08044001,Kg,FRA,18286235.0,317224808.0,29033309.0,Aguacates (paltas).
Exportaciones,2003,08044001,Kg,GBR,2179151.0,35551919.0,3282312.0,Aguacates (paltas).
Exportaciones,2003,08044001,Kg,GTM,5064186.0,87298722.0,8051305.0,Aguacates (paltas).
Exportaciones,2003,08044001,Kg,HKG,225600.0,4000338.0,369503.0,Aguacates (paltas).
Exportaciones,2003,08044001,Kg,HND,3980442.0,66371028.0,6062446.0,Aguacates (paltas).
Exportaciones,2003,08044001,Kg,JPN,24351256.0,433103719.0,40071561.0,Aguacates (paltas).
Exportaciones,2003,08044001,Kg,SGP,10560.0,180424.0,16162.0,Aguacates (paltas).
Exportaciones,2003,08044001,Kg,SLV,10495274.0,179586629.0,16407295.0,Aguacates (paltas).
Exportaciones,2003,08044001,Kg,SWE,422400.0,7768645.0,724723.0,Aguacates (paltas).
Exportaciones,2003,08044001,Kg,USA,39522638.0,643968002.0,58839993.0,Aguacates (paltas).
Exportaciones,2003,08044001,Kg,ZYA,1021106.0,17945528.0,1656327.0,Aguacates (paltas).
Exportaciones,2004,080440,,,,2371649384.0,211255254.0,- Aguacates (paltas).
Exportaciones,2004,080440,,BEL,,361993.0,32912.0,- Aguacates (paltas).
Exportaciones,2004,080440,,CAN,,330252777.0,29248281.0,- Aguacates (paltas).
Exportaciones,2004,080440,,CHL,,19718462.0,1741740.0,- Aguacates (paltas).
Exportaciones,2004,080440,,CRI,,122187210.0,10844428.0,- Aguacates (paltas).
Exportaciones,2004,080440,,DEU,,1133911.0,100701.0,- Aguacates (paltas).
Exportaciones,2004,080440,,ESP,,13080970.0,1150189.0,- Aguacates (paltas).
Exportaciones,2004,080440,,FRA,,251723806.0,22346541.0,- Aguacates (paltas).
Exportaciones,2004,080440,,GBR,,3183634.0,287571.0,- Aguacates (paltas).
Exportaciones,2004,080440,,GTM,,94279823.0,8365275.0,- Aguacates (paltas).
Exportaciones,2004,080440,,HKG,,5963568.0,529544.0,- Aguacates (paltas).
Exportaciones,2004,080440,,HND,,104104393.0,9287392.0,- Aguacates (paltas).
Exportaciones,2004,080440,,ITA,,132.0,12.0,- Aguacates (paltas).
Exportaciones,2004,080440,,JPN,,519010173.0,45940605.0,- Aguacates (paltas).
Exportaciones,2004,080440,,PAN,,392550.0,35415.0,- Aguacates (paltas).
Exportaciones,2004,080440,,RUS,,384.0,34.0,- Aguacates (paltas).
Exportaciones,2004,080440,,SLV,,205237807.0,18296697.0,- Aguacates (paltas).
Exportaciones,2004,080440,,USA,,677249172.0,60941972.0,- Aguacates (paltas).
Exportaciones,2004,080440,,ZYA,,23768619.0,2105945.0,- Aguacates (paltas).
Exportaciones,2004,08044001,Kg,,135871517.0,2371649384.0,211255254.0,Aguacates (paltas).
Exportaciones,2004,08044001,Kg,BEL,21120.0,361993.0,32912.0,Aguacates (paltas).
Exportaciones,2004,08044001,Kg,CAN,18474733.0,330252777.0,29248281.0,Aguacates (paltas).
Exportaciones,2004,08044001,Kg,CHL,990164.0,19718462.0,1741740.0,Aguacates (paltas).
Exportaciones,2004,08044001,Kg,CRI,6794690.0,122187210.0,10844428.0,Aguacates (paltas).
Exportaciones,2004,08044001,Kg,DEU,79760.0,1133911.0,100701.0,Aguacates (paltas).
Exportaciones,2004,08044001,Kg,ESP,847937.0,13080970.0,1150189.0,Aguacates (paltas).
Exportaciones,2004,08044001,Kg,FRA,15175950.0,251723806.0,22346541.0,Aguacates (paltas).
Exportaciones,2004,08044001,Kg,GBR,184614.0,3183634.0,287571.0,Aguacates (paltas).
Exportaciones,2004,08044001,Kg,GTM,5349366.0,94279823.0,8365275.0,Aguacates (paltas).
Exportaciones,2004,08044001,Kg,HKG,349116.0,5963568.0,529544.0,Aguacates (paltas).
Exportaciones,2004,08044001,Kg,HND,5875955.0,104104393.0,9287392.0,Aguacates (paltas).
Exportaciones,2004,08044001,Kg,ITA,8.0,132.0,12.0,Aguacates (paltas).
Exportaciones,2004,08044001,Kg,JPN,28839893.0,519010173.0,45940605.0,Aguacates (paltas).
Exportaciones,2004,08044001,Kg,PAN,23060.0,392550.0,35415.0,Aguacates (paltas).
Exportaciones,2004,08044001,Kg,RUS,22.0,384.0,34.0,Aguacates (paltas).
Exportaciones,2004,08044001,Kg,SLV,11973368.0,205237807.0,18296697.0,Aguacates (paltas).
Exportaciones,2004,08044001,Kg,USA,39417681.0,677249172.0,60941972.0,Aguacates (paltas).
Exportaciones,2004,08044001,Kg,ZYA,1474080.0,23768619.0,2105945.0,Aguacates (paltas).
Importaciones,2004,080440,,,,3334179.0,292337.0,- Aguacates (paltas).
Importaciones,2004,080440,,USA,,3334179.0,292337.0,- Aguacates (paltas).
Importaciones,2004,08044001,Kg,,421254.0,3334179.0,292337.0,Aguacates (paltas).
Importaciones,2004,08044001,Kg,USA,421254.0,3334179.0,292337.0,Aguacates (paltas).
Exportaciones,2005,080440,,,,3985763915.0,366122436.0,- Aguacates (paltas).
Exportaciones,2005,080440,,BEL,,,,- Aguacates (paltas).
Exportaciones,2005,080440,,CAN,,323090378.0,29637481.0,- Aguacates (paltas).
Exportaciones,2005,080440,,CHN,,,,- Aguacates (paltas).
Exportaciones,2005,080440,,CRI,,92890704.0,8494372.0,- Aguacates (paltas).
Exportaciones,2005,080440,,DEU,,1023679.0,92787.0,- Aguacates (paltas).
Exportaciones,2005,080440,,ESP,,10866684.0,987765.0,- Aguacates (paltas).
Exportaciones,2005,080440,,FRA,,234805643.0,21621132.0,- Aguacates (paltas).
Exportaciones,2005,080440,,GBR,,7151775.0,670893.0,- Aguacates (paltas).
Exportaciones,2005,080440,,GTM,,,,- Aguacates (paltas).
Exportaciones,2005,080440,,HKG,,,,- Aguacates (paltas).
Exportaciones,2005,080440,,HND,,69068748.0,6317017.0,- Aguacates (paltas).
Exportaciones,2005,080440,,JPN,,494868834.0,45375223.0,- Aguacates (paltas).
Exportaciones,2005,080440,,REU,,,,- Aguacates (paltas).
Exportaciones,2005,080440,,SLV,,156641684.0,14345376.0,- Aguacates (paltas).
Exportaciones,2005,080440,,SWE,,,,- Aguacates (paltas).
Exportaciones,2005,080440,,USA,,2468067527.0,226863964.0,- Aguacates (paltas).
Exportaciones,2005,080440,,ZYA,,33973378.0,3133124.0,- Aguacates (paltas).
Exportaciones,2005,08044001,Kg,,218524820.0,3985763915.0,366122436.0,Aguacates (paltas).
Exportaciones,2005,08044001,Kg,BEL,,,,Aguacates (paltas).
Exportaciones,2005,08044001,Kg,CAN,17468898.0,323090378.0,29637481.0,Aguacates (paltas).
Exportaciones,2005,08044001,Kg,CHN,,,,Aguacates (paltas).
Exportaciones,2005,08044001,Kg,CRI,5085034.0,92890704.0,8494372.0,Aguacates (paltas).
Exportaciones,2005,08044001,Kg,DEU,62060.0,1023679.0,92787.0,Aguacates (paltas).
Exportaciones,2005,08044001,Kg,ESP,608930.0,10866684.0,987765.0,Aguacates (paltas).
Exportaciones,2005,08044001,Kg,FRA,13667129.0,234805643.0,21621132.0,Aguacates (paltas).
Exportaciones,2005,08044001,Kg,GBR,406984.0,7151775.0,670893.0,Aguacates (paltas).
Exportaciones,2005,08044001,Kg,GTM,,,,Aguacates (paltas).
Exportaciones,2005,08044001,Kg,HKG,,,,Aguacates (paltas).
Exportaciones,2005,08044001,Kg,HND,4071705.0,69068748.0,6317017.0,Aguacates (paltas).
Exportaciones,2005,08044001,Kg,JPN,26459444.0,494868834.0,45375223.0,Aguacates (paltas).
Exportaciones,2005,08044001,Kg,REU,,,,Aguacates (paltas).
Exportaciones,2005,08044001,Kg,SLV,9063856.0,156641684.0,14345376.0,Aguacates (paltas).
Exportaciones,2005,08044001,Kg,SWE,,,,Aguacates (paltas).
Exportaciones,2005,08044001,Kg,USA,134469432.0,2468067527.0,226863964.0,Aguacates (paltas).
Exportaciones,2005,08044001,Kg,ZYA,1959663.0,33973378.0,3133124.0,Aguacates (paltas).
Exportaciones,2006,080440,,,,3571657962.0,329272310.0,- Aguacates (paltas).
Exportaciones,2006,080440,,BEL,,,,- Aguacates (paltas).
Exportaciones,2006,080440,,CAN,,314957615.0,28925367.0,- Aguacates (paltas).
Exportaciones,2006,080440,,CHL,,,,- Aguacates (paltas).
Exportaciones,2006,080440,,CHN,,,,- Aguacates (paltas).
Exportaciones,2006,080440,,CRI,,105375527.0,9676492.0,- Aguacates (paltas).
Exportaciones,2006,080440,,DEU,,371092.0,34182.0,- Aguacates (paltas).
Exportaciones,2006,080440,,DNK,,,,- Aguacates (paltas).
Exportaciones,2006,080440,,ESP,,15224751.0,1428701.0,- Aguacates (paltas).
Exportaciones,2006,080440,,FRA,,185114551.0,17221500.0,- Aguacates (paltas).
Exportaciones,2006,080440,,GBR,,35928422.0,3364317.0,- Aguacates (paltas).
Exportaciones,2006,080440,,GTM,,,,- Aguacates (paltas).
Exportaciones,2006,080440,,HKG,,9232691.0,853052.0,- Aguacates (paltas).
Exportaciones,2006,080440,,HND,,91510823.0,8482101.0,- Aguacates (paltas).
Exportaciones,2006,080440,,IND,,,,- Aguacates (paltas).
Exportaciones,2006,080440,,ITA,,,,- Aguacates (paltas).
Exportaciones,2006,080440,,JPN,,535623602.0,49155122.0,- Aguacates (paltas).
Exportaciones,2006,080440,,KOR,,,,- Aguacates (paltas).
Exportaciones,2006,080440,,SLV,,,,- Aguacates (paltas).
Exportaciones,2006,080440,,TWN,,,,- Aguacates (paltas).
Exportaciones,2006,080440,,UKR,,,,- Aguacates (paltas).
Exportaciones,2006,080440,,USA,,1949372602.0,179750730.0,- Aguacates (paltas).
Exportaciones,2006,080440,,ZYA,,32830854.0,3052339.0,- Aguacates (paltas).
Exportaciones,2006,08044001,Kg,,198023119.0,3571657962.0,329272310.0,Aguacates (paltas).
Exportaciones,2006,08044001,Kg,BEL,,,,Aguacates (paltas).
Exportaciones,2006,08044001,Kg,CAN,17148239.0,314957615.0,28925367.0,Aguacates (paltas).
Exportaciones,2006,08044001,Kg,CHL,,,,Aguacates (paltas).
Exportaciones,2006,08044001,Kg,CHN,,,,Aguacates (paltas).
Exportaciones,2006,08044001,Kg,CRI,5683902.0,105375527.0,9676492.0,Aguacates (paltas).
Exportaciones,2006,08044001,Kg,DEU,21409.0,371092.0,34182.0,Aguacates (paltas).
Exportaciones,2006,08044001,Kg,DNK,,,,Aguacates (paltas).
Exportaciones,2006,08044001,Kg,ESP,885853.0,15224751.0,1428701.0,Aguacates (paltas).
Exportaciones,2006,08044001,Kg,FRA,10655463.0,185114551.0,17221500.0,Aguacates (paltas).
Exportaciones,2006,08044001,Kg,GBR,2062791.0,35928422.0,3364317.0,Aguacates (paltas).
Exportaciones,2006,08044001,Kg,GTM,,,,Aguacates (paltas).
Exportaciones,2006,08044001,Kg,HKG,514060.0,9232691.0,853052.0,Aguacates (paltas).
Exportaciones,2006,08044001,Kg,HND,5263735.0,91510823.0,8482101.0,Aguacates (paltas).
Exportaciones,2006,08044001,Kg,IND,,,,Aguacates (paltas).
Exportaciones,2006,08044001,Kg,ITA,,,,Aguacates (paltas).
Exportaciones,2006,08044001,Kg,JPN,28807494.0,535623602.0,49155122.0,Aguacates (paltas).
Exportaciones,2006,08044001,Kg,KOR,,,,Aguacates (paltas).
Exportaciones,2006,08044001,Kg,SLV,,,,Aguacates (paltas).
Exportaciones,2006,08044001,Kg,TWN,,,,Aguacates (paltas).
Exportaciones,2006,08044001,Kg,UKR,,,,Aguacates (paltas).
Exportaciones,2006,08044001,Kg,USA,108485908.0,1949372602.0,179750730.0,Aguacates (paltas).
Exportaciones,2006,08044001,Kg,ZYA,1882275.0,32830854.0,3052339.0,Aguacates (paltas).
Importaciones,2006,080440,,,,20061328.0,1825460.0,- Aguacates (paltas).
Importaciones,2006,080440,,USA,,20061328.0,1825460.0,- Aguacates (paltas).
Importaciones,2006,08044001,Kg,,2114055.0,20061328.0,1825460.0,Aguacates (paltas).
Importaciones,2006,08044001,Kg,USA,2114055.0,20061328.0,1825460.0,Aguacates (paltas).
Exportaciones,2007,080440,,,,3283087969.0,299780257.0,- Aguacates (paltas).
Exportaciones,2007,080440,,BEL,,,,- Aguacates (paltas).
Exportaciones,2007,080440,,CAN,,217876802.0,19913907.0,- Aguacates (paltas).
Exportaciones,2007,080440,,CHN,,,,- Aguacates (paltas).
Exportaciones,2007,080440,,CRI,,73099242.0,6666664.0,- Aguacates (paltas).
Exportaciones,2007,080440,,DEU,,10369.0,939.0,- Aguacates (paltas).
Exportaciones,2007,080440,,DNK,,,,- Aguacates (paltas).
Exportaciones,2007,080440,,ESP,,1167935.0,106074.0,- Aguacates (paltas).
Exportaciones,2007,080440,,FRA,,59238880.0,5383050.0,- Aguacates (paltas).
Exportaciones,2007,080440,,GBR,,5532738.0,502935.0,- Aguacates (paltas).
Exportaciones,2007,080440,,GTM,,,,- Aguacates (paltas).
Exportaciones,2007,080440,,HKG,,4716821.0,427744.0,- Aguacates (paltas).
Exportaciones,2007,080440,,HND,,52605447.0,4791993.0,- Aguacates (paltas).
Exportaciones,2007,080440,,JPN,,297898936.0,27210929.0,- Aguacates (paltas).
Exportaciones,2007,080440,,KOR,,2811317.0,254515.0,- Aguacates (paltas).
Exportaciones,2007,080440,,SLV,,95662561.0,8701810.0,- Aguacates (paltas).
Exportaciones,2007,080440,,UKR,,,,- Aguacates (paltas).
Exportaciones,2007,080440,,USA,,2406208392.0,219772419.0,- Aguacates (paltas).
Exportaciones,2007,080440,,ZYA,,10098976.0,922685.0,- Aguacates (paltas).
Exportaciones,2007,08044001,Kg,,158329454.0,3283087969.0,299780257.0,Aguacates (paltas).
Exportaciones,2007,08044001,Kg,BEL,,,,Aguacates (paltas).
Exportaciones,2007,08044001,Kg,CAN,10487263.0,217876802.0,19913907.0,Aguacates (paltas).
Exportaciones,2007,08044001,Kg,CHN,,,,Aguacates (paltas).
Exportaciones,2007,08044001,Kg,CRI,3582590.0,73099242.0,6666664.0,Aguacates (paltas).
Exportaciones,2007,08044001,Kg,DEU,565.0,10369.0,939.0,Aguacates (paltas).
Exportaciones,2007,08044001,Kg,DNK,,,,Aguacates (paltas).
Exportaciones,2007,08044001,Kg,ESP,63360.0,1167935.0,106074.0,Aguacates (paltas).
Exportaciones,2007,08044001,Kg,FRA,3179815.0,59238880.0,5383050.0,Aguacates (paltas).
Exportaciones,2007,08044001,Kg,GBR,301960.0,5532738.0,502935.0,Aguacates (paltas).
Exportaciones,2007,08044001,Kg,GTM,,,,Aguacates (paltas).
Exportaciones,2007,08044001,Kg,HKG,248664.0,4716821.0,427744.0,Aguacates (paltas).
Exportaciones,2007,08044001,Kg,HND,2669297.0,52605447.0,4791993.0,Aguacates (paltas).
Exportaciones,2007,08044001,Kg,JPN,14334237.0,297898936.0,27210929.0,Aguacates (paltas).
Exportaciones,2007,08044001,Kg,KOR,146344.0,2811317.0,254515.0,Aguacates (paltas).
Exportaciones,2007,08044001,Kg,SLV,4961628.0,95662561.0,8701810.0,Aguacates (paltas).
Exportaciones,2007,08044001,Kg,UKR,,,,Aguacates (paltas).
Exportaciones,2007,08044001,Kg,USA,115095962.0,2406208392.0,219772419.0,Aguacates (paltas).
Exportaciones,2007,08044001,Kg,ZYA,472256.0,10098976.0,922685.0,Aguacates (paltas).
Exportaciones,2007,080440,,,,3284342781.0,301396992.0,- Aguacates (paltas).
Exportaciones,2007,080440,,BEL,,,,- Aguacates (paltas).
Exportaciones,2007,080440,,BLZ,,,,- Aguacates (paltas).
Exportaciones,2007,080440,,CAN,,215682501.0,19773913.0,- Aguacates (paltas).
Exportaciones,2007,080440,,CRI,,56690341.0,5204002.0,- Aguacates (paltas).
Exportaciones,2007,080440,,DEU,,81.0,7.0,- Aguacates (paltas).
Exportaciones,2007,080440,,ESP,,9621099.0,872469.0,- Aguacates (paltas).
Exportaciones,2007,080440,,FRA,,133537351.0,12236202.0,- Aguacates (paltas).
Exportaciones,2007,080440,,GBR,,7794653.0,719212.0,- Aguacates (paltas).
Exportaciones,2007,080440,,GTM,,,,- Aguacates (paltas).
Exportaciones,2007,080440,,HKG,,4506340.0,411898.0,- Aguacates (paltas).
Exportaciones,2007,080440,,HND,,56793403.0,5235058.0,- Aguacates (paltas).
Exportaciones,2007,080440,,JPN,,252761444.0,23160534.0,- Aguacates (paltas).
Exportaciones,2007,080440,,KOR,,2811256.0,256785.0,- Aguacates (paltas).
Exportaciones,2007,080440,,PAN,,,,- Aguacates (paltas).
Exportaciones,2007,080440,,SLV,,98946698.0,9084351.0,- Aguacates (paltas).
Exportaciones,2007,080440,,USA,,2378513667.0,218322596.0,- Aguacates (paltas).
Exportaciones,2007,080440,,ZYA,,16038545.0,1468512.0,- Aguacates (paltas).
Exportaciones,2007,08044001,Kg,,139816997.0,3284342781.0,301396992.0,Aguacates (paltas).
Exportaciones,2007,08044001,Kg,BEL,,,,Aguacates (paltas).
Exportaciones,2007,08044001,Kg,BLZ,,,,Aguacates (paltas).
Exportaciones,2007,08044001,Kg,CAN,9116748.0,215682501.0,19773913.0,Aguacates (paltas).
Exportaciones,2007,08044001,Kg,CRI,2396660.0,56690341.0,5204002.0,Aguacates (paltas).
Exportaciones,2007,08044001,Kg,DEU,3.0,81.0,7.0,Aguacates (paltas).
Exportaciones,2007,08044001,Kg,ESP,408900.0,9621099.0,872469.0,Aguacates (paltas).
Exportaciones,2007,08044001,Kg,FRA,5833887.0,133537351.0,12236202.0,Aguacates (paltas).
Exportaciones,2007,08044001,Kg,GBR,344432.0,7794653.0,719212.0,Aguacates (paltas).
Exportaciones,2007,08044001,Kg,GTM,,,,Aguacates (paltas).
Exportaciones,2007,08044001,Kg,HKG,189243.0,4506340.0,411898.0,Aguacates (paltas).
Exportaciones,2007,08044001,Kg,HND,2514580.0,56793403.0,5235058.0,Aguacates (paltas).
Exportaciones,2007,08044001,Kg,JPN,10492734.0,252761444.0,23160534.0,Aguacates (paltas).
Exportaciones,2007,08044001,Kg,KOR,119685.0,2811256.0,256785.0,Aguacates (paltas).
Exportaciones,2007,08044001,Kg,PAN,,,,Aguacates (paltas).
Exportaciones,2007,08044001,Kg,SLV,4336590.0,98946698.0,9084351.0,Aguacates (paltas).
Exportaciones,2007,08044001,Kg,USA,101176464.0,2378513667.0,218322596.0,Aguacates (paltas).
Exportaciones,2007,08044001,Kg,ZYA,698204.0,16038545.0,1468512.0,Aguacates (paltas).
Importaciones,2007,080440,,,,,,- Aguacates (paltas).
Importaciones,2007,080440,,USA,,,,- Aguacates (paltas).
Importaciones,2007,08044001,Kg,,,,,Aguacates (paltas).
Importaciones,2007,08044001,Kg,USA,,,,Aguacates (paltas).
Importaciones,2007,080440,,,,,,- Aguacates (paltas).
Importaciones,2007,080440,,USA,,,,- Aguacates (paltas).
Importaciones,2007,08044001,Kg,,,,,Aguacates (paltas).
Importaciones,2007,08044001,Kg,USA,,,,Aguacates (paltas).
Exportaciones,2008,080440,,,,6416434980.0,577193264.0,- Aguacates (paltas).
Exportaciones,2008,080440,,BEL,,,,- Aguacates (paltas).
Exportaciones,2008,080440,,CAN,,433328468.0,39502487.0,- Aguacates (paltas).
Exportaciones,2008,080440,,CHL,,,,- Aguacates (paltas).
Exportaciones,2008,080440,,CHN,,,,- Aguacates (paltas).
Exportaciones,2008,080440,,CRI,,,,- Aguacates (paltas).
Exportaciones,2008,080440,,DEU,,1550213.0,143969.0,- Aguacates (paltas).
Exportaciones,2008,080440,,DNK,,,,- Aguacates (paltas).
Exportaciones,2008,080440,,ESP,,6808888.0,568918.0,- Aguacates (paltas).
Exportaciones,2008,080440,,FRA,,189130433.0,15886794.0,- Aguacates (paltas).
Exportaciones,2008,080440,,GBR,,,,- Aguacates (paltas).
Exportaciones,2008,080440,,GTM,,,,- Aguacates (paltas).
Exportaciones,2008,080440,,HKG,,,,- Aguacates (paltas).
Exportaciones,2008,080440,,HND,,105967714.0,9052282.0,- Aguacates (paltas).
Exportaciones,2008,080440,,JPN,,547504450.0,50274982.0,- Aguacates (paltas).
Exportaciones,2008,080440,,KOR,,,,- Aguacates (paltas).
Exportaciones,2008,080440,,SGP,,,,- Aguacates (paltas).
Exportaciones,2008,080440,,SLV,,186908005.0,16224369.0,- Aguacates (paltas).
Exportaciones,2008,080440,,SVN,,,,- Aguacates (paltas).
Exportaciones,2008,080440,,USA,,4624152914.0,416506065.0,- Aguacates (paltas).
Exportaciones,2008,080440,,ZYA,,55285983.0,4977415.0,- Aguacates (paltas).
Exportaciones,2008,08044001,Kg,,270928218.0,6416434980.0,577193264.0,Aguacates (paltas).
Exportaciones,2008,08044001,Kg,BEL,,,,Aguacates (paltas).
Exportaciones,2008,08044001,Kg,CAN,18095005.0,433328468.0,39502487.0,Aguacates (paltas).
Exportaciones,2008,08044001,Kg,CHL,,,,Aguacates (paltas).
Exportaciones,2008,08044001,Kg,CHN,,,,Aguacates (paltas).
Exportaciones,2008,08044001,Kg,CRI,,,,Aguacates (paltas).
Exportaciones,2008,08044001,Kg,DEU,65624.0,1550213.0,143969.0,Aguacates (paltas).
Exportaciones,2008,08044001,Kg,DNK,,,,Aguacates (paltas).
Exportaciones,2008,08044001,Kg,ESP,305328.0,6808888.0,568918.0,Aguacates (paltas).
Exportaciones,2008,08044001,Kg,FRA,8437993.0,189130433.0,15886794.0,Aguacates (paltas).
Exportaciones,2008,08044001,Kg,GBR,,,,Aguacates (paltas).
Exportaciones,2008,08044001,Kg,GTM,,,,Aguacates (paltas).
Exportaciones,2008,08044001,Kg,HKG,,,,Aguacates (paltas).
Exportaciones,2008,08044001,Kg,HND,4649898.0,105967714.0,9052282.0,Aguacates (paltas).
Exportaciones,2008,08044001,Kg,JPN,22692282.0,547504450.0,50274982.0,Aguacates (paltas).
Exportaciones,2008,08044001,Kg,KOR,,,,Aguacates (paltas).
Exportaciones,2008,08044001,Kg,SGP,,,,Aguacates (paltas).
Exportaciones,2008,08044001,Kg,SLV,8200034.0,186908005.0,16224369.0,Aguacates (paltas).
Exportaciones,2008,08044001,Kg,SVN,,,,Aguacates (paltas).
Exportaciones,2008,08044001,Kg,USA,194924372.0,4624152914.0,416506065.0,Aguacates (paltas).
Exportaciones,2008,08044001,Kg,ZYA,2348966.0,55285983.0,4977415.0,Aguacates (paltas).
Importaciones,2008,080440,,,,,,- Aguacates (paltas).
Importaciones,2008,080440,,USA,,,,- Aguacates (paltas).
Importaciones,2008,08044001,Kg,,,,,Aguacates (paltas).
Importaciones,2008,08044001,Kg,USA,,,,Aguacates (paltas).
Exportaciones,2009,080440,,,,8764599938.0,645411512.0,- Aguacates (paltas).
Exportaciones,2009,080440,,BEL,,,,- Aguacates (paltas).
Exportaciones,2009,080440,,BLZ,,,,- Aguacates (paltas).
Exportaciones,2009,080440,,CAN,,594004757.0,44048810.0,- Aguacates (paltas).
Exportaciones,2009,080440,,CHL,,,,- Aguacates (paltas).
Exportaciones,2009,080440,,CHN,,,,- Aguacates (paltas).
Exportaciones,2009,080440,,CRI,,181161402.0,13330781.0,- Aguacates (paltas).
Exportaciones,2009,080440,,DEU,,5889580.0,445772.0,- Aguacates (paltas).
Exportaciones,2009,080440,,ESP,,21793719.0,1555869.0,- Aguacates (paltas).
Exportaciones,2009,080440,,FRA,,141396029.0,10251847.0,- Aguacates (paltas).
Exportaciones,2009,080440,,GBR,,5924023.0,443376.0,- Aguacates (paltas).
Exportaciones,2009,080440,,GTM,,,,- Aguacates (paltas).
Exportaciones,2009,080440,,HKG,,,,- Aguacates (paltas).
Exportaciones,2009,080440,,HND,,131782269.0,9673901.0,- Aguacates (paltas).
Exportaciones,2009,080440,,JPN,,704932540.0,52096641.0,- Aguacates (paltas).
Exportaciones,2009,080440,,KOR,,,,- Aguacates (paltas).
Exportaciones,2009,080440,,SGP,,,,- Aguacates (paltas).
Exportaciones,2009,080440,,SLV,,246253277.0,18033838.0,- Aguacates (paltas).
Exportaciones,2009,080440,,USA,,6530858906.0,480733607.0,- Aguacates (paltas).
Exportaciones,2009,080440,,ZYA,,67101343.0,4938729.0,- Aguacates (paltas).
Exportaciones,2009,08044001,Kg,,337976510.0,8764599938.0,645411512.0,Aguacates (paltas).
Exportaciones,2009,08044001,Kg,BEL,,,,Aguacates (paltas).
Exportaciones,2009,08044001,Kg,BLZ,,,,Aguacates (paltas).
Exportaciones,2009,08044001,Kg,CAN,22583239.0,594004757.0,44048810.0,Aguacates (paltas).
Exportaciones,2009,08044001,Kg,CHL,,,,Aguacates (paltas).
Exportaciones,2009,08044001,Kg,CHN,,,,Aguacates (paltas).
Exportaciones,2009,08044001,Kg,CRI,6990670.0,181161402.0,13330781.0,Aguacates (paltas).
Exportaciones,2009,08044001,Kg,DEU,275082.0,5889580.0,445772.0,Aguacates (paltas).
Exportaciones,2009,08044001,Kg,ESP,916081.0,21793719.0,1555869.0,Aguacates (paltas).
Exportaciones,2009,08044001,Kg,FRA,6028385.0,141396029.0,10251847.0,Aguacates (paltas).
Exportaciones,2009,08044001,Kg,GBR,281101.0,5924023.0,443376.0,Aguacates (paltas).
Exportaciones,2009,08044001,Kg,GTM,,,,Aguacates (paltas).
Exportaciones,2009,08044001,Kg,HKG,,,,Aguacates (paltas).
Exportaciones,2009,08044001,Kg,HND,5644838.0,131782269.0,9673901.0,Aguacates (paltas).
Exportaciones,2009,08044001,Kg,JPN,26212169.0,704932540.0,52096641.0,Aguacates (paltas).
Exportaciones,2009,08044001,Kg,KOR,,,,Aguacates (paltas).
Exportaciones,2009,08044001,Kg,SGP,,,,Aguacates (paltas).
Exportaciones,2009,08044001,Kg,SLV,10198756.0,246253277.0,18033838.0,Aguacates (paltas).
Exportaciones,2009,08044001,Kg,USA,250784932.0,6530858906.0,480733607.0,Aguacates (paltas).
Exportaciones,2009,08044001,Kg,ZYA,2774305.0,67101343.0,4938729.0,Aguacates (paltas).
Importaciones,2009,080440,,,,,,- Aguacates (paltas).
Importaciones,2009,080440,,USA,,,,- Aguacates (paltas).
Importaciones,2009,08044001,Kg,,,,,Aguacates (paltas).
Importaciones,2009,08044001,Kg,USA,,,,Aguacates (paltas).
Exportaciones,2010,080440,,,,7614064913.0,603650640.0,- Aguacates (paltas).
Exportaciones,2010,080440,,ARE,,5852.0,457.0,- Aguacates (paltas).
Exportaciones,2010,080440,,ARG,,,,- Aguacates (paltas).
Exportaciones,2010,080440,,BLZ,,,,- Aguacates (paltas).
Exportaciones,2010,080440,,CAN,,595789080.0,47159461.0,- Aguacates (paltas).
Exportaciones,2010,080440,,CHN,,58235.0,4635.0,- Aguacates (paltas).
Exportaciones,2010,080440,,CRI,,180350201.0,14295318.0,- Aguacates (paltas).
Exportaciones,2010,080440,,DEU,,3479887.0,270048.0,- Aguacates (paltas).
Exportaciones,2010,080440,,ESP,,26367524.0,2094871.0,- Aguacates (paltas).
Exportaciones,2010,080440,,FRA,,86972882.0,6889876.0,- Aguacates (paltas).
Exportaciones,2010,080440,,GBR,,6166996.0,486899.0,- Aguacates (paltas).
Exportaciones,2010,080440,,GTM,,,,- Aguacates (paltas).
Exportaciones,2010,080440,,HKG,,8296180.0,660409.0,- Aguacates (paltas).
Exportaciones,2010,080440,,HND,,127259672.0,10109261.0,- Aguacates (paltas).
Exportaciones,2010,080440,,JPN,,917163819.0,72594070.0,- Aguacates (paltas).
Exportaciones,2010,080440,,KEN,,,,- Aguacates (paltas).
Exportaciones,2010,080440,,KOR,,,,- Aguacates (paltas).
Exportaciones,2010,080440,,SGP,,,,- Aguacates (paltas).
Exportaciones,2010,080440,,SLV,,176290068.0,13993948.0,- Aguacates (paltas).
Exportaciones,2010,080440,,USA,,5351571923.0,424470704.0,- Aguacates (paltas).
Exportaciones,2010,080440,,ZYA,,37784739.0,2979371.0,- Aguacates (paltas).
Exportaciones,2010,08044001,Kg,,326127315.0,7614064913.0,603650640.0,Aguacates (paltas).
Exportaciones,2010,08044001,Kg,ARE,275.0,5852.0,457.0,Aguacates (paltas).
Exportaciones,2010,08044001,Kg,ARG,,,,Aguacates (paltas).
Exportaciones,2010,08044001,Kg,BLZ,,,,Aguacates (paltas).
Exportaciones,2010,08044001,Kg,CAN,25180927.0,595789080.0,47159461.0,Aguacates (paltas).
Exportaciones,2010,08044001,Kg,CHN,2230.0,58235.0,4635.0,Aguacates (paltas).
Exportaciones,2010,08044001,Kg,CRI,7707872.0,180350201.0,14295318.0,Aguacates (paltas).
Exportaciones,2010,08044001,Kg,DEU,169570.0,3479887.0,270048.0,Aguacates (paltas).
Exportaciones,2010,08044001,Kg,ESP,1128964.0,26367524.0,2094871.0,Aguacates (paltas).
Exportaciones,2010,08044001,Kg,FRA,3866599.0,86972882.0,6889876.0,Aguacates (paltas).
Exportaciones,2010,08044001,Kg,GBR,279854.0,6166996.0,486899.0,Aguacates (paltas).
Exportaciones,2010,08044001,Kg,GTM,,,,Aguacates (paltas).
Exportaciones,2010,08044001,Kg,HKG,385362.0,8296180.0,660409.0,Aguacates (paltas).
Exportaciones,2010,08044001,Kg,HND,5687698.0,127259672.0,10109261.0,Aguacates (paltas).
Exportaciones,2010,08044001,Kg,JPN,38211374.0,917163819.0,72594070.0,Aguacates (paltas).
Exportaciones,2010,08044001,Kg,KEN,,,,Aguacates (paltas).
Exportaciones,2010,08044001,Kg,KOR,,,,Aguacates (paltas).
Exportaciones,2010,08044001,Kg,SGP,,,,Aguacates (paltas).
Exportaciones,2010,08044001,Kg,SLV,7767980.0,176290068.0,13993948.0,Aguacates (paltas).
Exportaciones,2010,08044001,Kg,USA,229890058.0,5351571923.0,424470704.0,Aguacates (paltas).
Exportaciones,2010,08044001,Kg,ZYA,1679860.0,37784739.0,2979371.0,Aguacates (paltas).
Importaciones,2010,080440,,,,102142307.0,8024692.0,- Aguacates (paltas).
Importaciones,2010,080440,,USA,,102142307.0,8024692.0,- Aguacates (paltas).
Importaciones,2010,08044001,Kg,,6597701.0,102142307.0,8024692.0,Aguacates (paltas).
Importaciones,2010,08044001,Kg,USA,6597701.0,102142307.0,8024692.0,Aguacates (paltas).
Exportaciones,2011,080440,,,,10387863874.0,837332571.0,- Aguacates (paltas).
Exportaciones,2011,080440,,CAN,,698550149.0,56619331.0,- Aguacates (paltas).
Exportaciones,2011,080440,,CHN,,,,- Aguacates (paltas).
Exportaciones,2011,080440,,CRI,,201293376.0,16188094.0,- Aguacates (paltas).
Exportaciones,2011,080440,,DEU,,697123.0,52045.0,- Aguacates (paltas).
Exportaciones,2011,080440,,ESP,,8462346.0,639567.0,- Aguacates (paltas).
Exportaciones,2011,080440,,FRA,,28785042.0,2120199.0,- Aguacates (paltas).
Exportaciones,2011,080440,,GBR,,,,- Aguacates (paltas).
Exportaciones,2011,080440,,GTM,,46062995.0,3640601.0,- Aguacates (paltas).
Exportaciones,2011,080440,,HKG,,14503683.0,1144507.0,- Aguacates (paltas).
Exportaciones,2011,080440,,HND,,107989667.0,8345353.0,- Aguacates (paltas).
Exportaciones,2011,080440,,JPN,,993218646.0,80613457.0,- Aguacates (paltas).
Exportaciones,2011,080440,,KOR,,,,- Aguacates (paltas).
Exportaciones,2011,080440,,POL,,3757.0,300.0,- Aguacates (paltas).
Exportaciones,2011,080440,,SLV,,187461791.0,14553307.0,- Aguacates (paltas).
Exportaciones,2011,080440,,USA,,8065977578.0,650700636.0,- Aguacates (paltas).
Exportaciones,2011,080440,,ZYA,,15948978.0,1247218.0,- Aguacates (paltas).
Exportaciones,2011,08044001,Kg,,347208741.0,10387863874.0,837332571.0,Aguacates (paltas).
Exportaciones,2011,08044001,Kg,CAN,22891167.0,698550149.0,56619331.0,Aguacates (paltas).
Exportaciones,2011,08044001,Kg,CHN,,,,Aguacates (paltas).
Exportaciones,2011,08044001,Kg,CRI,6882740.0,201293376.0,16188094.0,Aguacates (paltas).
Exportaciones,2011,08044001,Kg,DEU,22364.0,697123.0,52045.0,Aguacates (paltas).
Exportaciones,2011,08044001,Kg,ESP,322914.0,8462346.0,639567.0,Aguacates (paltas).
Exportaciones,2011,08044001,Kg,FRA,1173496.0,28785042.0,2120199.0,Aguacates (paltas).
Exportaciones,2011,08044001,Kg,GBR,,,,Aguacates (paltas).
Exportaciones,2011,08044001,Kg,GTM,1599715.0,46062995.0,3640601.0,Aguacates (paltas).
Exportaciones,2011,08044001,Kg,HKG,527788.0,14503683.0,1144507.0,Aguacates (paltas).
Exportaciones,2011,08044001,Kg,HND,4158585.0,107989667.0,8345353.0,Aguacates (paltas).
Exportaciones,2011,08044001,Kg,JPN,31852355.0,993218646.0,80613457.0,Aguacates (paltas).
Exportaciones,2011,08044001,Kg,KOR,,,,Aguacates (paltas).
Exportaciones,2011,08044001,Kg,POL,128.0,3757.0,300.0,Aguacates (paltas).
Exportaciones,2011,08044001,Kg,SLV,6952491.0,187461791.0,14553307.0,Aguacates (paltas).
Exportaciones,2011,08044001,Kg,USA,269600426.0,8065977578.0,650700636.0,Aguacates (paltas).
Exportaciones,2011,08044001,Kg,ZYA,594519.0,15948978.0,1247218.0,Aguacates (paltas).
Importaciones,2011,080440,,,,23795513.0,2010197.0,- Aguacates (paltas).
Importaciones,2011,080440,,USA,,23795513.0,2010197.0,- Aguacates (paltas).
Importaciones,2011,08044001,Kg,,939854.0,23795513.0,2010197.0,Aguacates (paltas).
Importaciones,2011,08044001,Kg,USA,939854.0,23795513.0,2010197.0,Aguacates (paltas).
Exportaciones,2012,080440,,,,6269050320.0,473782617.0,- Aguacates (paltas).
Exportaciones,2012,080440,,CAN,,426439558.0,32234202.0,- Aguacates (paltas).
Exportaciones,2012,080440,,CHN,,826.0,64.0,- Aguacates (paltas).
Exportaciones,2012,080440,,CRI,,147281067.0,11174994.0,- Aguacates (paltas).
Exportaciones,2012,080440,,DEU,,7317.0,562.0,- Aguacates (paltas).
Exportaciones,2012,080440,,ESP,,2213919.0,171670.0,- Aguacates (paltas).
Exportaciones,2012,080440,,FRA,,2102990.0,156260.0,- Aguacates (paltas).
Exportaciones,2012,080440,,GBR,,514758.0,40585.0,- Aguacates (paltas).
Exportaciones,2012,080440,,GTM,,,,- Aguacates (paltas).
Exportaciones,2012,080440,,HKG,,,,- Aguacates (paltas).
Exportaciones,2012,080440,,HND,,112969577.0,8597882.0,- Aguacates (paltas).
Exportaciones,2012,080440,,JPN,,643075902.0,48413983.0,- Aguacates (paltas).
Exportaciones,2012,080440,,PAN,,,,- Aguacates (paltas).
Exportaciones,2012,080440,,SLV,,,,- Aguacates (paltas).
Exportaciones,2012,080440,,USA,,4736949917.0,358012208.0,- Aguacates (paltas).
Exportaciones,2012,080440,,ZYA,,6508686.0,500690.0,- Aguacates (paltas).
Exportaciones,2012,08044001,Kg,,240454248.0,6269050320.0,473782617.0,Aguacates (paltas).
Exportaciones,2012,08044001,Kg,CAN,16303749.0,426439558.0,32234202.0,Aguacates (paltas).
Exportaciones,2012,08044001,Kg,CHN,35.0,826.0,64.0,Aguacates (paltas).
Exportaciones,2012,08044001,Kg,CRI,5701124.0,147281067.0,11174994.0,Aguacates (paltas).
Exportaciones,2012,08044001,Kg,DEU,309.0,7317.0,562.0,Aguacates (paltas).
Exportaciones,2012,08044001,Kg,ESP,84480.0,2213919.0,171670.0,Aguacates (paltas).
Exportaciones,2012,08044001,Kg,FRA,84480.0,2102990.0,156260.0,Aguacates (paltas).
Exportaciones,2012,08044001,Kg,GBR,20796.0,514758.0,40585.0,Aguacates (paltas).
Exportaciones,2012,08044001,Kg,GTM,,,,Aguacates (paltas).
Exportaciones,2012,08044001,Kg,HKG,,,,Aguacates (paltas).
Exportaciones,2012,08044001,Kg,HND,4426171.0,112969577.0,8597882.0,Aguacates (paltas).
Exportaciones,2012,08044001,Kg,JPN,24429684.0,643075902.0,48413983.0,Aguacates (paltas).
Exportaciones,2012,08044001,Kg,PAN,,,,Aguacates (paltas).
Exportaciones,2012,08044001,Kg,SLV,,,,Aguacates (paltas).
Exportaciones,2012,08044001,Kg,USA,181725448.0,4736949917.0,358012208.0,Aguacates (paltas).
Exportaciones,2012,08044001,Kg,ZYA,250556.0,6508686.0,500690.0,Aguacates (paltas).
Exportaciones,2012,080440,,,,5268165024.0,404125699.0,- Aguacates (paltas).
Exportaciones,2012,080440,,BEL,,,,- Aguacates (paltas).
Exportaciones,2012,080440,,CAN,,358036535.0,27402419.0,- Aguacates (paltas).
Exportaciones,2012,080440,,CHN,,1188869.0,92156.0,- Aguacates (paltas).
Exportaciones,2012,080440,,CRI,,103805565.0,7945854.0,- Aguacates (paltas).
Exportaciones,2012,080440,,DEU,,518611.0,39321.0,- Aguacates (paltas).
Exportaciones,2012,080440,,ESP,,38669055.0,2962723.0,- Aguacates (paltas).
Exportaciones,2012,080440,,FRA,,28106848.0,2170680.0,- Aguacates (paltas).
Exportaciones,2012,080440,,GBR,,10325224.0,787699.0,- Aguacates (paltas).
Exportaciones,2012,080440,,GTM,,,,- Aguacates (paltas).
Exportaciones,2012,080440,,HKG,,,,- Aguacates (paltas).
Exportaciones,2012,080440,,HND,,67742652.0,5204214.0,- Aguacates (paltas).
Exportaciones,2012,080440,,JPN,,551657185.0,42248279.0,- Aguacates (paltas).
Exportaciones,2012,080440,,KOR,,,,- Aguacates (paltas).
Exportaciones,2012,080440,,PAN,,,,- Aguacates (paltas).
Exportaciones,2012,080440,,PRT,,,,- Aguacates (paltas).
Exportaciones,2012,080440,,SGP,,,,- Aguacates (paltas).
Exportaciones,2012,080440,,SLV,,,,- Aguacates (paltas).
Exportaciones,2012,080440,,SWE,,,,- Aguacates (paltas).
Exportaciones,2012,080440,,USA,,3927412369.0,301412589.0,- Aguacates (paltas).
Exportaciones,2012,080440,,ZYA,,16800523.0,1290310.0,- Aguacates (paltas).
Exportaciones,2012,08044001,Kg,,254026541.0,5268165024.0,404125699.0,Aguacates (paltas).
Exportaciones,2012,08044001,Kg,BEL,,,,Aguacates (paltas).
Exportaciones,2012,08044001,Kg,CAN,16921788.0,358036535.0,27402419.0,Aguacates (paltas).
Exportaciones,2012,08044001,Kg,CHN,57600.0,1188869.0,92156.0,Aguacates (paltas).
Exportaciones,2012,08044001,Kg,CRI,4925580.0,103805565.0,7945854.0,Aguacates (paltas).
Exportaciones,2012,08044001,Kg,DEU,21120.0,518611.0,39321.0,Aguacates (paltas).
Exportaciones,2012,08044001,Kg,ESP,1852757.0,38669055.0,2962723.0,Aguacates (paltas).
Exportaciones,2012,08044001,Kg,FRA,1415146.0,28106848.0,2170680.0,Aguacates (paltas).
Exportaciones,2012,08044001,Kg,GBR,474828.0,10325224.0,787699.0,Aguacates (paltas).
Exportaciones,2012,08044001,Kg,GTM,,,,Aguacates (paltas).
Exportaciones,2012,08044001,Kg,HKG,,,,Aguacates (paltas).
Exportaciones,2012,08044001,Kg,HND,3343778.0,67742652.0,5204214.0,Aguacates (paltas).
Exportaciones,2012,08044001,Kg,JPN,25873108.0,551657185.0,42248279.0,Aguacates (paltas).
Exportaciones,2012,08044001,Kg,KOR,,,,Aguacates (paltas).
Exportaciones,2012,08044001,Kg,PAN,,,,Aguacates (paltas).
Exportaciones,2012,08044001,Kg,PRT,,,,Aguacates (paltas).
Exportaciones,2012,08044001,Kg,SGP,,,,Aguacates (paltas).
Exportaciones,2012,08044001,Kg,SLV,,,,Aguacates (paltas).
Exportaciones,2012,08044001,Kg,SWE,,,,Aguacates (paltas).
Exportaciones,2012,08044001,Kg,USA,190495897.0,3927412369.0,301412589.0,Aguacates (paltas).
Exportaciones,2012,08044001,Kg,ZYA,802036.0,16800523.0,1290310.0,Aguacates (paltas).
Importaciones,2012,080440,,,,6659469.0,486890.0,- Aguacates (paltas).
Importaciones,2012,080440,,USA,,6659469.0,486890.0,- Aguacates (paltas).
Importaciones,2012,08044001,Kg,,641127.0,6659469.0,486890.0,Aguacates (paltas).
Importaciones,2012,08044001,Kg,USA,641127.0,6659469.0,486890.0,Aguacates (paltas).
Importaciones,2012,080440,,,,2115383.0,159459.0,- Aguacates (paltas).
Importaciones,2012,080440,,USA,,2115383.0,159459.0,- Aguacates (paltas).
Importaciones,2012,08044001,Kg,,282176.0,2115383.0,159459.0,Aguacates (paltas).
Importaciones,2012,08044001,Kg,USA,282176.0,2115383.0,159459.0,Aguacates (paltas).
Exportaciones,2013,080440,,,,14110966781.0,1106273671.0,- Aguacates (paltas).
Exportaciones,2013,080440,,BEL,,,,- Aguacates (paltas).
Exportaciones,2013,080440,,CAN,,876876373.0,68646243.0,- Aguacates (paltas).
Exportaciones,2013,080440,,CHN,,,,- Aguacates (paltas).
Exportaciones,2013,080440,,CRI,,,,- Aguacates (paltas).
Exportaciones,2013,080440,,DEU,,2337244.0,183386.0,- Aguacates (paltas).
Exportaciones,2013,080440,,ESP,,48914113.0,3827872.0,- Aguacates (paltas).
Exportaciones,2013,080440,,FRA,,124665661.0,9708624.0,- Aguacates (paltas).
Exportaciones,2013,080440,,GBR,,2389276.0,188522.0,- Aguacates (paltas).
Exportaciones,2013,080440,,GTM,,86445791.0,6774222.0,- Aguacates (paltas).
Exportaciones,2013,080440,,HKG,,,,- Aguacates (paltas).
Exportaciones,2013,080440,,HND,,184990295.0,14524542.0,- Aguacates (paltas).
Exportaciones,2013,080440,,ISR,,,,- Aguacates (paltas).
Exportaciones,2013,080440,,JPN,,1327219717.0,104020453.0,- Aguacates (paltas).
Exportaciones,2013,080440,,KOR,,,,- Aguacates (paltas).
Exportaciones,2013,080440,,PAN,,,,- Aguacates (paltas).
Exportaciones,2013,080440,,PRT,,,,- Aguacates (paltas).
Exportaciones,2013,080440,,RUS,,,,- Aguacates (paltas).
Exportaciones,2013,080440,,SGP,,,,- Aguacates (paltas).
Exportaciones,2013,080440,,SLV,,259394515.0,20237819.0,- Aguacates (paltas).
Exportaciones,2013,080440,,USA,,10860396041.0,851756482.0,- Aguacates (paltas).
Exportaciones,2013,080440,,ZYA,,23901414.0,1832089.0,- Aguacates (paltas).
Exportaciones,2013,08044001,Kg,,563492220.0,14110966781.0,1106273671.0,Aguacates (paltas).
Exportaciones,2013,08044001,Kg,BEL,,,,Aguacates (paltas).
Exportaciones,2013,08044001,Kg,CAN,34059976.0,876876373.0,68646243.0,Aguacates (paltas).
Exportaciones,2013,08044001,Kg,CHN,,,,Aguacates (paltas).
Exportaciones,2013,08044001,Kg,CRI,,,,Aguacates (paltas).
Exportaciones,2013,08044001,Kg,DEU,120450.0,2337244.0,183386.0,Aguacates (paltas).
Exportaciones,2013,08044001,Kg,ESP,2174019.0,48914113.0,3827872.0,Aguacates (paltas).
Exportaciones,2013,08044001,Kg,FRA,5147958.0,124665661.0,9708624.0,Aguacates (paltas).
Exportaciones,2013,08044001,Kg,GBR,123069.0,2389276.0,188522.0,Aguacates (paltas).
Exportaciones,2013,08044001,Kg,GTM,3345483.0,86445791.0,6774222.0,Aguacates (paltas).
Exportaciones,2013,08044001,Kg,HKG,,,,Aguacates (paltas).
Exportaciones,2013,08044001,Kg,HND,7810180.0,184990295.0,14524542.0,Aguacates (paltas).
Exportaciones,2013,08044001,Kg,ISR,,,,Aguacates (paltas).
Exportaciones,2013,08044001,Kg,JPN,51686819.0,1327219717.0,104020453.0,Aguacates (paltas).
Exportaciones,2013,08044001,Kg,KOR,,,,Aguacates (paltas).
Exportaciones,2013,08044001,Kg,PAN,,,,Aguacates (paltas).
Exportaciones,2013,08044001,Kg,PRT,,,,Aguacates (paltas).
Exportaciones,2013,08044001,Kg,RUS,,,,Aguacates (paltas).
Exportaciones,2013,08044001,Kg,SGP,,,,Aguacates (paltas).
Exportaciones,2013,08044001,Kg,SLV,10519756.0,259394515.0,20237819.0,Aguacates (paltas).
Exportaciones,2013,08044001,Kg,USA,435403488.0,10860396041.0,851756482.0,Aguacates (paltas).
Exportaciones,2013,08044001,Kg,ZYA,802942.0,23901414.0,1832089.0,Aguacates (paltas).
Importaciones,2013,080440,,,,30321712.0,2362954.0,- Aguacates (paltas).
Importaciones,2013,080440,,USA,,30321712.0,2362954.0,- Aguacates (paltas).
Importaciones,2013,08044001,Kg,,2211267.0,30321712.0,2362954.0,Aguacates (paltas).
Importaciones,2013,08044001,Kg,USA,2211267.0,30321712.0,2362954.0,Aguacates (paltas).
Exportaciones,2014,080440,,,,18601811858.0,1395256903.0,- Aguacates (paltas).
Exportaciones,2014,080440,,AUS,,,,- Aguacates (paltas).
Exportaciones,2014,080440,,BEL,,,,- Aguacates (paltas).
Exportaciones,2014,080440,,BHR,,,,- Aguacates (paltas).
Exportaciones,2014,080440,,BLZ,,,,- Aguacates (paltas).
Exportaciones,2014,080440,,CAN,,1048793509.0,78854932.0,- Aguacates (paltas).
Exportaciones,2014,080440,,CHL,,,,- Aguacates (paltas).
Exportaciones,2014,080440,,CHN,,112065799.0,8277849.0,- Aguacates (paltas).
Exportaciones,2014,080440,,CRI,,282039332.0,21290002.0,- Aguacates (paltas).
Exportaciones,2014,080440,,DEU,,7809479.0,588528.0,- Aguacates (paltas).
Exportaciones,2014,080440,,ESP,,67677507.0,4979716.0,- Aguacates (paltas).
Exportaciones,2014,080440,,FRA,,183054270.0,13478227.0,- Aguacates (paltas).
Exportaciones,2014,080440,,GBR,,,,- Aguacates (paltas).
Exportaciones,2014,080440,,GTM,,,,- Aguacates (paltas).
Exportaciones,2014,080440,,HKG,,,,- Aguacates (paltas).
Exportaciones,2014,080440,,HND,,164211659.0,12308958.0,- Aguacates (paltas).
Exportaciones,2014,080440,,IRL,,,,- Aguacates (paltas).
Exportaciones,2014,080440,,ISR,,,,- Aguacates (paltas).
Exportaciones,2014,080440,,ITA,,,,- Aguacates (paltas).
Exportaciones,2014,080440,,JPN,,1490495826.0,112262250.0,- Aguacates (paltas).
Exportaciones,2014,080440,,MCO,,,,- Aguacates (paltas).
Exportaciones,2014,080440,,MYS,,,,- Aguacates (paltas).
Exportaciones,2014,080440,,PER,,,,- Aguacates (paltas).
Exportaciones,2014,080440,,RUS,,,,- Aguacates (paltas).
Exportaciones,2014,080440,,SAU,,,,- Aguacates (paltas).
Exportaciones,2014,080440,,SGP,,,,- Aguacates (paltas).
Exportaciones,2014,080440,,SLV,,264774922.0,19803042.0,- Aguacates (paltas).
Exportaciones,2014,080440,,SWE,,,,- Aguacates (paltas).
Exportaciones,2014,080440,,USA,,14822232958.0,1111531981.0,- Aguacates (paltas).
Exportaciones,2014,080440,,ZYA,,39680849.0,2952082.0,- Aguacates (paltas).
Exportaciones,2014,08044001,Kg,,648728865.0,18601811858.0,1395256903.0,Aguacates (paltas).
Exportaciones,2014,08044001,Kg,AUS,,,,Aguacates (paltas).
Exportaciones,2014,08044001,Kg,BEL,,,,Aguacates (paltas).
Exportaciones,2014,08044001,Kg,BHR,,,,Aguacates (paltas).
Exportaciones,2014,08044001,Kg,BLZ,,,,Aguacates (paltas).
Exportaciones,2014,08044001,Kg,CAN,36411242.0,1048793509.0,78854932.0,Aguacates (paltas).
Exportaciones,2014,08044001,Kg,CHL,,,,Aguacates (paltas).
Exportaciones,2014,08044001,Kg,CHN,3720757.0,112065799.0,8277849.0,Aguacates (paltas).
Exportaciones,2014,08044001,Kg,CRI,9899056.0,282039332.0,21290002.0,Aguacates (paltas).
Exportaciones,2014,08044001,Kg,DEU,275174.0,7809479.0,588528.0,Aguacates (paltas).
Exportaciones,2014,08044001,Kg,ESP,2510204.0,67677507.0,4979716.0,Aguacates (paltas).
Exportaciones,2014,08044001,Kg,FRA,6720169.0,183054270.0,13478227.0,Aguacates (paltas).
Exportaciones,2014,08044001,Kg,GBR,,,,Aguacates (paltas).
Exportaciones,2014,08044001,Kg,GTM,,,,Aguacates (paltas).
Exportaciones,2014,08044001,Kg,HKG,,,,Aguacates (paltas).
Exportaciones,2014,08044001,Kg,HND,6228316.0,164211659.0,12308958.0,Aguacates (paltas).
Exportaciones,2014,08044001,Kg,IRL,,,,Aguacates (paltas).
Exportaciones,2014,08044001,Kg,ISR,,,,Aguacates (paltas).
Exportaciones,2014,08044001,Kg,ITA,,,,Aguacates (paltas).
Exportaciones,2014,08044001,Kg,JPN,50974635.0,1490495826.0,112262250.0,Aguacates (paltas).
Exportaciones,2014,08044001,Kg,MCO,,,,Aguacates (paltas).
Exportaciones,2014,08044001,Kg,MYS,,,,Aguacates (paltas).
Exportaciones,2014,08044001,Kg,PER,,,,Aguacates (paltas).
Exportaciones,2014,08044001,Kg,RUS,,,,Aguacates (paltas).
Exportaciones,2014,08044001,Kg,SAU,,,,Aguacates (paltas).
Exportaciones,2014,08044001,Kg,SGP,,,,Aguacates (paltas).
Exportaciones,2014,08044001,Kg,SLV,10266000.0,264774922.0,19803042.0,Aguacates (paltas).
Exportaciones,2014,08044001,Kg,SWE,,,,Aguacates (paltas).
Exportaciones,2014,08044001,Kg,USA,516085064.0,14822232958.0,1111531981.0,Aguacates (paltas).
Exportaciones,2014,08044001,Kg,ZYA,1426750.0,39680849.0,2952082.0,Aguacates (paltas).
Importaciones,2014,080440,,,,,,- Aguacates (paltas).
Importaciones,2014,080440,,USA,,,,- Aguacates (paltas).
Importaciones,2014,08044001,Kg,,,,,Aguacates (paltas).
Importaciones,2014,08044001,Kg,USA,,,,Aguacates (paltas).
Exportaciones,2015,080440,,,,25845406342.0,1632471210.0,- Aguacates (paltas).
Exportaciones,2015,080440,,ABW,,,,- Aguacates (paltas).
Exportaciones,2015,080440,,ARE,,,,- Aguacates (paltas).
Exportaciones,2015,080440,,BEL,,3508397.0,228242.0,- Aguacates (paltas).
Exportaciones,2015,080440,,CAN,,1638153895.0,103536840.0,- Aguacates (paltas).
Exportaciones,2015,080440,,CHE,,,,- Aguacates (paltas).
Exportaciones,2015,080440,,CHL,,36802902.0,2415382.0,- Aguacates (paltas).
Exportaciones,2015,080440,,CHN,,387536753.0,24361195.0,- Aguacates (paltas).
Exportaciones,2015,080440,,CRI,,181110191.0,12014654.0,- Aguacates (paltas).
Exportaciones,2015,080440,,DEU,,12473033.0,771544.0,- Aguacates (paltas).
Exportaciones,2015,080440,,ESP,,261767882.0,15901177.0,- Aguacates (paltas).
Exportaciones,2015,080440,,FIN,,,,- Aguacates (paltas).
Exportaciones,2015,080440,,FRA,,310813033.0,19212830.0,- Aguacates (paltas).
Exportaciones,2015,080440,,GBR,,3999281.0,241613.0,- Aguacates (paltas).
Exportaciones,2015,080440,,GTM,,107653716.0,6810041.0,- Aguacates (paltas).
Exportaciones,2015,080440,,HKG,,35854190.0,2240837.0,- Aguacates (paltas).
Exportaciones,2015,080440,,HND,,266681004.0,17021039.0,- Aguacates (paltas).
Exportaciones,2015,080440,,ITA,,,,- Aguacates (paltas).
Exportaciones,2015,080440,,JPN,,1656409034.0,104798253.0,- Aguacates (paltas).
Exportaciones,2015,080440,,KOR,,,,- Aguacates (paltas).
Exportaciones,2015,080440,,KWT,,,,- Aguacates (paltas).
Exportaciones,2015,080440,,MYS,,,,- Aguacates (paltas).
Exportaciones,2015,080440,,PAN,,3300363.0,198091.0,- Aguacates (paltas).
Exportaciones,2015,080440,,PRT,,,,- Aguacates (paltas).
Exportaciones,2015,080440,,QAT,,,,- Aguacates (paltas).
Exportaciones,2015,080440,,RUS,,,,- Aguacates (paltas).
Exportaciones,2015,080440,,SAU,,,,- Aguacates (paltas).
Exportaciones,2015,080440,,SGP,,2259387.0,134865.0,- Aguacates (paltas).
Exportaciones,2015,080440,,SLV,,300045832.0,19045571.0,- Aguacates (paltas).
Exportaciones,2015,080440,,USA,,20453346884.0,1292415776.0,- Aguacates (paltas).
Exportaciones,2015,080440,,ZYA,,155770472.0,9424222.0,- Aguacates (paltas).
Exportaciones,2015,08044001,Kg,,863503035.0,25845406342.0,1632471210.0,Aguacates (paltas).
Exportaciones,2015,08044001,Kg,ABW,,,,Aguacates (paltas).
Exportaciones,2015,08044001,Kg,ARE,,,,Aguacates (paltas).
Exportaciones,2015,08044001,Kg,BEL,111181.0,3508397.0,228242.0,Aguacates (paltas).
Exportaciones,2015,08044001,Kg,CAN,54459085.0,1638153895.0,103536840.0,Aguacates (paltas).
Exportaciones,2015,08044001,Kg,CHE,,,,Aguacates (paltas).
Exportaciones,2015,08044001,Kg,CHL,1122240.0,36802902.0,2415382.0,Aguacates (paltas).
Exportaciones,2015,08044001,Kg,CHN,12947301.0,387536753.0,24361195.0,Aguacates (paltas).
Exportaciones,2015,08044001,Kg,CRI,5735412.0,181110191.0,12014654.0,Aguacates (paltas).
Exportaciones,2015,08044001,Kg,DEU,423975.0,12473033.0,771544.0,Aguacates (paltas).
Exportaciones,2015,08044001,Kg,ESP,9167097.0,261767882.0,15901177.0,Aguacates (paltas).
Exportaciones,2015,08044001,Kg,FIN,,,,Aguacates (paltas).
Exportaciones,2015,08044001,Kg,FRA,10810887.0,310813033.0,19212830.0,Aguacates (paltas).
Exportaciones,2015,08044001,Kg,GBR,145277.0,3999281.0,241613.0,Aguacates (paltas).
Exportaciones,2015,08044001,Kg,GTM,3558600.0,107653716.0,6810041.0,Aguacates (paltas).
Exportaciones,2015,08044001,Kg,HKG,1201114.0,35854190.0,2240837.0,Aguacates (paltas).
Exportaciones,2015,08044001,Kg,HND,8878530.0,266681004.0,17021039.0,Aguacates (paltas).
Exportaciones,2015,08044001,Kg,ITA,,,,Aguacates (paltas).
Exportaciones,2015,08044001,Kg,JPN,54738748.0,1656409034.0,104798253.0,Aguacates (paltas).
Exportaciones,2015,08044001,Kg,KOR,,,,Aguacates (paltas).
Exportaciones,2015,08044001,Kg,KWT,,,,Aguacates (paltas).
Exportaciones,2015,08044001,Kg,MYS,,,,Aguacates (paltas).
Exportaciones,2015,08044001,Kg,PAN,118199.0,3300363.0,198091.0,Aguacates (paltas).
Exportaciones,2015,08044001,Kg,PRT,,,,Aguacates (paltas).
Exportaciones,2015,08044001,Kg,QAT,,,,Aguacates (paltas).
Exportaciones,2015,08044001,Kg,RUS,,,,Aguacates (paltas).
Exportaciones,2015,08044001,Kg,SAU,,,,Aguacates (paltas).
Exportaciones,2015,08044001,Kg,SGP,85169.0,2259387.0,134865.0,Aguacates (paltas).
Exportaciones,2015,08044001,Kg,SLV,10245616.0,300045832.0,19045571.0,Aguacates (paltas).
Exportaciones,2015,08044001,Kg,USA,683385638.0,20453346884.0,1292415776.0,Aguacates (paltas).
Exportaciones,2015,08044001,Kg,ZYA,5392908.0,155770472.0,9424222.0,Aguacates (paltas).
Exportaciones,2016,080440,,,,39437510013.0,2102992076.0,- Aguacates (paltas).
Exportaciones,2016,080440,,ARE,,28201241.0,1467755.0,- Aguacates (paltas).
Exportaciones,2016,080440,,ARG,,9789113.0,551722.0,- Aguacates (paltas).
Exportaciones,2016,080440,,BEL,,12170886.0,660031.0,- Aguacates (paltas).
Exportaciones,2016,080440,,BHR,,3212304.0,166126.0,- Aguacates (paltas).
Exportaciones,2016,080440,,CAN,,2955877512.0,157508431.0,- Aguacates (paltas).
Exportaciones,2016,080440,,CHE,,31789877.0,1699875.0,- Aguacates (paltas).
Exportaciones,2016,080440,,CHL,,67987041.0,3878285.0,- Aguacates (paltas).
Exportaciones,2016,080440,,CHN,,,,- Aguacates (paltas).
Exportaciones,2016,080440,,DEU,,51133641.0,2774591.0,- Aguacates (paltas).
Exportaciones,2016,080440,,ESP,,756000615.0,40574328.0,- Aguacates (paltas).
Exportaciones,2016,080440,,FIN,,,,- Aguacates (paltas).
Exportaciones,2016,080440,,FRA,,696872228.0,36887450.0,- Aguacates (paltas).
Exportaciones,2016,080440,,GBR,,54175342.0,2897163.0,- Aguacates (paltas).
Exportaciones,2016,080440,,GTM,,,,- Aguacates (paltas).
Exportaciones,2016,080440,,HKG,,96332202.0,5089950.0,- Aguacates (paltas).
Exportaciones,2016,080440,,HND,,330620782.0,17596821.0,- Aguacates (paltas).
Exportaciones,2016,080440,,IRL,,,,- Aguacates (paltas).
Exportaciones,2016,080440,,ITA,,,,- Aguacates (paltas).
Exportaciones,2016,080440,,JPN,,3025297905.0,161459464.0,- Aguacates (paltas).
Exportaciones,2016,080440,,KOR,,,,- Aguacates (paltas).
Exportaciones,2016,080440,,KWT,,,,- Aguacates (paltas).
Exportaciones,2016,080440,,MYS,,,,- Aguacates (paltas).
Exportaciones,2016,080440,,PAN,,11886541.0,651534.0,- Aguacates (paltas).
Exportaciones,2016,080440,,PRT,,,,- Aguacates (paltas).
Exportaciones,2016,080440,,QAT,,,,- Aguacates (paltas).
Exportaciones,2016,080440,,RUS,,,,- Aguacates (paltas).
Exportaciones,2016,080440,,SAU,,,,- Aguacates (paltas).
Exportaciones,2016,080440,,SGP,,47320897.0,2496995.0,- Aguacates (paltas).
Exportaciones,2016,080440,,SLV,,459009366.0,24296431.0,- Aguacates (paltas).
Exportaciones,2016,080440,,USA,,29420207181.0,1568638310.0,- Aguacates (paltas).
Exportaciones,2016,080440,,ZYA,,685209357.0,36495625.0,- Aguacates (paltas).
Exportaciones,2016,08044001,Kg,,926597297.0,39437510013.0,2102992076.0,Aguacates (paltas).
Exportaciones,2016,08044001,Kg,ARE,530437.0,28201241.0,1467755.0,Aguacates (paltas).
Exportaciones,2016,08044001,Kg,ARG,345997.0,9789113.0,551722.0,Aguacates (paltas).
Exportaciones,2016,08044001,Kg,BEL,266936.0,12170886.0,660031.0,Aguacates (paltas).
Exportaciones,2016,08044001,Kg,BHR,59200.0,3212304.0,166126.0,Aguacates (paltas).
Exportaciones,2016,08044001,Kg,CAN,66480358.0,2955877512.0,157508431.0,Aguacates (paltas).
Exportaciones,2016,08044001,Kg,CHE,776576.0,31789877.0,1699875.0,Aguacates (paltas).
Exportaciones,2016,08044001,Kg,CHL,2477504.0,67987041.0,3878285.0,Aguacates (paltas).
Exportaciones,2016,08044001,Kg,CHN,,,,Aguacates (paltas).
Exportaciones,2016,08044001,Kg,DEU,1092051.0,51133641.0,2774591.0,Aguacates (paltas).
Exportaciones,2016,08044001,Kg,ESP,17555037.0,756000615.0,40574328.0,Aguacates (paltas).
Exportaciones,2016,08044001,Kg,FIN,,,,Aguacates (paltas).
Exportaciones,2016,08044001,Kg,FRA,16658484.0,696872228.0,36887450.0,Aguacates (paltas).
Exportaciones,2016,08044001,Kg,GBR,1322394.0,54175342.0,2897163.0,Aguacates (paltas).
Exportaciones,2016,08044001,Kg,GTM,,,,Aguacates (paltas).
Exportaciones,2016,08044001,Kg,HKG,1997190.0,96332202.0,5089950.0,Aguacates (paltas).
Exportaciones,2016,08044001,Kg,HND,8389852.0,330620782.0,17596821.0,Aguacates (paltas).
Exportaciones,2016,08044001,Kg,IRL,,,,Aguacates (paltas).
Exportaciones,2016,08044001,Kg,ITA,,,,Aguacates (paltas).
Exportaciones,2016,08044001,Kg,JPN,67860117.0,3025297905.0,161459464.0,Aguacates (paltas).
Exportaciones,2016,08044001,Kg,KOR,,,,Aguacates (paltas).
Exportaciones,2016,08044001,Kg,KWT,,,,Aguacates (paltas).
Exportaciones,2016,08044001,Kg,MYS,,,,Aguacates (paltas).
Exportaciones,2016,08044001,Kg,PAN,351810.0,11886541.0,651534.0,Aguacates (paltas).
Exportaciones,2016,08044001,Kg,PRT,,,,Aguacates (paltas).
Exportaciones,2016,08044001,Kg,QAT,,,,Aguacates (paltas).
Exportaciones,2016,08044001,Kg,RUS,,,,Aguacates (paltas).
Exportaciones,2016,08044001,Kg,SAU,,,,Aguacates (paltas).
Exportaciones,2016,08044001,Kg,SGP,1052665.0,47320897.0,2496995.0,Aguacates (paltas).
Exportaciones,2016,08044001,Kg,SLV,10908499.0,459009366.0,24296431.0,Aguacates (paltas).
Exportaciones,2016,08044001,Kg,USA,696395453.0,29420207181.0,1568638310.0,Aguacates (paltas).
Exportaciones,2016,08044001,Kg,ZYA,15897407.0,685209357.0,36495625.0,Aguacates (paltas).
Importaciones,2016,080440,,,,,,- Aguacates (paltas).
Importaciones,2016,080440,,USA,,,,- Aguacates (paltas).
Importaciones,2016,08044001,Kg,,,,,Aguacates (paltas).
Importaciones,2016,08044001,Kg,USA,,,,Aguacates (paltas).
Exportaciones,2017,080440,,,,51186585655.0,2710274203.0,- Aguacates (paltas).
Exportaciones,2017,080440,,ARE,,41977938.0,2214084.0,- Aguacates (paltas).
Exportaciones,2017,080440,,ARG,,55395987.0,2878876.0,- Aguacates (paltas).
Exportaciones,2017,080440,,BEL,,,,- Aguacates (paltas).
Exportaciones,2017,080440,,BHR,,10354808.0,548792.0,- Aguacates (paltas).
Exportaciones,2017,080440,,CAN,,4459774763.0,236964783.0,- Aguacates (paltas).
Exportaciones,2017,080440,,CHE,,,,- Aguacates (paltas).
Exportaciones,2017,080440,,CHL,,15758750.0,795877.0,- Aguacates (paltas).
Exportaciones,2017,080440,,CHN,,456961680.0,24244854.0,- Aguacates (paltas).
Exportaciones,2017,080440,,DEU,,51986993.0,2806600.0,- Aguacates (paltas).
Exportaciones,2017,080440,,DNK,,,,- Aguacates (paltas).
Exportaciones,2017,080440,,EMU,,,,- Aguacates (paltas).
Exportaciones,2017,080440,,ESP,,766209859.0,41184283.0,- Aguacates (paltas).
Exportaciones,2017,080440,,FRA,,817504100.0,43230278.0,- Aguacates (paltas).
Exportaciones,2017,080440,,GBR,,136748045.0,7257711.0,- Aguacates (paltas).
Exportaciones,2017,080440,,GTM,,,,- Aguacates (paltas).
Exportaciones,2017,080440,,HKG,,130827297.0,7014921.0,- Aguacates (paltas).
Exportaciones,2017,080440,,HND,,337843614.0,17361686.0,- Aguacates (paltas).
Exportaciones,2017,080440,,IND,,,,- Aguacates (paltas).
Exportaciones,2017,080440,,IRL,,,,- Aguacates (paltas).
Exportaciones,2017,080440,,ITA,,3011435.0,160339.0,- Aguacates (paltas).
Exportaciones,2017,080440,,JPN,,3156819297.0,167498143.0,- Aguacates (paltas).
Exportaciones,2017,080440,,KAZ,,,,- Aguacates (paltas).
Exportaciones,2017,080440,,KOR,,98898767.0,5318770.0,- Aguacates (paltas).
Exportaciones,2017,080440,,KWT,,30559337.0,1647765.0,- Aguacates (paltas).
Exportaciones,2017,080440,,MYS,,,,- Aguacates (paltas).
Exportaciones,2017,080440,,NZL,,3781955.0,200293.0,- Aguacates (paltas).
Exportaciones,2017,080440,,OMN,,,,- Aguacates (paltas).
Exportaciones,2017,080440,,PAN,,,,- Aguacates (paltas).
Exportaciones,2017,080440,,PRT,,,,- Aguacates (paltas).
Exportaciones,2017,080440,,QAT,,,,- Aguacates (paltas).
Exportaciones,2017,080440,,RUS,,219733.0,11095.0,- Aguacates (paltas).
Exportaciones,2017,080440,,SAU,,,,- Aguacates (paltas).
Exportaciones,2017,080440,,SGP,,96219557.0,5162795.0,- Aguacates (paltas).
Exportaciones,2017,080440,,SLV,,493627111.0,25612904.0,- Aguacates (paltas).
Exportaciones,2017,080440,,TUR,,,,- Aguacates (paltas).
Exportaciones,2017,080440,,USA,,38712338409.0,2047308967.0,- Aguacates (paltas).
Exportaciones,2017,080440,,ZYA,,1184492117.0,64162006.0,- Aguacates (paltas).
Exportaciones,2017,08044001,Kg,,896557076.0,51186585655.0,2710274203.0,Aguacates (paltas).
Exportaciones,2017,08044001,Kg,ARE,753785.0,41977938.0,2214084.0,Aguacates (paltas).
Exportaciones,2017,08044001,Kg,ARG,1093520.0,55395987.0,2878876.0,Aguacates (paltas).
Exportaciones,2017,08044001,Kg,BEL,,,,Aguacates (paltas).
Exportaciones,2017,08044001,Kg,BHR,190049.0,10354808.0,548792.0,Aguacates (paltas).
Exportaciones,2017,08044001,Kg,CAN,76918792.0,4459774763.0,236964783.0,Aguacates (paltas).
Exportaciones,2017,08044001,Kg,CHE,,,,Aguacates (paltas).
Exportaciones,2017,08044001,Kg,CHL,283210.0,15758750.0,795877.0,Aguacates (paltas).
Exportaciones,2017,08044001,Kg,CHN,8496450.0,456961680.0,24244854.0,Aguacates (paltas).
Exportaciones,2017,08044001,Kg,DEU,815340.0,51986993.0,2806600.0,Aguacates (paltas).
Exportaciones,2017,08044001,Kg,DNK,,,,Aguacates (paltas).
Exportaciones,2017,08044001,Kg,EMU,,,,Aguacates (paltas).
Exportaciones,2017,08044001,Kg,ESP,13120166.0,766209859.0,41184283.0,Aguacates (paltas).
Exportaciones,2017,08044001,Kg,FRA,14931814.0,817504100.0,43230278.0,Aguacates (paltas).
Exportaciones,2017,08044001,Kg,GBR,2643923.0,136748045.0,7257711.0,Aguacates (paltas).
Exportaciones,2017,08044001,Kg,GTM,,,,Aguacates (paltas).
Exportaciones,2017,08044001,Kg,HKG,2246539.0,130827297.0,7014921.0,Aguacates (paltas).
Exportaciones,2017,08044001,Kg,HND,6433577.0,337843614.0,17361686.0,Aguacates (paltas).
Exportaciones,2017,08044001,Kg,IND,,,,Aguacates (paltas).
Exportaciones,2017,08044001,Kg,IRL,,,,Aguacates (paltas).
Exportaciones,2017,08044001,Kg,ITA,67837.0,3011435.0,160339.0,Aguacates (paltas).
Exportaciones,2017,08044001,Kg,JPN,54962715.0,3156819297.0,167498143.0,Aguacates (paltas).
Exportaciones,2017,08044001,Kg,KAZ,,,,Aguacates (paltas).
Exportaciones,2017,08044001,Kg,KOR,1714512.0,98898767.0,5318770.0,Aguacates (paltas).
Exportaciones,2017,08044001,Kg,KWT,483473.0,30559337.0,1647765.0,Aguacates (paltas).
Exportaciones,2017,08044001,Kg,MYS,,,,Aguacates (paltas).
Exportaciones,2017,08044001,Kg,NZL,70523.0,3781955.0,200293.0,Aguacates (paltas).
Exportaciones,2017,08044001,Kg,OMN,,,,Aguacates (paltas).
Exportaciones,2017,08044001,Kg,PAN,,,,Aguacates (paltas).
Exportaciones,2017,08044001,Kg,PRT,,,,Aguacates (paltas).
Exportaciones,2017,08044001,Kg,QAT,,,,Aguacates (paltas).
Exportaciones,2017,08044001,Kg,RUS,4246.0,219733.0,11095.0,Aguacates (paltas).
Exportaciones,2017,08044001,Kg,SAU,,,,Aguacates (paltas).
Exportaciones,2017,08044001,Kg,SGP,1605566.0,96219557.0,5162795.0,Aguacates (paltas).
Exportaciones,2017,08044001,Kg,SLV,9260656.0,493627111.0,25612904.0,Aguacates (paltas).
Exportaciones,2017,08044001,Kg,TUR,,,,Aguacates (paltas).
Exportaciones,2017,08044001,Kg,USA,678711489.0,38712338409.0,2047308967.0,Aguacates (paltas).
Exportaciones,2017,08044001,Kg,ZYA,19558955.0,1184492117.0,64162006.0,Aguacates (paltas).
Exportaciones,2018,080440,,,,47805966075.0,2493536314.0,- Aguacates (paltas).
Exportaciones,2018,080440,,ARE,,53580511.0,2774033.0,- Aguacates (paltas).
Exportaciones,2018,080440,,ARG,,76619477.0,4092224.0,- Aguacates (paltas).
Exportaciones,2018,080440,,AUS,,,,- Aguacates (paltas).
Exportaciones,2018,080440,,BEL,,307878.0,16616.0,- Aguacates (paltas).
Exportaciones,2018,080440,,BHR,,,,- Aguacates (paltas).
Exportaciones,2018,080440,,BLZ,,,,- Aguacates (paltas).
Exportaciones,2018,080440,,BRA,,,,- Aguacates (paltas).
Exportaciones,2018,080440,,CAN,,3949866328.0,205757057.0,- Aguacates (paltas).
Exportaciones,2018,080440,,CHE,,,,- Aguacates (paltas).
Exportaciones,2018,080440,,CHL,,164868893.0,8825979.0,- Aguacates (paltas).
Exportaciones,2018,080440,,CHN,,,,- Aguacates (paltas).
Exportaciones,2018,080440,,CRI,,,,- Aguacates (paltas).
Exportaciones,2018,080440,,CUB,,,,- Aguacates (paltas).
Exportaciones,2018,080440,,DEU,,28628230.0,1515193.0,- Aguacates (paltas).
Exportaciones,2018,080440,,DNK,,6133850.0,322780.0,- Aguacates (paltas).
Exportaciones,2018,080440,,ESP,,670402639.0,34882302.0,- Aguacates (paltas).
Exportaciones,2018,080440,,FRA,,610683760.0,31820786.0,- Aguacates (paltas).
Exportaciones,2018,080440,,GBR,,209028887.0,10839646.0,- Aguacates (paltas).
Exportaciones,2018,080440,,GRC,,,,- Aguacates (paltas).
Exportaciones,2018,080440,,GTM,,161454156.0,8450289.0,- Aguacates (paltas).
Exportaciones,2018,080440,,HKG,,193285335.0,10061987.0,- Aguacates (paltas).
Exportaciones,2018,080440,,HND,,,,- Aguacates (paltas).
Exportaciones,2018,080440,,IRL,,,,- Aguacates (paltas).
Exportaciones,2018,080440,,ITA,,2553982.0,134520.0,- Aguacates (paltas).
Exportaciones,2018,080440,,JPN,,2943013547.0,153299368.0,- Aguacates (paltas).
Exportaciones,2018,080440,,KOR,,87049197.0,4498733.0,- Aguacates (paltas).
Exportaciones,2018,080440,,KWT,,26854814.0,1395242.0,- Aguacates (paltas).
Exportaciones,2018,080440,,MYS,,7707939.0,403337.0,- Aguacates (paltas).
Exportaciones,2018,080440,,NIC,,,,- Aguacates (paltas).
Exportaciones,2018,080440,,NZL,,,,- Aguacates (paltas).
Exportaciones,2018,080440,,PAN,,,,- Aguacates (paltas).
Exportaciones,2018,080440,,POL,,,,- Aguacates (paltas).
Exportaciones,2018,080440,,QAT,,,,- Aguacates (paltas).
Exportaciones,2018,080440,,RUS,,4521.0,228.0,- Aguacates (paltas).
Exportaciones,2018,080440,,SAU,,,,- Aguacates (paltas).
Exportaciones,2018,080440,,SGP,,,,- Aguacates (paltas).
Exportaciones,2018,080440,,SLV,,501198938.0,26208523.0,- Aguacates (paltas).
Exportaciones,2018,080440,,SWE,,,,- Aguacates (paltas).
Exportaciones,2018,080440,,THA,,,,- Aguacates (paltas).
Exportaciones,2018,080440,,TWN,,,,- Aguacates (paltas).
Exportaciones,2018,080440,,USA,,35704296015.0,1861304386.0,- Aguacates (paltas).
Exportaciones,2018,080440,,ZYA,,759099063.0,39791894.0,- Aguacates (paltas).
Exportaciones,2018,08044001,Kg,,1091936277.0,47805966075.0,2493536314.0,Aguacates (paltas).
Exportaciones,2018,08044001,Kg,ARE,1202495.0,53580511.0,2774033.0,Aguacates (paltas).
Exportaciones,2018,08044001,Kg,ARG,1836816.0,76619477.0,4092224.0,Aguacates (paltas).
Exportaciones,2018,08044001,Kg,AUS,,,,Aguacates (paltas).
Exportaciones,2018,08044001,Kg,BEL,7465.0,307878.0,16616.0,Aguacates (paltas).
Exportaciones,2018,08044001,Kg,BHR,,,,Aguacates (paltas).
Exportaciones,2018,08044001,Kg,BLZ,,,,Aguacates (paltas).
Exportaciones,2018,08044001,Kg,BRA,,,,Aguacates (paltas).
Exportaciones,2018,08044001,Kg,CAN,89134109.0,3949866328.0,205757057.0,Aguacates (paltas).
Exportaciones,2018,08044001,Kg,CHE,,,,Aguacates (paltas).
Exportaciones,2018,08044001,Kg,CHL,3823980.0,164868893.0,8825979.0,Aguacates (paltas).
Exportaciones,2018,08044001,Kg,CHN,,,,Aguacates (paltas).
Exportaciones,2018,08044001,Kg,CRI,,,,Aguacates (paltas).
Exportaciones,2018,08044001,Kg,CUB,,,,Aguacates (paltas).
Exportaciones,2018,08044001,Kg,DEU,579861.0,28628230.0,1515193.0,Aguacates (paltas).
Exportaciones,2018,08044001,Kg,DNK,124850.0,6133850.0,322780.0,Aguacates (paltas).
Exportaciones,2018,08044001,Kg,ESP,15852002.0,670402639.0,34882302.0,Aguacates (paltas).
Exportaciones,2018,08044001,Kg,FRA,14766280.0,610683760.0,31820786.0,Aguacates (paltas).
Exportaciones,2018,08044001,Kg,GBR,5035671.0,209028887.0,10839646.0,Aguacates (paltas).
Exportaciones,2018,08044001,Kg,GRC,,,,Aguacates (paltas).
Exportaciones,2018,08044001,Kg,GTM,3678568.0,161454156.0,8450289.0,Aguacates (paltas).
Exportaciones,2018,08044001,Kg,HKG,4300232.0,193285335.0,10061987.0,Aguacates (paltas).
Exportaciones,2018,08044001,Kg,HND,,,,Aguacates (paltas).
Exportaciones,2018,08044001,Kg,IRL,,,,Aguacates (paltas).
Exportaciones,2018,08044001,Kg,ITA,58250.0,2553982.0,134520.0,Aguacates (paltas).
Exportaciones,2018,08044001,Kg,JPN,66209573.0,2943013547.0,153299368.0,Aguacates (paltas).
Exportaciones,2018,08044001,Kg,KOR,2045565.0,87049197.0,4498733.0,Aguacates (paltas).
Exportaciones,2018,08044001,Kg,KWT,584389.0,26854814.0,1395242.0,Aguacates (paltas).
Exportaciones,2018,08044001,Kg,MYS,182082.0,7707939.0,403337.0,Aguacates (paltas).
Exportaciones,2018,08044001,Kg,NIC,,,,Aguacates (paltas).
Exportaciones,2018,08044001,Kg,NZL,,,,Aguacates (paltas).
Exportaciones,2018,08044001,Kg,PAN,,,,Aguacates (paltas).
Exportaciones,2018,08044001,Kg,POL,,,,Aguacates (paltas).
Exportaciones,2018,08044001,Kg,QAT,,,,Aguacates (paltas).
Exportaciones,2018,08044001,Kg,RUS,98.0,4521.0,228.0,Aguacates (paltas).
Exportaciones,2018,08044001,Kg,SAU,,,,Aguacates (paltas).
Exportaciones,2018,08044001,Kg,SGP,,,,Aguacates (paltas).
Exportaciones,2018,08044001,Kg,SLV,11768756.0,501198938.0,26208523.0,Aguacates (paltas).
Exportaciones,2018,08044001,Kg,SWE,,,,Aguacates (paltas).
Exportaciones,2018,08044001,Kg,THA,,,,Aguacates (paltas).
Exportaciones,2018,08044001,Kg,TWN,,,,Aguacates (paltas).
Exportaciones,2018,08044001,Kg,USA,814816394.0,35704296015.0,1861304386.0,Aguacates (paltas).
Exportaciones,2018,08044001,Kg,ZYA,16764547.0,759099063.0,39791894.0,Aguacates (paltas).
Importaciones,2018,080440,,,,,,- Aguacates (paltas).
Importaciones,2018,080440,,GBR,,,,- Aguacates (paltas).
Importaciones,2018,08044001,Kg,,,,,Aguacates (paltas).
Importaciones,2018,08044001,Kg,GBR,,,,Aguacates (paltas).
Exportaciones,2019,080440,,,,56428430184.0,2932076830.0,- Aguacates (paltas).
Exportaciones,2019,080440,,AND,,,,- Aguacates (paltas).
Exportaciones,2019,080440,,ARE,,101523935.0,5272218.0,- Aguacates (paltas).
Exportaciones,2019,080440,,ARG,,23539919.0,1219616.0,- Aguacates (paltas).
Exportaciones,2019,080440,,AUS,,,,- Aguacates (paltas).
Exportaciones,2019,080440,,BEL,,,,- Aguacates (paltas).
Exportaciones,2019,080440,,BHR,,15632844.0,812162.0,- Aguacates (paltas).
Exportaciones,2019,080440,,BLZ,,254034.0,13289.0,- Aguacates (paltas).
Exportaciones,2019,080440,,BRA,,,,- Aguacates (paltas).
Exportaciones,2019,080440,,CAN,,4422377592.0,229846034.0,- Aguacates (paltas).
Exportaciones,2019,080440,,CHE,,,,- Aguacates (paltas).
Exportaciones,2019,080440,,CHL,,62350681.0,3238033.0,- Aguacates (paltas).
Exportaciones,2019,080440,,CHN,,329848034.0,17082475.0,- Aguacates (paltas).
Exportaciones,2019,080440,,DEU,,145323628.0,7490036.0,- Aguacates (paltas).
Exportaciones,2019,080440,,ESP,,1247409627.0,64392784.0,- Aguacates (paltas).
Exportaciones,2019,080440,,FRA,,781019923.0,40389701.0,- Aguacates (paltas).
Exportaciones,2019,080440,,GBR,,296578746.0,15336276.0,- Aguacates (paltas).
Exportaciones,2019,080440,,GTM,,,,- Aguacates (paltas).
Exportaciones,2019,080440,,HKG,,171976715.0,8929303.0,- Aguacates (paltas).
Exportaciones,2019,080440,,HND,,504055661.0,26201580.0,- Aguacates (paltas).
Exportaciones,2019,080440,,IDN,,,,- Aguacates (paltas).
Exportaciones,2019,080440,,IRL,,,,- Aguacates (paltas).
Exportaciones,2019,080440,,ITA,,14437522.0,745875.0,- Aguacates (paltas).
Exportaciones,2019,080440,,JPN,,3501022788.0,181934109.0,- Aguacates (paltas).
Exportaciones,2019,080440,,KOR,,,,- Aguacates (paltas).
Exportaciones,2019,080440,,KWT,,46362430.0,2409988.0,- Aguacates (paltas).
Exportaciones,2019,080440,,MYS,,5764716.0,300830.0,- Aguacates (paltas).
Exportaciones,2019,080440,,NGA,,,,- Aguacates (paltas).
Exportaciones,2019,080440,,NZL,,,,- Aguacates (paltas).
Exportaciones,2019,080440,,OMN,,,,- Aguacates (paltas).
Exportaciones,2019,080440,,PAN,,4869376.0,253245.0,- Aguacates (paltas).
Exportaciones,2019,080440,,PRT,,,,- Aguacates (paltas).
Exportaciones,2019,080440,,QAT,,,,- Aguacates (paltas).
Exportaciones,2019,080440,,SAU,,,,- Aguacates (paltas).
Exportaciones,2019,080440,,SGP,,72247486.0,3751333.0,- Aguacates (paltas).
Exportaciones,2019,080440,,SLV,,394812550.0,20487179.0,- Aguacates (paltas).
Exportaciones,2019,080440,,SWE,,,,- Aguacates (paltas).
Exportaciones,2019,080440,,USA,,42821616652.0,2226294668.0,- Aguacates (paltas).
Exportaciones,2019,080440,,ZYA,,1090116083.0,56185799.0,- Aguacates (paltas).
Exportaciones,2019,08044001,Kg,,1161108213.0,56428430184.0,2932076830.0,Aguacates (paltas).
Exportaciones,2019,08044001,Kg,AND,,,,Aguacates (paltas).
Exportaciones,2019,08044001,Kg,ARE,2127422.0,101523935.0,5272218.0,Aguacates (paltas).
Exportaciones,2019,08044001,Kg,ARG,627297.0,23539919.0,1219616.0,Aguacates (paltas).
Exportaciones,2019,08044001,Kg,AUS,,,,Aguacates (paltas).
Exportaciones,2019,08044001,Kg,BEL,,,,Aguacates (paltas).
Exportaciones,2019,08044001,Kg,BHR,310338.0,15632844.0,812162.0,Aguacates (paltas).
Exportaciones,2019,08044001,Kg,BLZ,4721.0,254034.0,13289.0,Aguacates (paltas).
Exportaciones,2019,08044001,Kg,BRA,,,,Aguacates (paltas).
Exportaciones,2019,08044001,Kg,CAN,87118002.0,4422377592.0,229846034.0,Aguacates (paltas).
Exportaciones,2019,08044001,Kg,CHE,,,,Aguacates (paltas).
Exportaciones,2019,08044001,Kg,CHL,1641630.0,62350681.0,3238033.0,Aguacates (paltas).
Exportaciones,2019,08044001,Kg,CHN,7825100.0,329848034.0,17082475.0,Aguacates (paltas).
Exportaciones,2019,08044001,Kg,DEU,2977894.0,145323628.0,7490036.0,Aguacates (paltas).
Exportaciones,2019,08044001,Kg,ESP,27887674.0,1247409627.0,64392784.0,Aguacates (paltas).
Exportaciones,2019,08044001,Kg,FRA,18546840.0,781019923.0,40389701.0,Aguacates (paltas).
Exportaciones,2019,08044001,Kg,GBR,6502561.0,296578746.0,15336276.0,Aguacates (paltas).
Exportaciones,2019,08044001,Kg,GTM,,,,Aguacates (paltas).
Exportaciones,2019,08044001,Kg,HKG,3448893.0,171976715.0,8929303.0,Aguacates (paltas).
Exportaciones,2019,08044001,Kg,HND,11858326.0,504055661.0,26201580.0,Aguacates (paltas).
Exportaciones,2019,08044001,Kg,IDN,,,,Aguacates (paltas).
Exportaciones,2019,08044001,Kg,IRL,,,,Aguacates (paltas).
Exportaciones,2019,08044001,Kg,ITA,348120.0,14437522.0,745875.0,Aguacates (paltas).
Exportaciones,2019,08044001,Kg,JPN,70437805.0,3501022788.0,181934109.0,Aguacates (paltas).
Exportaciones,2019,08044001,Kg,KOR,,,,Aguacates (paltas).
Exportaciones,2019,08044001,Kg,KWT,852592.0,46362430.0,2409988.0,Aguacates (paltas).
Exportaciones,2019,08044001,Kg,MYS,143163.0,5764716.0,300830.0,Aguacates (paltas).
Exportaciones,2019,08044001,Kg,NGA,,,,Aguacates (paltas).
Exportaciones,2019,08044001,Kg,NZL,,,,Aguacates (paltas).
Exportaciones,2019,08044001,Kg,OMN,,,,Aguacates (paltas).
Exportaciones,2019,08044001,Kg,PAN,124818.0,4869376.0,253245.0,Aguacates (paltas).
Exportaciones,2019,08044001,Kg,PRT,,,,Aguacates (paltas).
Exportaciones,2019,08044001,Kg,QAT,,,,Aguacates (paltas).
Exportaciones,2019,08044001,Kg,SAU,,,,Aguacates (paltas).
Exportaciones,2019,08044001,Kg,SGP,1630177.0,72247486.0,3751333.0,Aguacates (paltas).
Exportaciones,2019,08044001,Kg,SLV,9278688.0,394812550.0,20487179.0,Aguacates (paltas).
Exportaciones,2019,08044001,Kg,SWE,,,,Aguacates (paltas).
Exportaciones,2019,08044001,Kg,USA,875346527.0,42821616652.0,2226294668.0,Aguacates (paltas).
Exportaciones,2019,08044001,Kg,ZYA,23938931.0,1090116083.0,56185799.0,Aguacates (paltas).
Exportaciones,2020,080440,,,,57765402826.0,2699632678.0,- Aguacates (paltas).
Exportaciones,2020,080440,,ARE,,127931817.0,6084974.0,- Aguacates (paltas).
Exportaciones,2020,080440,,ARG,,,,- Aguacates (paltas).
Exportaciones,2020,080440,,BEL,,33271410.0,1609937.0,- Aguacates (paltas).
Exportaciones,2020,080440,,BGR,,,,- Aguacates (paltas).
Exportaciones,2020,080440,,BHR,,19601376.0,912550.0,- Aguacates (paltas).
Exportaciones,2020,080440,,BLZ,,,,- Aguacates (paltas).
Exportaciones,2020,080440,,BRN,,,,- Aguacates (paltas).
Exportaciones,2020,080440,,CAN,,4378617934.0,204063771.0,- Aguacates (paltas).
Exportaciones,2020,080440,,CHE,,40241490.0,1894499.0,- Aguacates (paltas).
Exportaciones,2020,080440,,CHL,,,,- Aguacates (paltas).
Exportaciones,2020,080440,,CHN,,227298509.0,11083033.0,- Aguacates (paltas).
Exportaciones,2020,080440,,DEU,,68114466.0,3189321.0,- Aguacates (paltas).
Exportaciones,2020,080440,,ESP,,1364658045.0,64146782.0,- Aguacates (paltas).
Exportaciones,2020,080440,,FRA,,628663836.0,30266922.0,- Aguacates (paltas).
Exportaciones,2020,080440,,GBR,,376471012.0,18150145.0,- Aguacates (paltas).
Exportaciones,2020,080440,,GTM,,,,- Aguacates (paltas).
Exportaciones,2020,080440,,HKG,,179319234.0,8504269.0,- Aguacates (paltas).
Exportaciones,2020,080440,,HND,,722074451.0,34299855.0,- Aguacates (paltas).
Exportaciones,2020,080440,,IRL,,,,- Aguacates (paltas).
Exportaciones,2020,080440,,ITA,,61208887.0,2898160.0,- Aguacates (paltas).
Exportaciones,2020,080440,,JPN,,3329430300.0,155922484.0,- Aguacates (paltas).
Exportaciones,2020,080440,,KOR,,,,- Aguacates (paltas).
Exportaciones,2020,080440,,KWT,,,,- Aguacates (paltas).
Exportaciones,2020,080440,,LIE,,,,- Aguacates (paltas).
Exportaciones,2020,080440,,LTU,,,,- Aguacates (paltas).
Exportaciones,2020,080440,,MAR,,,,- Aguacates (paltas).
Exportaciones,2020,080440,,MLT,,,,- Aguacates (paltas).
Exportaciones,2020,080440,,MYS,,23807473.0,1158518.0,- Aguacates (paltas).
Exportaciones,2020,080440,,NZL,,,,- Aguacates (paltas).
Exportaciones,2020,080440,,OMN,,,,- Aguacates (paltas).
Exportaciones,2020,080440,,PAN,,11612124.0,545278.0,- Aguacates (paltas).
Exportaciones,2020,080440,,PRT,,,,- Aguacates (paltas).
Exportaciones,2020,080440,,QAT,,,,- Aguacates (paltas).
Exportaciones,2020,080440,,ROU,,7928077.0,371681.0,- Aguacates (paltas).
Exportaciones,2020,080440,,RUH,,,,- Aguacates (paltas).
Exportaciones,2020,080440,,RUS,,1140285.0,51589.0,- Aguacates (paltas).
Exportaciones,2020,080440,,SAU,,27314515.0,1311514.0,- Aguacates (paltas).
Exportaciones,2020,080440,,SGP,,,,- Aguacates (paltas).
Exportaciones,2020,080440,,SLV,,594230230.0,28319049.0,- Aguacates (paltas).
Exportaciones,2020,080440,,SWE,,,,- Aguacates (paltas).
Exportaciones,2020,080440,,TUR,,,,- Aguacates (paltas).
Exportaciones,2020,080440,,URY,,,,- Aguacates (paltas).
Exportaciones,2020,080440,,USA,,44037527367.0,2053158106.0,- Aguacates (paltas).
Exportaciones,2020,080440,,VEN,,,,- Aguacates (paltas).
Exportaciones,2020,080440,,ZYA,,804100358.0,37903454.0,- Aguacates (paltas).
Exportaciones,2020,08044001,Kg,,1233261887.0,57765402826.0,2699632678.0,Aguacates (paltas).
Exportaciones,2020,08044001,Kg,ARE,2845027.0,127931817.0,6084974.0,Aguacates (paltas).
Exportaciones,2020,08044001,Kg,ARG,,,,Aguacates (paltas).
Exportaciones,2020,08044001,Kg,BEL,928106.0,33271410.0,1609937.0,Aguacates (paltas).
Exportaciones,2020,08044001,Kg,BGR,,,,Aguacates (paltas).
Exportaciones,2020,08044001,Kg,BHR,421009.0,19601376.0,912550.0,Aguacates (paltas).
Exportaciones,2020,08044001,Kg,BLZ,,,,Aguacates (paltas).
Exportaciones,2020,08044001,Kg,BRN,,,,Aguacates (paltas).
Exportaciones,2020,08044001,Kg,CAN,91701622.0,4378617934.0,204063771.0,Aguacates (paltas).
Exportaciones,2020,08044001,Kg,CHE,1018789.0,40241490.0,1894499.0,Aguacates (paltas).
Exportaciones,2020,08044001,Kg,CHL,,,,Aguacates (paltas).
Exportaciones,2020,08044001,Kg,CHN,5665833.0,227298509.0,11083033.0,Aguacates (paltas).
Exportaciones,2020,08044001,Kg,DEU,1711910.0,68114466.0,3189321.0,Aguacates (paltas).
Exportaciones,2020,08044001,Kg,ESP,34334232.0,1364658045.0,64146782.0,Aguacates (paltas).
Exportaciones,2020,08044001,Kg,FRA,15640454.0,628663836.0,30266922.0,Aguacates (paltas).
Exportaciones,2020,08044001,Kg,GBR,9488537.0,376471012.0,18150145.0,Aguacates (paltas).
Exportaciones,2020,08044001,Kg,GTM,,,,Aguacates (paltas).
Exportaciones,2020,08044001,Kg,HKG,4349456.0,179319234.0,8504269.0,Aguacates (paltas).
Exportaciones,2020,08044001,Kg,HND,15519263.0,722074451.0,34299855.0,Aguacates (paltas).
Exportaciones,2020,08044001,Kg,IRL,,,,Aguacates (paltas).
Exportaciones,2020,08044001,Kg,ITA,1511664.0,61208887.0,2898160.0,Aguacates (paltas).
Exportaciones,2020,08044001,Kg,JPN,70523010.0,3329430300.0,155922484.0,Aguacates (paltas).
Exportaciones,2020,08044001,Kg,KOR,,,,Aguacates (paltas).
Exportaciones,2020,08044001,Kg,KWT,,,,Aguacates (paltas).
Exportaciones,2020,08044001,Kg,LIE,,,,Aguacates (paltas).
Exportaciones,2020,08044001,Kg,LTU,,,,Aguacates (paltas).
Exportaciones,2020,08044001,Kg,MAR,,,,Aguacates (paltas).
Exportaciones,2020,08044001,Kg,MLT,,,,Aguacates (paltas).
Exportaciones,2020,08044001,Kg,MYS,558652.0,23807473.0,1158518.0,Aguacates (paltas).
Exportaciones,2020,08044001,Kg,NZL,,,,Aguacates (paltas).
Exportaciones,2020,08044001,Kg,OMN,,,,Aguacates (paltas).
Exportaciones,2020,08044001,Kg,PAN,237673.0,11612124.0,545278.0,Aguacates (paltas).
Exportaciones,2020,08044001,Kg,PRT,,,,Aguacates (paltas).
Exportaciones,2020,08044001,Kg,QAT,,,,Aguacates (paltas).
Exportaciones,2020,08044001,Kg,ROU,204576.0,7928077.0,371681.0,Aguacates (paltas).
Exportaciones,2020,08044001,Kg,RUH,,,,Aguacates (paltas).
Exportaciones,2020,08044001,Kg,RUS,22981.0,1140285.0,51589.0,Aguacates (paltas).
Exportaciones,2020,08044001,Kg,SAU,588432.0,27314515.0,1311514.0,Aguacates (paltas).
Exportaciones,2020,08044001,Kg,SGP,,,,Aguacates (paltas).
Exportaciones,2020,08044001,Kg,SLV,13405814.0,594230230.0,28319049.0,Aguacates (paltas).
Exportaciones,2020,08044001,Kg,SWE,,,,Aguacates (paltas).
Exportaciones,2020,08044001,Kg,TUR,,,,Aguacates (paltas).
Exportaciones,2020,08044001,Kg,URY,,,,Aguacates (paltas).
Exportaciones,2020,08044001,Kg,USA,925218057.0,44037527367.0,2053158106.0,Aguacates (paltas).
Exportaciones,2020,08044001,Kg,VEN,,,,Aguacates (paltas).
Exportaciones,2020,08044001,Kg,ZYA,19972165.0,804100358.0,37903454.0,Aguacates (paltas).
Exportaciones,2021,080440,Kg,,1271194868.0,66444462525.0,3270313140.0,- Aguacates (paltas).
Exportaciones,2021,080440,Kg,ARE,3678171.0,192946048.0,9488331.0,- Aguacates (paltas).
Exportaciones,2021,080440,Kg,ARG,2058450.0,87355357.0,4285567.0,- Aguacates (paltas).
Exportaciones,2021,080440,Kg,BEL,1778226.0,86830715.0,4283538.0,- Aguacates (paltas).
Exportaciones,2021,080440,Kg,BHR,578468.0,30820004.0,1518512.0,- Aguacates (paltas).
Exportaciones,2021,080440,Kg,BLZ,,,,- Aguacates (paltas).
Exportaciones,2021,080440,Kg,BRA,,,,- Aguacates (paltas).
Exportaciones,2021,080440,Kg,BRB,,,,- Aguacates (paltas).
Exportaciones,2021,080440,Kg,CAN,93645924.0,4918058405.0,242247027.0,- Aguacates (paltas).
Exportaciones,2021,080440,Kg,CHE,,,,- Aguacates (paltas).
Exportaciones,2021,080440,Kg,CHL,3246084.0,119924109.0,5983130.0,- Aguacates (paltas).
Exportaciones,2021,080440,Kg,CHN,5206651.0,262689827.0,12888618.0,- Aguacates (paltas).
Exportaciones,2021,080440,Kg,COL,184429.0,8954818.0,445023.0,- Aguacates (paltas).
Exportaciones,2021,080440,Kg,DEU,911385.0,50314936.0,2480436.0,- Aguacates (paltas).
Exportaciones,2021,080440,Kg,ESP,33656316.0,1768012786.0,87338916.0,- Aguacates (paltas).
Exportaciones,2021,080440,Kg,FRA,14315335.0,720951599.0,35428790.0,- Aguacates (paltas).
Exportaciones,2021,080440,Kg,GBR,4686949.0,245496549.0,12100449.0,- Aguacates (paltas).
Exportaciones,2021,080440,Kg,GTM,3832194.0,185346463.0,9155785.0,- Aguacates (paltas).
Exportaciones,2021,080440,Kg,HKG,3473978.0,181146948.0,8919479.0,- Aguacates (paltas).
Exportaciones,2021,080440,Kg,HND,16571246.0,849589930.0,41706991.0,- Aguacates (paltas).
Exportaciones,2021,080440,Kg,ITA,2435044.0,123487591.0,6084251.0,- Aguacates (paltas).
Exportaciones,2021,080440,Kg,JPN,62363407.0,3287685258.0,161599250.0,- Aguacates (paltas).
Exportaciones,2021,080440,Kg,KAZ,,,,- Aguacates (paltas).
Exportaciones,2021,080440,Kg,KOR,2481960.0,101913287.0,5020225.0,- Aguacates (paltas).
Exportaciones,2021,080440,Kg,KWT,838517.0,44799932.0,2214052.0,- Aguacates (paltas).
Exportaciones,2021,080440,Kg,LIE,,,,- Aguacates (paltas).
Exportaciones,2021,080440,Kg,LTU,,,,- Aguacates (paltas).
Exportaciones,2021,080440,Kg,MYS,332287.0,14535554.0,715311.0,- Aguacates (paltas).
Exportaciones,2021,080440,Kg,NIC,,,,- Aguacates (paltas).
Exportaciones,2021,080440,Kg,NZL,20382.0,1119671.0,55351.0,- Aguacates (paltas).
Exportaciones,2021,080440,Kg,OMN,18825.0,961596.0,47480.0,- Aguacates (paltas).
Exportaciones,2021,080440,Kg,PAN,138116.0,6664905.0,328309.0,- Aguacates (paltas).
Exportaciones,2021,080440,Kg,POL,,,,- Aguacates (paltas).
Exportaciones,2021,080440,Kg,PRT,63036.0,3083480.0,155074.0,- Aguacates (paltas).
Exportaciones,2021,080440,Kg,QAT,48210.0,2336864.0,115683.0,- Aguacates (paltas).
Exportaciones,2021,080440,Kg,ROU,431114.0,23922354.0,1181728.0,- Aguacates (paltas).
Exportaciones,2021,080440,Kg,RUS,100813.0,5542541.0,273453.0,- Aguacates (paltas).
Exportaciones,2021,080440,Kg,SAU,1126108.0,63066314.0,3101965.0,- Aguacates (paltas).
Exportaciones,2021,080440,Kg,SGP,937681.0,43417066.0,2153087.0,- Aguacates (paltas).
Exportaciones,2021,080440,Kg,SLV,15663838.0,819072046.0,40166334.0,- Aguacates (paltas).
Exportaciones,2021,080440,Kg,SWE,,,,- Aguacates (paltas).
Exportaciones,2021,080440,Kg,URY,,,,- Aguacates (paltas).
Exportaciones,2021,080440,Kg,USA,980881270.0,51396627629.0,2529470734.0,- Aguacates (paltas).
Exportaciones,2021,080440,Kg,ZAF,,,,- Aguacates (paltas).
Exportaciones,2021,080440,Kg,ZYA,14185788.0,738073059.0,36430475.0,- Aguacates (paltas).
Exportaciones,2021,08044001,Kg,,,,,Aguacates (paltas).
Exportaciones,2021,08044001,Kg,USA,,,,Aguacates (paltas).
Exportaciones,2021,0804400100,Kg,,1270831997.0,66425012653.0,3269334259.0,Aguacates (paltas).
Exportaciones,2021,0804400100,Kg,ARE,3678171.0,192946048.0,9488331.0,Aguacates (paltas).
Exportaciones,2021,0804400100,Kg,ARG,2058450.0,87355357.0,4285567.0,Aguacates (paltas).
Exportaciones,2021,0804400100,Kg,BEL,1778226.0,86830715.0,4283538.0,Aguacates (paltas).
Exportaciones,2021,0804400100,Kg,BHR,578468.0,30820004.0,1518512.0,Aguacates (paltas).
Exportaciones,2021,0804400100,Kg,BLZ,,,,Aguacates (paltas).
Exportaciones,2021,0804400100,Kg,BRA,,,,Aguacates (paltas).
Exportaciones,2021,0804400100,Kg,BRB,,,,Aguacates (paltas).
Exportaciones,2021,0804400100,Kg,CAN,93645924.0,4918058405.0,242247027.0,Aguacates (paltas).
Exportaciones,2021,0804400100,Kg,CHE,,,,Aguacates (paltas).
Exportaciones,2021,0804400100,Kg,CHL,3246084.0,119924109.0,5983130.0,Aguacates (paltas).
Exportaciones,2021,0804400100,Kg,CHN,5206651.0,262689827.0,12888618.0,Aguacates (paltas).
Exportaciones,2021,0804400100,Kg,COL,184429.0,8954818.0,445023.0,Aguacates (paltas).
Exportaciones,2021,0804400100,Kg,DEU,911385.0,50314936.0,2480436.0,Aguacates (paltas).
Exportaciones,2021,0804400100,Kg,ESP,33656316.0,1768012786.0,87338916.0,Aguacates (paltas).
Exportaciones,2021,0804400100,Kg,FRA,14315335.0,720951599.0,35428790.0,Aguacates (paltas).
Exportaciones,2021,0804400100,Kg,GBR,4686949.0,245496549.0,12100449.0,Aguacates (paltas).
Exportaciones,2021,0804400100,Kg,GTM,3832194.0,185346463.0,9155785.0,Aguacates (paltas).
Exportaciones,2021,0804400100,Kg,HKG,3473978.0,181146948.0,8919479.0,Aguacates (paltas).
Exportaciones,2021,0804400100,Kg,HND,16571246.0,849589930.0,41706991.0,Aguacates (paltas).
Exportaciones,2021,0804400100,Kg,ITA,2435044.0,123487591.0,6084251.0,Aguacates (paltas).
Exportaciones,2021,0804400100,Kg,JPN,62363407.0,3287685258.0,161599250.0,Aguacates (paltas).
Exportaciones,2021,0804400100,Kg,KAZ,,,,Aguacates (paltas).
Exportaciones,2021,0804400100,Kg,KOR,2481960.0,101913287.0,5020225.0,Aguacates (paltas).
Exportaciones,2021,0804400100,Kg,KWT,838517.0,44799932.0,2214052.0,Aguacates (paltas).
Exportaciones,2021,0804400100,Kg,LIE,,,,Aguacates (paltas).
Exportaciones,2021,0804400100,Kg,LTU,,,,Aguacates (paltas).
Exportaciones,2021,0804400100,Kg,MYS,332287.0,14535554.0,715311.0,Aguacates (paltas).
Exportaciones,2021,0804400100,Kg,NIC,,,,Aguacates (paltas).
Exportaciones,2021,0804400100,Kg,NZL,20382.0,1119671.0,55351.0,Aguacates (paltas).
Exportaciones,2021,0804400100,Kg,OMN,18825.0,961596.0,47480.0,Aguacates (paltas).
Exportaciones,2021,0804400100,Kg,PAN,138116.0,6664905.0,328309.0,Aguacates (paltas).
Exportaciones,2021,0804400100,Kg,POL,,,,Aguacates (paltas).
Exportaciones,2021,0804400100,Kg,PRT,63036.0,3083480.0,155074.0,Aguacates (paltas).
Exportaciones,2021,0804400100,Kg,QAT,48210.0,2336864.0,115683.0,Aguacates (paltas).
Exportaciones,2021,0804400100,Kg,ROU,431114.0,23922354.0,1181728.0,Aguacates (paltas).
Exportaciones,2021,0804400100,Kg,RUS,100813.0,5542541.0,273453.0,Aguacates (paltas).
Exportaciones,2021,0804400100,Kg,SAU,1126108.0,63066314.0,3101965.0,Aguacates (paltas).
Exportaciones,2021,0804400100,Kg,SGP,937681.0,43417066.0,2153087.0,Aguacates (paltas).
Exportaciones,2021,0804400100,Kg,SLV,15663838.0,819072046.0,40166334.0,Aguacates (paltas).
Exportaciones,2021,0804400100,Kg,SWE,,,,Aguacates (paltas).
Exportaciones,2021,0804400100,Kg,URY,,,,Aguacates (paltas).
Exportaciones,2021,0804400100,Kg,USA,980518399.0,51377177757.0,2528491853.0,Aguacates (paltas).
Exportaciones,2021,0804400100,Kg,ZAF,,,,Aguacates (paltas).
Exportaciones,2021,0804400100,Kg,ZYA,14185788.0,738073059.0,36430475.0,Aguacates (paltas).
Importaciones,2021,080440,Kg,,,,,- Aguacates (paltas).
Importaciones,2021,080440,Kg,PER,,,,- Aguacates (paltas).
Importaciones,2021,0804400100,Kg,,,,,Aguacates (paltas).
Importaciones,2021,0804400100,Kg,PER,,,,Aguacates (paltas).
Exportaciones,2022,080440,Kg,,1130114131.0,66923245414.0,3321156611.0,- Aguacates (paltas).
Exportaciones,2022,080440,Kg,ARE,2296239.0,134584265.0,6690357.0,- Aguacates (paltas).
Exportaciones,2022,080440,Kg,ARG,,,,- Aguacates (paltas).
Exportaciones,2022,080440,Kg,BEL,1183365.0,44463761.0,2254516.0,- Aguacates (paltas).
Exportaciones,2022,080440,Kg,BGD,,,,- Aguacates (paltas).
Exportaciones,2022,080440,Kg,BHR,490458.0,31990560.0,1586571.0,- Aguacates (paltas).
Exportaciones,2022,080440,Kg,BLZ,42210.0,2955881.0,147176.0,- Aguacates (paltas).
Exportaciones,2022,080440,Kg,CAN,80079062.0,5222159602.0,258636100.0,- Aguacates (paltas).
Exportaciones,2022,080440,Kg,CHE,,,,- Aguacates (paltas).
Exportaciones,2022,080440,Kg,CHN,1973221.0,95419698.0,4733656.0,- Aguacates (paltas).
Exportaciones,2022,080440,Kg,CRI,1626488.0,62686772.0,3168822.0,- Aguacates (paltas).
Exportaciones,2022,080440,Kg,DEU,411488.0,14422404.0,739169.0,- Aguacates (paltas).
Exportaciones,2022,080440,Kg,ESP,73666470.0,2657332058.0,134092977.0,- Aguacates (paltas).
Exportaciones,2022,080440,Kg,FRA,5355690.0,200889686.0,10169380.0,- Aguacates (paltas).
Exportaciones,2022,080440,Kg,GBR,1818946.0,71212659.0,3586694.0,- Aguacates (paltas).
Exportaciones,2022,080440,Kg,GTM,1325576.0,69037575.0,3421267.0,- Aguacates (paltas).
Exportaciones,2022,080440,Kg,HKG,2239186.0,116805286.0,5821434.0,- Aguacates (paltas).
Exportaciones,2022,080440,Kg,HND,7729083.0,414764501.0,20588886.0,- Aguacates (paltas).
Exportaciones,2022,080440,Kg,ITA,785950.0,28724716.0,1456747.0,- Aguacates (paltas).
Exportaciones,2022,080440,Kg,JPN,36385367.0,2153007184.0,106656811.0,- Aguacates (paltas).
Exportaciones,2022,080440,Kg,KOR,1827222.0,79483138.0,3976264.0,- Aguacates (paltas).
Exportaciones,2022,080440,Kg,KWT,826624.0,52091756.0,2583102.0,- Aguacates (paltas).
Exportaciones,2022,080440,Kg,LTU,,,,- Aguacates (paltas).
Exportaciones,2022,080440,Kg,LVA,,,,- Aguacates (paltas).
Exportaciones,2022,080440,Kg,MYS,65884.0,2491282.0,126285.0,- Aguacates (paltas).
Exportaciones,2022,080440,Kg,NIC,,,,- Aguacates (paltas).
Exportaciones,2022,080440,Kg,NZL,43960.0,2206838.0,110696.0,- Aguacates (paltas).
Exportaciones,2022,080440,Kg,OMN,,,,- Aguacates (paltas).
Exportaciones,2022,080440,Kg,PAN,91378.0,5925870.0,293197.0,- Aguacates (paltas).
Exportaciones,2022,080440,Kg,PRT,,,,- Aguacates (paltas).
Exportaciones,2022,080440,Kg,QAT,15526.0,603876.0,30715.0,- Aguacates (paltas).
Exportaciones,2022,080440,Kg,ROU,,,,- Aguacates (paltas).
Exportaciones,2022,080440,Kg,SAU,620532.0,47238245.0,2335585.0,- Aguacates (paltas).
Exportaciones,2022,080440,Kg,SGP,78007.0,3163652.0,160123.0,- Aguacates (paltas).
Exportaciones,2022,080440,Kg,SLV,13020610.0,676584479.0,33578344.0,- Aguacates (paltas).
Exportaciones,2022,080440,Kg,URY,,,,- Aguacates (paltas).
Exportaciones,2022,080440,Kg,USA,890569599.0,54508817981.0,2702954175.0,- Aguacates (paltas).
Exportaciones,2022,080440,Kg,ZYA,5255721.0,211786017.0,10632690.0,- Aguacates (paltas).
Exportaciones,2022,08044001,Kg,,1130114131.0,66923245414.0,3321156611.0,Aguacates (paltas).
Exportaciones,2022,08044001,Kg,ARE,2296239.0,134584265.0,6690357.0,Aguacates (paltas).
Exportaciones,2022,08044001,Kg,ARG,,,,Aguacates (paltas).
Exportaciones,2022,08044001,Kg,BEL,1183365.0,44463761.0,2254516.0,Aguacates (paltas).
Exportaciones,2022,08044001,Kg,BGD,,,,Aguacates (paltas).
Exportaciones,2022,08044001,Kg,BHR,490458.0,31990560.0,1586571.0,Aguacates (paltas).
Exportaciones,2022,08044001,Kg,BLZ,42210.0,2955881.0,147176.0,Aguacates (paltas).
Exportaciones,2022,08044001,Kg,CAN,80079062.0,5222159602.0,258636100.0,Aguacates (paltas).
Exportaciones,2022,08044001,Kg,CHE,,,,Aguacates (paltas).
Exportaciones,2022,08044001,Kg,CHN,1973221.0,95419698.0,4733656.0,Aguacates (paltas).
Exportaciones,2022,08044001,Kg,CRI,1626488.0,62686772.0,3168822.0,Aguacates (paltas).
Exportaciones,2022,08044001,Kg,DEU,411488.0,14422404.0,739169.0,Aguacates (paltas).
Exportaciones,2022,08044001,Kg,ESP,73666470.0,2657332058.0,134092977.0,Aguacates (paltas).
Exportaciones,2022,08044001,Kg,FRA,5355690.0,200889686.0,10169380.0,Aguacates (paltas).
Exportaciones,2022,08044001,Kg,GBR,1818946.0,71212659.0,3586694.0,Aguacates (paltas).
Exportaciones,2022,08044001,Kg,GTM,1325576.0,69037575.0,3421267.0,Aguacates (paltas).
Exportaciones,2022,08044001,Kg,HKG,2239186.0,116805286.0,5821434.0,Aguacates (paltas).
Exportaciones,2022,08044001,Kg,HND,7729083.0,414764501.0,20588886.0,Aguacates (paltas).
Exportaciones,2022,08044001,Kg,ITA,785950.0,28724716.0,1456747.0,Aguacates (paltas).
Exportaciones,2022,08044001,Kg,JPN,36385367.0,2153007184.0,106656811.0,Aguacates (paltas).
Exportaciones,2022,08044001,Kg,KOR,1827222.0,79483138.0,3976264.0,Aguacates (paltas).
Exportaciones,2022,08044001,Kg,KWT,826624.0,52091756.0,2583102.0,Aguacates (paltas).
Exportaciones,2022,08044001,Kg,LTU,,,,Aguacates (paltas).
Exportaciones,2022,08044001,Kg,LVA,,,,Aguacates (paltas).
Exportaciones,2022,08044001,Kg,MYS,65884.0,2491282.0,126285.0,Aguacates (paltas).
Exportaciones,2022,08044001,Kg,NIC,,,,Aguacates (paltas).
Exportaciones,2022,08044001,Kg,NZL,43960.0,2206838.0,110696.0,Aguacates (paltas).
Exportaciones,2022,08044001,Kg,OMN,,,,Aguacates (paltas).
Exportaciones,2022,08044001,Kg,PAN,91378.0,5925870.0,293197.0,Aguacates (paltas).
Exportaciones,2022,08044001,Kg,PRT,,,,Aguacates (paltas).
Exportaciones,2022,08044001,Kg,QAT,15526.0,603876.0,30715.0,Aguacates (paltas).
Exportaciones,2022,08044001,Kg,ROU,,,,Aguacates (paltas).
Exportaciones,2022,08044001,Kg,SAU,620532.0,47238245.0,2335585.0,Aguacates (paltas).
Exportaciones,2022,08044001,Kg,SGP,78007.0,3163652.0,160123.0,Aguacates (paltas).
Exportaciones,2022,08044001,Kg,SLV,13020610.0,676584479.0,33578344.0,Aguacates (paltas).
Exportaciones,2022,08044001,Kg,URY,,,,Aguacates (paltas).
Exportaciones,2022,08044001,Kg,USA,890569599.0,54508817981.0,2702954175.0,Aguacates (paltas).
Exportaciones,2022,08044001,Kg,ZYA,5255721.0,211786017.0,10632690.0,Aguacates (paltas).
Exportaciones,2022,0804400100,Kg,,1130114131.0,66923245414.0,3321156611.0,Aguacates (paltas).
Exportaciones,2022,0804400100,Kg,ARE,2296239.0,134584265.0,6690357.0,Aguacates (paltas).
Exportaciones,2022,0804400100,Kg,ARG,,,,Aguacates (paltas).
Exportaciones,2022,0804400100,Kg,BEL,1183365.0,44463761.0,2254516.0,Aguacates (paltas).
Exportaciones,2022,0804400100,Kg,BGD,,,,Aguacates (paltas).
Exportaciones,2022,0804400100,Kg,BHR,490458.0,31990560.0,1586571.0,Aguacates (paltas).
Exportaciones,2022,0804400100,Kg,BLZ,42210.0,2955881.0,147176.0,Aguacates (paltas).
Exportaciones,2022,0804400100,Kg,CAN,80079062.0,5222159602.0,258636100.0,Aguacates (paltas).
Exportaciones,2022,0804400100,Kg,CHE,,,,Aguacates (paltas).
Exportaciones,2022,0804400100,Kg,CHN,1973221.0,95419698.0,4733656.0,Aguacates (paltas).
Exportaciones,2022,0804400100,Kg,CRI,1626488.0,62686772.0,3168822.0,Aguacates (paltas).
Exportaciones,2022,0804400100,Kg,DEU,411488.0,14422404.0,739169.0,Aguacates (paltas).
Exportaciones,2022,0804400100,Kg,ESP,73666470.0,2657332058.0,134092977.0,Aguacates (paltas).
Exportaciones,2022,0804400100,Kg,FRA,5355690.0,200889686.0,10169380.0,Aguacates (paltas).
Exportaciones,2022,0804400100,Kg,GBR,1818946.0,71212659.0,3586694.0,Aguacates (paltas).
Exportaciones,2022,0804400100,Kg,GTM,1325576.0,69037575.0,3421267.0,Aguacates (paltas).
Exportaciones,2022,0804400100,Kg,HKG,2239186.0,116805286.0,5821434.0,Aguacates (paltas).
Exportaciones,2022,0804400100,Kg,HND,7729083.0,414764501.0,20588886.0,Aguacates (paltas).
Exportaciones,2022,0804400100,Kg,ITA,785950.0,28724716.0,1456747.0,Aguacates (paltas).
Exportaciones,2022,0804400100,Kg,JPN,36385367.0,2153007184.0,106656811.0,Aguacates (paltas).
Exportaciones,2022,0804400100,Kg,KOR,1827222.0,79483138.0,3976264.0,Aguacates (paltas).
Exportaciones,2022,0804400100,Kg,KWT,826624.0,52091756.0,2583102.0,Aguacates (paltas).
Exportaciones,2022,0804400100,Kg,LTU,,,,Aguacates (paltas).
Exportaciones,2022,0804400100,Kg,LVA,,,,Aguacates (paltas).
Exportaciones,2022,0804400100,Kg,MYS,65884.0,2491282.0,126285.0,Aguacates (paltas).
Exportaciones,2022,0804400100,Kg,NIC,,,,Aguacates (paltas).
Exportaciones,2022,0804400100,Kg,NZL,43960.0,2206838.0,110696.0,Aguacates (paltas).
Exportaciones,2022,0804400100,Kg,OMN,,,,Aguacates (paltas).
Exportaciones,2022,0804400100,Kg,PAN,91378.0,5925870.0,293197.0,Aguacates (paltas).
Exportaciones,2022,0804400100,Kg,PRT,,,,Aguacates (paltas).
Exportaciones,2022,0804400100,Kg,QAT,15526.0,603876.0,30715.0,Aguacates (paltas).
Exportaciones,2022,0804400100,Kg,ROU,,,,Aguacates (paltas).
Exportaciones,2022,0804400100,Kg,SAU,620532.0,47238245.0,2335585.0,Aguacates (paltas).
Exportaciones,2022,0804400100,Kg,SGP,78007.0,3163652.0,160123.0,Aguacates (paltas).
Exportaciones,2022,0804400100,Kg,SLV,13020610.0,676584479.0,33578344.0,Aguacates (paltas).
Exportaciones,2022,0804400100,Kg,URY,,,,Aguacates (paltas).
Exportaciones,2022,0804400100,Kg,USA,890569599.0,54508817981.0,2702954175.0,Aguacates (paltas).
Exportaciones,2022,0804400100,Kg,ZYA,5255721.0,211786017.0,10632690.0,Aguacates (paltas).
Importaciones,2022,080440,Kg,,,,,- Aguacates (paltas).
Importaciones,2022,080440,Kg,PER,,,,- Aguacates (paltas).
Importaciones,2022,08044001,Kg,,,,,Aguacates (paltas).
Importaciones,2022,08044001,Kg,PER,,,,Aguacates (paltas).
Importaciones,2022,0804400100,Kg,,,,,Aguacates (paltas).
Importaciones,2022,0804400100,Kg,PER,,,,Aguacates (paltas).
Exportaciones,2023,080440,Kg,,1313818585.0,56047826248.0,3153401774.0,- Aguacates (paltas).
Exportaciones,2023,080440,Kg,ARE,3281232.0,139703680.0,7863134.0,- Aguacates (paltas).
Exportaciones,2023,080440,Kg,ARG,,,,- Aguacates (paltas).
Exportaciones,2023,080440,Kg,AUS,,,,- Aguacates (paltas).
Exportaciones,2023,080440,Kg,BEL,1160142.0,43154100.0,2329594.0,- Aguacates (paltas).
Exportaciones,2023,080440,Kg,BHR,645787.0,28033437.0,1577233.0,- Aguacates (paltas).
Exportaciones,2023,080440,Kg,BLZ,81781.0,3614869.0,204096.0,- Aguacates (paltas).
Exportaciones,2023,080440,Kg,CAN,87101302.0,3828131272.0,216699584.0,- Aguacates (paltas).
Exportaciones,2023,080440,Kg,CHE,,,,- Aguacates (paltas).
Exportaciones,2023,080440,Kg,CHL,,,,- Aguacates (paltas).
Exportaciones,2023,080440,Kg,CHN,1805619.0,67283112.0,3678983.0,- Aguacates (paltas).
Exportaciones,2023,080440,Kg,CRI,7778521.0,316009614.0,17633132.0,- Aguacates (paltas).
Exportaciones,2023,080440,Kg,CUB,,,,- Aguacates (paltas).
Exportaciones,2023,080440,Kg,DEU,889893.0,35723092.0,2068065.0,- Aguacates (paltas).
Exportaciones,2023,080440,Kg,ESP,53005582.0,1914872372.0,103209529.0,- Aguacates (paltas).
Exportaciones,2023,080440,Kg,FRA,6029571.0,236005503.0,13053251.0,- Aguacates (paltas).
Exportaciones,2023,080440,Kg,GBR,2115042.0,82666783.0,4578934.0,- Aguacates (paltas).
Exportaciones,2023,080440,Kg,GTM,1146112.0,48372092.0,2712471.0,- Aguacates (paltas).
Exportaciones,2023,080440,Kg,HKG,1136036.0,46295211.0,2571610.0,- Aguacates (paltas).
Exportaciones,2023,080440,Kg,HND,13213806.0,553132274.0,31050701.0,- Aguacates (paltas).
Exportaciones,2023,080440,Kg,ITA,1276343.0,48574844.0,2639516.0,- Aguacates (paltas).
Exportaciones,2023,080440,Kg,JPN,43832127.0,1856923885.0,104177953.0,- Aguacates (paltas).
Exportaciones,2023,080440,Kg,KOR,2510182.0,95268773.0,5238981.0,- Aguacates (paltas).
Exportaciones,2023,080440,Kg,KWT,727931.0,30170009.0,1685270.0,- Aguacates (paltas).
Exportaciones,2023,080440,Kg,MYS,120189.0,4169061.0,222857.0,- Aguacates (paltas).
Exportaciones,2023,080440,Kg,NZL,24360.0,1044369.0,59672.0,- Aguacates (paltas).
Exportaciones,2023,080440,Kg,PAN,,,,- Aguacates (paltas).
Exportaciones,2023,080440,Kg,QAT,20319.0,862215.0,49534.0,- Aguacates (paltas).
Exportaciones,2023,080440,Kg,RUS,,,,- Aguacates (paltas).
Exportaciones,2023,080440,Kg,SAU,614118.0,25299847.0,1418416.0,- Aguacates (paltas).
Exportaciones,2023,080440,Kg,SGP,365969.0,13969986.0,761565.0,- Aguacates (paltas).
Exportaciones,2023,080440,Kg,SLV,17709554.0,740489056.0,41442630.0,- Aguacates (paltas).
Exportaciones,2023,080440,Kg,TUR,,,,- Aguacates (paltas).
Exportaciones,2023,080440,Kg,URY,,,,- Aguacates (paltas).
Exportaciones,2023,080440,Kg,USA,1061672232.0,45651562273.0,2573196187.0,- Aguacates (paltas).
Exportaciones,2023,080440,Kg,ZYA,3798695.0,169992589.0,9595967.0,- Aguacates (paltas).
Exportaciones,2023,08044001,Kg,,1313818585.0,56047826248.0,3153401774.0,Aguacates (paltas).
Exportaciones,2023,08044001,Kg,ARE,3281232.0,139703680.0,7863134.0,Aguacates (paltas).
Exportaciones,2023,08044001,Kg,ARG,,,,Aguacates (paltas).
Exportaciones,2023,08044001,Kg,AUS,,,,Aguacates (paltas).
Exportaciones,2023,08044001,Kg,BEL,1160142.0,43154100.0,2329594.0,Aguacates (paltas).
Exportaciones,2023,08044001,Kg,BHR,645787.0,28033437.0,1577233.0,Aguacates (paltas).
Exportaciones,2023,08044001,Kg,BLZ,81781.0,3614869.0,204096.0,Aguacates (paltas).
Exportaciones,2023,08044001,Kg,CAN,87101302.0,3828131272.0,216699584.0,Aguacates (paltas).
Exportaciones,2023,08044001,Kg,CHE,,,,Aguacates (paltas).
Exportaciones,2023,08044001,Kg,CHL,,,,Aguacates (paltas).
Exportaciones,2023,08044001,Kg,CHN,1805619.0,67283112.0,3678983.0,Aguacates (paltas).
Exportaciones,2023,08044001,Kg,CRI,7778521.0,316009614.0,17633132.0,Aguacates (paltas).
Exportaciones,2023,08044001,Kg,CUB,,,,Aguacates (paltas).
Exportaciones,2023,08044001,Kg,DEU,889893.0,35723092.0,2068065.0,Aguacates (paltas).
Exportaciones,2023,08044001,Kg,ESP,53005582.0,1914872372.0,103209529.0,Aguacates (paltas).
Exportaciones,2023,08044001,Kg,FRA,6029571.0,236005503.0,13053251.0,Aguacates (paltas).
Exportaciones,2023,08044001,Kg,GBR,2115042.0,82666783.0,4578934.0,Aguacates (paltas).
Exportaciones,2023,08044001,Kg,GTM,1146112.0,48372092.0,2712471.0,Aguacates (paltas).
Exportaciones,2023,08044001,Kg,HKG,1136036.0,46295211.0,2571610.0,Aguacates (paltas).
Exportaciones,2023,08044001,Kg,HND,13213806.0,553132274.0,31050701.0,Aguacates (paltas).
Exportaciones,2023,08044001,Kg,ITA,1276343.0,48574844.0,2639516.0,Aguacates (paltas).
Exportaciones,2023,08044001,Kg,JPN,43832127.0,1856923885.0,104177953.0,Aguacates (paltas).
Exportaciones,2023,08044001,Kg,KOR,2510182.0,95268773.0,5238981.0,Aguacates (paltas).
Exportaciones,2023,08044001,Kg,KWT,727931.0,30170009.0,1685270.0,Aguacates (paltas).
Exportaciones,2023,08044001,Kg,MYS,120189.0,4169061.0,222857.0,Aguacates (paltas).
Exportaciones,2023,08044001,Kg,NZL,24360.0,1044369.0,59672.0,Aguacates (paltas).
Exportaciones,2023,08044001,Kg,PAN,,,,Aguacates (paltas).
Exportaciones,2023,08044001,Kg,QAT,20319.0,862215.0,49534.0,Aguacates (paltas).
Exportaciones,2023,08044001,Kg,RUS,,,,Aguacates (paltas).
Exportaciones,2023,08044001,Kg,SAU,614118.0,25299847.0,1418416.0,Aguacates (paltas).
Exportaciones,2023,08044001,Kg,SGP,365969.0,13969986.0,761565.0,Aguacates (paltas).
Exportaciones,2023,08044001,Kg,SLV,17709554.0,740489056.0,41442630.0,Aguacates (paltas).
Exportaciones,2023,08044001,Kg,TUR,,,,Aguacates (paltas).
Exportaciones,2023,08044001,Kg,URY,,,,Aguacates (paltas).
Exportaciones,2023,08044001,Kg,USA,1061672232.0,45651562273.0,2573196187.0,Aguacates (paltas).
Exportaciones,2023,08044001,Kg,ZYA,3798695.0,169992589.0,9595967.0,Aguacates (paltas).
Exportaciones,2023,0804400100,Kg,,1313818585.0,56047826248.0,3153401774.0,Aguacates (paltas).
Exportaciones,2023,0804400100,Kg,ARE,3281232.0,139703680.0,7863134.0,Aguacates (paltas).
Exportaciones,2023,0804400100,Kg,ARG,,,,Aguacates (paltas).
Exportaciones,2023,0804400100,Kg,AUS,,,,Aguacates (paltas).
Exportaciones,2023,0804400100,Kg,BEL,1160142.0,43154100.0,2329594.0,Aguacates (paltas).
Exportaciones,2023,0804400100,Kg,BHR,645787.0,28033437.0,1577233.0,Aguacates (paltas).
Exportaciones,2023,0804400100,Kg,BLZ,81781.0,3614869.0,204096.0,Aguacates (paltas).
Exportaciones,2023,0804400100,Kg,CAN,87101302.0,3828131272.0,216699584.0,Aguacates (paltas).
Exportaciones,2023,0804400100,Kg,CHE,,,,Aguacates (paltas).
Exportaciones,2023,0804400100,Kg,CHL,,,,Aguacates (paltas).
Exportaciones,2023,0804400100,Kg,CHN,1805619.0,67283112.0,3678983.0,Aguacates (paltas).
Exportaciones,2023,0804400100,Kg,CRI,7778521.0,316009614.0,17633132.0,Aguacates (paltas).
Exportaciones,2023,0804400100,Kg,CUB,,,,Aguacates (paltas).
Exportaciones,2023,0804400100,Kg,DEU,889893.0,35723092.0,2068065.0,Aguacates (paltas).
Exportaciones,2023,0804400100,Kg,ESP,53005582.0,1914872372.0,103209529.0,Aguacates (paltas).
Exportaciones,2023,0804400100,Kg,FRA,6029571.0,236005503.0,13053251.0,Aguacates (paltas).
Exportaciones,2023,0804400100,Kg,GBR,2115042.0,82666783.0,4578934.0,Aguacates (paltas).
Exportaciones,2023,0804400100,Kg,GTM,1146112.0,48372092.0,2712471.0,Aguacates (paltas).
Exportaciones,2023,0804400100,Kg,HKG,1136036.0,46295211.0,2571610.0,Aguacates (paltas).
Exportaciones,2023,0804400100,Kg,HND,13213806.0,553132274.0,31050701.0,Aguacates (paltas).
Exportaciones,2023,0804400100,Kg,ITA,1276343.0,48574844.0,2639516.0,Aguacates (paltas).
Exportaciones,2023,0804400100,Kg,JPN,43832127.0,1856923885.0,104177953.0,Aguacates (paltas).
Exportaciones,2023,0804400100,Kg,KOR,2510182.0,95268773.0,5238981.0,Aguacates (paltas).
Exportaciones,2023,0804400100,Kg,KWT,727931.0,30170009.0,1685270.0,Aguacates (paltas).
Exportaciones,2023,0804400100,Kg,MYS,120189.0,4169061.0,222857.0,Aguacates (paltas).
Exportaciones,2023,0804400100,Kg,NZL,24360.0,1044369.0,59672.0,Aguacates (paltas).
Exportaciones,2023,0804400100,Kg,PAN,,,,Aguacates (paltas).
Exportaciones,2023,0804400100,Kg,QAT,20319.0,862215.0,49534.0,Aguacates (paltas).
Exportaciones,2023,0804400100,Kg,RUS,,,,Aguacates (paltas).
Exportaciones,2023,0804400100,Kg,SAU,614118.0,25299847.0,1418416.0,Aguacates (paltas).
Exportaciones,2023,0804400100,Kg,SGP,365969.0,13969986.0,761565.0,Aguacates (paltas).
Exportaciones,2023,0804400100,Kg,SLV,17709554.0,740489056.0,41442630.0,Aguacates (paltas).
Exportaciones,2023,0804400100,Kg,TUR,,,,Aguacates (paltas).
Exportaciones,2023,0804400100,Kg,URY,,,,Aguacates (paltas).
Exportaciones,2023,0804400100,Kg,USA,1061672232.0,45651562273.0,2573196187.0,Aguacates (paltas).
Exportaciones,2023,0804400100,Kg,ZYA,3798695.0,169992589.0,9595967.0,Aguacates (paltas).
Exportaciones,2024,080440,Kg,,1195764915.0,70670353118.0,3844206363.0,- Aguacates (paltas).
Exportaciones,2024,080440,Kg,ARE,3275975.0,193039201.0,10623225.0,- Aguacates (paltas).
Exportaciones,2024,080440,Kg,ARG,,,,- Aguacates (paltas).
Exportaciones,2024,080440,Kg,AUS,,,,- Aguacates (paltas).
Exportaciones,2024,080440,Kg,BEL,,,,- Aguacates (paltas).
Exportaciones,2024,080440,Kg,BHR,613976.0,36824056.0,2004909.0,- Aguacates (paltas).
Exportaciones,2024,080440,Kg,BLZ,109861.0,6454124.0,362015.0,- Aguacates (paltas).
Exportaciones,2024,080440,Kg,CAN,79353368.0,4731917669.0,257920819.0,- Aguacates (paltas).
Exportaciones,2024,080440,Kg,CHE,,,,- Aguacates (paltas).
Exportaciones,2024,080440,Kg,CHL,,,,- Aguacates (paltas).
Exportaciones,2024,080440,Kg,CHN,502610.0,23031862.0,1303156.0,- Aguacates (paltas).
Exportaciones,2024,080440,Kg,CRI,8331768.0,455519615.0,25446371.0,- Aguacates (paltas).
Exportaciones,2024,080440,Kg,DEU,8295.0,468641.0,24594.0,- Aguacates (paltas).
Exportaciones,2024,080440,Kg,ESP,4148578.0,268518557.0,13722157.0,- Aguacates (paltas).
Exportaciones,2024,080440,Kg,FRA,629727.0,29551323.0,1686174.0,- Aguacates (paltas).
Exportaciones,2024,080440,Kg,GBR,339000.0,24286136.0,1236324.0,- Aguacates (paltas).
Exportaciones,2024,080440,Kg,GRC,,,,- Aguacates (paltas).
Exportaciones,2024,080440,Kg,GTM,1231830.0,69989525.0,3945067.0,- Aguacates (paltas).
Exportaciones,2024,080440,Kg,HKG,545514.0,34000965.0,1714081.0,- Aguacates (paltas).
Exportaciones,2024,080440,Kg,HND,14079140.0,803660513.0,43846452.0,- Aguacates (paltas).
Exportaciones,2024,080440,Kg,ITA,,,,- Aguacates (paltas).
Exportaciones,2024,080440,Kg,JPN,33992205.0,2015803843.0,108301018.0,- Aguacates (paltas).
Exportaciones,2024,080440,Kg,KOR,,,,- Aguacates (paltas).
Exportaciones,2024,080440,Kg,KWT,1059400.0,69113936.0,3667459.0,- Aguacates (paltas).
Exportaciones,2024,080440,Kg,MYS,35950.0,2224986.0,113894.0,- Aguacates (paltas).
Exportaciones,2024,080440,Kg,NZL,31909.0,1779060.0,98353.0,- Aguacates (paltas).
Exportaciones,2024,080440,Kg,OMN,,,,- Aguacates (paltas).
Exportaciones,2024,080440,Kg,PAN,,,,- Aguacates (paltas).
Exportaciones,2024,080440,Kg,PTY,,,,- Aguacates (paltas).
Exportaciones,2024,080440,Kg,QAT,,,,- Aguacates (paltas).
Exportaciones,2024,080440,Kg,SAU,326849.0,20466447.0,1094295.0,- Aguacates (paltas).
Exportaciones,2024,080440,Kg,SGP,176803.0,10495026.0,561488.0,- Aguacates (paltas).
Exportaciones,2024,080440,Kg,SLV,16429233.0,952433376.0,51080096.0,- Aguacates (paltas).
Exportaciones,2024,080440,Kg,THA,,,,- Aguacates (paltas).
Exportaciones,2024,080440,Kg,URY,,,,- Aguacates (paltas).
Exportaciones,2024,080440,Kg,USA,1025670814.0,60653641445.0,3301008132.0,- Aguacates (paltas).
Exportaciones,2024,080440,Kg,ZYA,1225390.0,82004671.0,4237522.0,- Aguacates (paltas).
Exportaciones,2024,08044001,Kg,,1195764915.0,70670353118.0,3844206363.0,Aguacates (paltas).
Exportaciones,2024,08044001,Kg,ARE,3275975.0,193039201.0,10623225.0,Aguacates (paltas).
Exportaciones,2024,08044001,Kg,ARG,,,,Aguacates (paltas).
Exportaciones,2024,08044001,Kg,AUS,,,,Aguacates (paltas).
Exportaciones,2024,08044001,Kg,BEL,,,,Aguacates (paltas).
Exportaciones,2024,08044001,Kg,BHR,613976.0,36824056.0,2004909.0,Aguacates (paltas).
Exportaciones,2024,08044001,Kg,BLZ,109861.0,6454124.0,362015.0,Aguacates (paltas).
Exportaciones,2024,08044001,Kg,CAN,79353368.0,4731917669.0,257920819.0,Aguacates (paltas).
Exportaciones,2024,08044001,Kg,CHE,,,,Aguacates (paltas).
Exportaciones,2024,08044001,Kg,CHL,,,,Aguacates (paltas).
Exportaciones,2024,08044001,Kg,CHN,502610.0,23031862.0,1303156.0,Aguacates (paltas).
Exportaciones,2024,08044001,Kg,CRI,8331768.0,455519615.0,25446371.0,Aguacates (paltas).
Exportaciones,2024,08044001,Kg,DEU,8295.0,468641.0,24594.0,Aguacates (paltas).
Exportaciones,2024,08044001,Kg,ESP,4148578.0,268518557.0,13722157.0,Aguacates (paltas).
Exportaciones,2024,08044001,Kg,FRA,629727.0,29551323.0,1686174.0,Aguacates (paltas).
Exportaciones,2024,08044001,Kg,GBR,339000.0,24286136.0,1236324.0,Aguacates (paltas).
Exportaciones,2024,08044001,Kg,GRC,,,,Aguacates (paltas).
Exportaciones,2024,08044001,Kg,GTM,1231830.0,69989525.0,3945067.0,Aguacates (paltas).
Exportaciones,2024,08044001,Kg,HKG,545514.0,34000965.0,1714081.0,Aguacates (paltas).
Exportaciones,2024,08044001,Kg,HND,14079140.0,803660513.0,43846452.0,Aguacates (paltas).
Exportaciones,2024,08044001,Kg,ITA,,,,Aguacates (paltas).
Exportaciones,2024,08044001,Kg,JPN,33992205.0,2015803843.0,108301018.0,Aguacates (paltas).
Exportaciones,2024,08044001,Kg,KOR,,,,Aguacates (paltas).
Exportaciones,2024,08044001,Kg,KWT,1059400.0,69113936.0,3667459.0,Aguacates (paltas).
Exportaciones,2024,08044001,Kg,MYS,35950.0,2224986.0,113894.0,Aguacates (paltas).
Exportaciones,2024,08044001,Kg,NZL,31909.0,1779060.0,98353.0,Aguacates (paltas).
Exportaciones,2024,08044001,Kg,OMN,,,,Aguacates (paltas).
Exportaciones,2024,08044001,Kg,PAN,,,,Aguacates (paltas).
Exportaciones,2024,08044001,Kg,PTY,,,,Aguacates (paltas).
Exportaciones,2024,08044001,Kg,QAT,,,,Aguacates (paltas).
Exportaciones,2024,08044001,Kg,SAU,326849.0,20466447.0,1094295.0,Aguacates (paltas).
Exportaciones,2024,08044001,Kg,SGP,176803.0,10495026.0,561488.0,Aguacates (paltas).
Exportaciones,2024,08044001,Kg,SLV,16429233.0,952433376.0,51080096.0,Aguacates (paltas).
Exportaciones,2024,08044001,Kg,THA,,,,Aguacates (paltas).
Exportaciones,2024,08044001,Kg,URY,,,,Aguacates (paltas).
Exportaciones,2024,08044001,Kg,USA,1025670814.0,60653641445.0,3301008132.0,Aguacates (paltas).
Exportaciones,2024,08044001,Kg,ZYA,1225390.0,82004671.0,4237522.0,Aguacates (paltas).
Exportaciones,2024,0804400100,Kg,,1195764915.0,70670353118.0,3844206363.0,Aguacates (paltas).
Exportaciones,2024,0804400100,Kg,ARE,3275975.0,193039201.0,10623225.0,Aguacates (paltas).
Exportaciones,2024,0804400100,Kg,ARG,,,,Aguacates (paltas).
Exportaciones,2024,0804400100,Kg,AUS,,,,Aguacates (paltas).
Exportaciones,2024,0804400100,Kg,BEL,,,,Aguacates (paltas).
Exportaciones,2024,0804400100,Kg,BHR,613976.0,36824056.0,2004909.0,Aguacates (paltas).
Exportaciones,2024,0804400100,Kg,BLZ,109861.0,6454124.0,362015.0,Aguacates (paltas).
Exportaciones,2024,0804400100,Kg,CAN,79353368.0,4731917669.0,257920819.0,Aguacates (paltas).
Exportaciones,2024,0804400100,Kg,CHE,,,,Aguacates (paltas).
Exportaciones,2024,0804400100,Kg,CHL,,,,Aguacates (paltas).
Exportaciones,2024,0804400100,Kg,CHN,502610.0,23031862.0,1303156.0,Aguacates (paltas).
Exportaciones,2024,0804400100,Kg,CRI,8331768.0,455519615.0,25446371.0,Aguacates (paltas).
Exportaciones,2024,0804400100,Kg,DEU,8295.0,468641.0,24594.0,Aguacates (paltas).
Exportaciones,2024,0804400100,Kg,ESP,4148578.0,268518557.0,13722157.0,Aguacates (paltas).
Exportaciones,2024,0804400100,Kg,FRA,629727.0,29551323.0,1686174.0,Aguacates (paltas).
Exportaciones,2024,0804400100,Kg,GBR,339000.0,24286136.0,1236324.0,Aguacates (paltas).
Exportaciones,2024,0804400100,Kg,GRC,,,,Aguacates (paltas).
Exportaciones,2024,0804400100,Kg,GTM,1231830.0,69989525.0,3945067.0,Aguacates (paltas).
Exportaciones,2024,0804400100,Kg,HKG,545514.0,34000965.0,1714081.0,Aguacates (paltas).
Exportaciones,2024,0804400100,Kg,HND,14079140.0,803660513.0,43846452.0,Aguacates (paltas).
Exportaciones,2024,0804400100,Kg,ITA,,,,Aguacates (paltas).
Exportaciones,2024,0804400100,Kg,JPN,33992205.0,2015803843.0,108301018.0,Aguacates (paltas).
Exportaciones,2024,0804400100,Kg,KOR,,,,Aguacates (paltas).
Exportaciones,2024,0804400100,Kg,KWT,1059400.0,69113936.0,3667459.0,Aguacates (paltas).
Exportaciones,2024,0804400100,Kg,MYS,35950.0,2224986.0,113894.0,Aguacates (paltas).
Exportaciones,2024,0804400100,Kg,NZL,31909.0,1779060.0,98353.0,Aguacates (paltas).
Exportaciones,2024,0804400100,Kg,OMN,,,,Aguacates (paltas).
Exportaciones,2024,0804400100,Kg,PAN,,,,Aguacates (paltas).
Exportaciones,2024,0804400100,Kg,PTY,,,,Aguacates (paltas).
Exportaciones,2024,0804400100,Kg,QAT,,,,Aguacates (paltas).
Exportaciones,2024,0804400100,Kg,SAU,326849.0,20466447.0,1094295.0,Aguacates (paltas).
Exportaciones,2024,0804400100,Kg,SGP,176803.0,10495026.0,561488.0,Aguacates (paltas).
Exportaciones,2024,0804400100,Kg,SLV,16429233.0,952433376.0,51080096.0,Aguacates (paltas).
Exportaciones,2024,0804400100,Kg,THA,,,,Aguacates (paltas).
Exportaciones,2024,0804400100,Kg,URY,,,,Aguacates (paltas).
Exportaciones,2024,0804400100,Kg,USA,1025670814.0,60653641445.0,3301008132.0,Aguacates (paltas).
Exportaciones,2024,0804400100,Kg,ZYA,1225390.0,82004671.0,4237522.0,Aguacates (paltas).
Exportaciones,2025,080440,Kg,,1222418191.0,75696629649.0,3905913158.0,- Aguacates (paltas).
Exportaciones,2025,080440,Kg,ARE,2997532.0,171138723.0,8914033.0,- Aguacates (paltas).
Exportaciones,2025,080440,Kg,ARG,690288.0,50856267.0,2506091.0,- Aguacates (paltas).
Exportaciones,2025,080440,Kg,BEL,,,,- Aguacates (paltas).
Exportaciones,2025,080440,Kg,BHR,632307.0,36173087.0,1890215.0,- Aguacates (paltas).
Exportaciones,2025,080440,Kg,BLZ,113325.0,8090730.0,413978.0,- Aguacates (paltas).
Exportaciones,2025,080440,Kg,CAN,80426797.0,5078010140.0,262284937.0,- Aguacates (paltas).
Exportaciones,2025,080440,Kg,CHE,,,,- Aguacates (paltas).
Exportaciones,2025,080440,Kg,CHL,,,,- Aguacates (paltas).
Exportaciones,2025,080440,Kg,CHN,,,,- Aguacates (paltas).
Exportaciones,2025,080440,Kg,CRI,6227434.0,361340187.0,18655126.0,- Aguacates (paltas).
Exportaciones,2025,080440,Kg,DEU,68802.0,3425665.0,184426.0,- Aguacates (paltas).
Exportaciones,2025,080440,Kg,ESP,4719766.0,198988758.0,10809022.0,- Aguacates (paltas).
Exportaciones,2025,080440,Kg,FRA,631883.0,28982509.0,1565215.0,- Aguacates (paltas).
Exportaciones,2025,080440,Kg,GBR,126195.0,5691550.0,307492.0,- Aguacates (paltas).
Exportaciones,2025,080440,Kg,GTM,739616.0,40797249.0,2107183.0,- Aguacates (paltas).
Exportaciones,2025,080440,Kg,HKG,77706.0,6118278.0,301147.0,- Aguacates (paltas).
Exportaciones,2025,080440,Kg,HND,14838603.0,943437996.0,48355950.0,- Aguacates (paltas).
Exportaciones,2025,080440,Kg,ISR,,,,- Aguacates (paltas).
Exportaciones,2025,080440,Kg,ITA,,,,- Aguacates (paltas).
Exportaciones,2025,080440,Kg,JPN,34010122.0,1847268414.0,96197212.0,- Aguacates (paltas).
Exportaciones,2025,080440,Kg,KEN,,,,- Aguacates (paltas).
Exportaciones,2025,080440,Kg,KOR,,,,- Aguacates (paltas).
Exportaciones,2025,080440,Kg,KWT,1374117.0,87244620.0,4528443.0,- Aguacates (paltas).
Exportaciones,2025,080440,Kg,MYS,85702.0,6635658.0,326295.0,- Aguacates (paltas).
Exportaciones,2025,080440,Kg,NIC,,,,- Aguacates (paltas).
Exportaciones,2025,080440,Kg,NZL,24702.0,1519931.0,79201.0,- Aguacates (paltas).
Exportaciones,2025,080440,Kg,OMN,,,,- Aguacates (paltas).
Exportaciones,2025,080440,Kg,PAN,30374.0,2503928.0,122856.0,- Aguacates (paltas).
Exportaciones,2025,080440,Kg,QAT,68511.0,2594443.0,141577.0,- Aguacates (paltas).
Exportaciones,2025,080440,Kg,SAU,257871.0,14057117.0,736627.0,- Aguacates (paltas).
Exportaciones,2025,080440,Kg,SGP,199258.0,14557912.0,727577.0,- Aguacates (paltas).
Exportaciones,2025,080440,Kg,SLV,18239176.0,1109047055.0,56960126.0,- Aguacates (paltas).
Exportaciones,2025,080440,Kg,URY,,,,- Aguacates (paltas).
Exportaciones,2025,080440,Kg,USA,1053721725.0,65578014410.0,3382471005.0,- Aguacates (paltas).
Exportaciones,2025,080440,Kg,ZYA,1188911.0,52929066.0,2864870.0,- Aguacates (paltas).
Exportaciones,2025,08044001,Kg,,1222418191.0,75696629649.0,3905913158.0,Aguacates (paltas).
Exportaciones,2025,08044001,Kg,ARE,2997532.0,171138723.0,8914033.0,Aguacates (paltas).
Exportaciones,2025,08044001,Kg,ARG,690288.0,50856267.0,2506091.0,Aguacates (paltas).
Exportaciones,2025,08044001,Kg,BEL,,,,Aguacates (paltas).
Exportaciones,2025,08044001,Kg,BHR,632307.0,36173087.0,1890215.0,Aguacates (paltas).
Exportaciones,2025,08044001,Kg,BLZ,113325.0,8090730.0,413978.0,Aguacates (paltas).
Exportaciones,2025,08044001,Kg,CAN,80426797.0,5078010140.0,262284937.0,Aguacates (paltas).
Exportaciones,2025,08044001,Kg,CHE,,,,Aguacates (paltas).
Exportaciones,2025,08044001,Kg,CHL,,,,Aguacates (paltas).
Exportaciones,2025,08044001,Kg,CHN,,,,Aguacates (paltas).
Exportaciones,2025,08044001,Kg,CRI,6227434.0,361340187.0,18655126.0,Aguacates (paltas).
Exportaciones,2025,08044001,Kg,DEU,68802.0,3425665.0,184426.0,Aguacates (paltas).
Exportaciones,2025,08044001,Kg,ESP,4719766.0,198988758.0,10809022.0,Aguacates (paltas).
Exportaciones,2025,08044001,Kg,FRA,631883.0,28982509.0,1565215.0,Aguacates (paltas).
Exportaciones,2025,08044001,Kg,GBR,126195.0,5691550.0,307492.0,Aguacates (paltas).
Exportaciones,2025,08044001,Kg,GTM,739616.0,40797249.0,2107183.0,Aguacates (paltas).
Exportaciones,2025,08044001,Kg,HKG,77706.0,6118278.0,301147.0,Aguacates (paltas).
Exportaciones,2025,08044001,Kg,HND,14838603.0,943437996.0,48355950.0,Aguacates (paltas).
Exportaciones,2025,08044001,Kg,ISR,,,,Aguacates (paltas).
Exportaciones,2025,08044001,Kg,ITA,,,,Aguacates (paltas).
Exportaciones,2025,08044001,Kg,JPN,34010122.0,1847268414.0,96197212.0,Aguacates (paltas).
Exportaciones,2025,08044001,Kg,KEN,,,,Aguacates (paltas).
Exportaciones,2025,08044001,Kg,KOR,,,,Aguacates (paltas).
Exportaciones,2025,08044001,Kg,KWT,1374117.0,87244620.0,4528443.0,Aguacates (paltas).
Exportaciones,2025,08044001,Kg,MYS,85702.0,6635658.0,326295.0,Aguacates (paltas).
Exportaciones,2025,08044001,Kg,NIC,,,,Aguacates (paltas).
Exportaciones,2025,08044001,Kg,NZL,24702.0,1519931.0,79201.0,Aguacates (paltas).
Exportaciones,2025,08044001,Kg,OMN,,,,Aguacates (paltas).
Exportaciones,2025,08044001,Kg,PAN,30374.0,2503928.0,122856.0,Aguacates (paltas).
Exportaciones,2025,08044001,Kg,QAT,68511.0,2594443.0,141577.0,Aguacates (paltas).
Exportaciones,2025,08044001,Kg,SAU,257871.0,14057117.0,736627.0,Aguacates (paltas).
Exportaciones,2025,08044001,Kg,SGP,199258.0,14557912.0,727577.0,Aguacates (paltas).
Exportaciones,2025,08044001,Kg,SLV,18239176.0,1109047055.0,56960126.0,Aguacates (paltas).
Exportaciones,2025,08044001,Kg,URY,,,,Aguacates (paltas).
Exportaciones,2025,08044001,Kg,USA,1053721725.0,65578014410.0,3382471005.0,Aguacates (paltas).
Exportaciones,2025,08044001,Kg,ZYA,1188911.0,52929066.0,2864870.0,Aguacates (paltas).
Exportaciones,2025,0804400100,Kg,,1222418191.0,75696629649.0,3905913158.0,Aguacates (paltas).
Exportaciones,2025,0804400100,Kg,ARE,2997532.0,171138723.0,8914033.0,Aguacates (paltas).
Exportaciones,2025,0804400100,Kg,ARG,690288.0,50856267.0,2506091.0,Aguacates (paltas).
Exportaciones,2025,0804400100,Kg,BEL,,,,Aguacates (paltas).
Exportaciones,2025,0804400100,Kg,BHR,632307.0,36173087.0,1890215.0,Aguacates (paltas).
Exportaciones,2025,0804400100,Kg,BLZ,113325.0,8090730.0,413978.0,Aguacates (paltas).
Exportaciones,2025,0804400100,Kg,CAN,80426797.0,5078010140.0,262284937.0,Aguacates (paltas).
Exportaciones,2025,0804400100,Kg,CHE,,,,Aguacates (paltas).
Exportaciones,2025,0804400100,Kg,CHL,,,,Aguacates (paltas).
Exportaciones,2025,0804400100,Kg,CHN,,,,Aguacates (paltas).
Exportaciones,2025,0804400100,Kg,CRI,6227434.0,361340187.0,18655126.0,Aguacates (paltas).
Exportaciones,2025,0804400100,Kg,DEU,68802.0,3425665.0,184426.0,Aguacates (paltas).
Exportaciones,2025,0804400100,Kg,ESP,4719766.0,198988758.0,10809022.0,Aguacates (paltas).
Exportaciones,2025,0804400100,Kg,FRA,631883.0,28982509.0,1565215.0,Aguacates (paltas).
Exportaciones,2025,0804400100,Kg,GBR,126195.0,5691550.0,307492.0,Aguacates (paltas).
Exportaciones,2025,0804400100,Kg,GTM,739616.0,40797249.0,2107183.0,Aguacates (paltas).
Exportaciones,2025,0804400100,Kg,HKG,77706.0,6118278.0,301147.0,Aguacates (paltas).
Exportaciones,2025,0804400100,Kg,HND,14838603.0,943437996.0,48355950.0,Aguacates (paltas).
Exportaciones,2025,0804400100,Kg,ISR,,,,Aguacates (paltas).
Exportaciones,2025,0804400100,Kg,ITA,,,,Aguacates (paltas).
Exportaciones,2025,0804400100,Kg,JPN,34010122.0,1847268414.0,96197212.0,Aguacates (paltas).
Exportaciones,2025,0804400100,Kg,KEN,,,,Aguacates (paltas).
Exportaciones,2025,0804400100,Kg,KOR,,,,Aguacates (paltas).
Exportaciones,2025,0804400100,Kg,KWT,1374117.0,87244620.0,4528443.0,Aguacates (paltas).
Exportaciones,2025,0804400100,Kg,MYS,85702.0,6635658.0,326295.0,Aguacates (paltas).
Exportaciones,2025,0804400100,Kg,NIC,,,,Aguacates (paltas).
Exportaciones,2025,0804400100,Kg,NZL,24702.0,1519931.0,79201.0,Aguacates (paltas).
Exportaciones,2025,0804400100,Kg,OMN,,,,Aguacates (paltas).
Exportaciones,2025,0804400100,Kg,PAN,30374.0,2503928.0,122856.0,Aguacates (paltas).
Exportaciones,2025,0804400100,Kg,QAT,68511.0,2594443.0,141577.0,Aguacates (paltas).
Exportaciones,2025,0804400100,Kg,SAU,257871.0,14057117.0,736627.0,Aguacates (paltas).
Exportaciones,2025,0804400100,Kg,SGP,199258.0,14557912.0,727577.0,Aguacates (paltas).
Exportaciones,2025,0804400100,Kg,SLV,18239176.0,1109047055.0,56960126.0,Aguacates (paltas).
Exportaciones,2025,0804400100,Kg,URY,,,,Aguacates (paltas).
Exportaciones,2025,0804400100,Kg,USA,1053721725.0,65578014410.0,3382471005.0,Aguacates (paltas).
Exportaciones,2025,0804400100,Kg,ZYA,1188911.0,52929066.0,2864870.0,Aguacates (paltas).
Importaciones,2025,080440,Kg,,,,,- Aguacates (paltas).
Importaciones,2025,080440,Kg,PER,,,,- Aguacates (paltas).
Importaciones,2025,080440,Kg,USA,,,,- Aguacates (paltas).
Importaciones,2025,08044001,Kg,,,,,Aguacates (paltas).
Importaciones,2025,08044001,Kg,PER,,,,Aguacates (paltas).
Importaciones,2025,08044001,Kg,USA,,,,Aguacates (paltas).
Importaciones,2025,0804400100,Kg,,,,,Aguacates (paltas).
Importaciones,2025,0804400100,Kg,PER,,,,Aguacates (paltas).
Importaciones,2025,0804400100,Kg,USA,,,,Aguacates (paltas).
