Year,Month ID,Month,Flow ID,Flow,Continent ID,Continent,País / Región ID,País / Región,HS6 ID,HS6,Trade Value
"2006","200601","2006-01","2","Exportaciones","as","Asia","hkg","Hong Kong","2080440","Aguacates Frescos o Secos","78230"
"2006","200601","2006-01","2","Exportaciones","as","Asia","jpn","Japón","2080440","Aguacates Frescos o Secos","2522562"
"2006","200601","2006-01","2","Exportaciones","eu","Europa","bel","Bélgica","2080440","Aguacates Frescos o Secos","33776"
"2006","200601","2006-01","2","Exportaciones","eu","Europa","deu","Alemania","2080440","Aguacates Frescos o Secos","303"
"2006","200601","2006-01","2","Exportaciones","eu","Europa","esp","España","2080440","Aguacates Frescos o Secos","371100"
"2006","200601","2006-01","2","Exportaciones","eu","Europa","fra","Francia","2080440","Aguacates Frescos o Secos","2485264"
"2006","200601","2006-01","2","Exportaciones","eu","Europa","gbr","Reino Unido","2080440","Aguacates Frescos o Secos","648126"
"2006","200601","2006-01","2","Exportaciones","eu","Europa","nld","Países Bajos","2080440","Aguacates Frescos o Secos","573822"
"2006","200601","2006-01","2","Exportaciones","na","América del Norte","can","Canadá","2080440","Aguacates Frescos o Secos","1945317"
"2006","200601","2006-01","2","Exportaciones","na","América del Norte","cri","Costa Rica","2080440","Aguacates Frescos o Secos","700283"
"2006","200601","2006-01","2","Exportaciones","na","América del Norte","gtm","Guatemala","2080440","Aguacates Frescos o Secos","591448"
"2006","200601","2006-01","2","Exportaciones","na","América del Norte","hnd","Honduras","2080440","Aguacates Frescos o Secos","1033923"
"2006","200601","2006-01","2","Exportaciones","na","América del Norte","slv","El Salvador","2080440","Aguacates Frescos o Secos","1823492"
"2006","200601","2006-01","2","Exportaciones","na","América del Norte","usa","Estados Unidos","2080440","Aguacates Frescos o Secos","23044305"
"2006","200601","2006-01","2","Exportaciones","sa","América del Sur","chl","Chile","2080440","Aguacates Frescos o Secos","58074"
"2006","200602","2006-02","2","Exportaciones","as","Asia","hkg","Hong Kong","2080440","Aguacates Frescos o Secos","58576"
"2006","200602","2006-02","2","Exportaciones","as","Asia","jpn","Japón","2080440","Aguacates Frescos o Secos","2732614"
"2006","200602","2006-02","2","Exportaciones","eu","Europa","bel","Bélgica","2080440","Aguacates Frescos o Secos","33719"
"2006","200602","2006-02","2","Exportaciones","eu","Europa","deu","Alemania","2080440","Aguacates Frescos o Secos","153"
"2006","200602","2006-02","2","Exportaciones","eu","Europa","esp","España","2080440","Aguacates Frescos o Secos","437219"
"2006","200602","2006-02","2","Exportaciones","eu","Europa","fra","Francia","2080440","Aguacates Frescos o Secos","3039025"
"2006","200602","2006-02","2","Exportaciones","eu","Europa","gbr","Reino Unido","2080440","Aguacates Frescos o Secos","1081970"
"2006","200602","2006-02","2","Exportaciones","eu","Europa","nld","Países Bajos","2080440","Aguacates Frescos o Secos","744152"
"2006","200602","2006-02","2","Exportaciones","eu","Europa","ukr","Ucrania","2080440","Aguacates Frescos o Secos","97608"
"2006","200602","2006-02","2","Exportaciones","na","América del Norte","can","Canadá","2080440","Aguacates Frescos o Secos","1996749"
"2006","200602","2006-02","2","Exportaciones","na","América del Norte","cri","Costa Rica","2080440","Aguacates Frescos o Secos","805457"
"2006","200602","2006-02","2","Exportaciones","na","América del Norte","gtm","Guatemala","2080440","Aguacates Frescos o Secos","519026"
"2006","200602","2006-02","2","Exportaciones","na","América del Norte","hnd","Honduras","2080440","Aguacates Frescos o Secos","721701"
"2006","200602","2006-02","2","Exportaciones","na","América del Norte","slv","El Salvador","2080440","Aguacates Frescos o Secos","1459024"
"2006","200602","2006-02","2","Exportaciones","na","América del Norte","usa","Estados Unidos","2080440","Aguacates Frescos o Secos","17394280"
"2006","200603","2006-03","2","Exportaciones","as","Asia","hkg","Hong Kong","2080440","Aguacates Frescos o Secos","86508"
"2006","200603","2006-03","2","Exportaciones","as","Asia","jpn","Japón","2080440","Aguacates Frescos o Secos","3292885"
"2006","200603","2006-03","2","Exportaciones","eu","Europa","deu","Alemania","2080440","Aguacates Frescos o Secos","33719"
"2006","200603","2006-03","2","Exportaciones","eu","Europa","esp","España","2080440","Aguacates Frescos o Secos","240128"
"2006","200603","2006-03","2","Exportaciones","eu","Europa","fra","Francia","2080440","Aguacates Frescos o Secos","2014296"
"2006","200603","2006-03","2","Exportaciones","eu","Europa","gbr","Reino Unido","2080440","Aguacates Frescos o Secos","660376"
"2006","200603","2006-03","2","Exportaciones","eu","Europa","nld","Países Bajos","2080440","Aguacates Frescos o Secos","169889"
"2006","200603","2006-03","2","Exportaciones","eu","Europa","ukr","Ucrania","2080440","Aguacates Frescos o Secos","199802"
"2006","200603","2006-03","2","Exportaciones","na","América del Norte","can","Canadá","2080440","Aguacates Frescos o Secos","2095476"
"2006","200603","2006-03","2","Exportaciones","na","América del Norte","cri","Costa Rica","2080440","Aguacates Frescos o Secos","817038"
"2006","200603","2006-03","2","Exportaciones","na","América del Norte","gtm","Guatemala","2080440","Aguacates Frescos o Secos","657823"
"2006","200603","2006-03","2","Exportaciones","na","América del Norte","hnd","Honduras","2080440","Aguacates Frescos o Secos","537745"
"2006","200603","2006-03","2","Exportaciones","na","América del Norte","slv","El Salvador","2080440","Aguacates Frescos o Secos","1228978"
"2006","200603","2006-03","2","Exportaciones","na","América del Norte","usa","Estados Unidos","2080440","Aguacates Frescos o Secos","19839633"
"2006","200604","2006-04","2","Exportaciones","as","Asia","hkg","Hong Kong","2080440","Aguacates Frescos o Secos","63774"
"2006","200604","2006-04","2","Exportaciones","as","Asia","jpn","Japón","2080440","Aguacates Frescos o Secos","3455956"
"2006","200604","2006-04","2","Exportaciones","eu","Europa","esp","España","2080440","Aguacates Frescos o Secos","75005"
"2006","200604","2006-04","2","Exportaciones","eu","Europa","fra","Francia","2080440","Aguacates Frescos o Secos","639048"
"2006","200604","2006-04","2","Exportaciones","eu","Europa","gbr","Reino Unido","2080440","Aguacates Frescos o Secos","415534"
"2006","200604","2006-04","2","Exportaciones","eu","Europa","nld","Países Bajos","2080440","Aguacates Frescos o Secos","75065"
"2006","200604","2006-04","2","Exportaciones","na","América del Norte","can","Canadá","2080440","Aguacates Frescos o Secos","2626670"
"2006","200604","2006-04","2","Exportaciones","na","América del Norte","cri","Costa Rica","2080440","Aguacates Frescos o Secos","1004605"
"2006","200604","2006-04","2","Exportaciones","na","América del Norte","gtm","Guatemala","2080440","Aguacates Frescos o Secos","637878"
"2006","200604","2006-04","2","Exportaciones","na","América del Norte","hnd","Honduras","2080440","Aguacates Frescos o Secos","382839"
"2006","200604","2006-04","2","Exportaciones","na","América del Norte","slv","El Salvador","2080440","Aguacates Frescos o Secos","1081180"
"2006","200604","2006-04","2","Exportaciones","na","América del Norte","usa","Estados Unidos","2080440","Aguacates Frescos o Secos","16706807"
"2006","200605","2006-05","2","Exportaciones","as","Asia","hkg","Hong Kong","2080440","Aguacates Frescos o Secos","70223"
"2006","200605","2006-05","2","Exportaciones","as","Asia","jpn","Japón","2080440","Aguacates Frescos o Secos","3567015"
"2006","200605","2006-05","2","Exportaciones","eu","Europa","fra","Francia","2080440","Aguacates Frescos o Secos","197243"
"2006","200605","2006-05","2","Exportaciones","eu","Europa","gbr","Reino Unido","2080440","Aguacates Frescos o Secos","116297"
"2006","200605","2006-05","2","Exportaciones","eu","Europa","ita","Italia","2080440","Aguacates Frescos o Secos","6"
"2006","200605","2006-05","2","Exportaciones","eu","Europa","nld","Países Bajos","2080440","Aguacates Frescos o Secos","117735"
"2006","200605","2006-05","2","Exportaciones","na","América del Norte","can","Canadá","2080440","Aguacates Frescos o Secos","2486280"
"2006","200605","2006-05","2","Exportaciones","na","América del Norte","cri","Costa Rica","2080440","Aguacates Frescos o Secos","941933"
"2006","200605","2006-05","2","Exportaciones","na","América del Norte","gtm","Guatemala","2080440","Aguacates Frescos o Secos","609603"
"2006","200605","2006-05","2","Exportaciones","na","América del Norte","hnd","Honduras","2080440","Aguacates Frescos o Secos","379704"
"2006","200605","2006-05","2","Exportaciones","na","América del Norte","slv","El Salvador","2080440","Aguacates Frescos o Secos","418174"
"2006","200605","2006-05","2","Exportaciones","na","América del Norte","usa","Estados Unidos","2080440","Aguacates Frescos o Secos","15222062"
"2006","200606","2006-06","2","Exportaciones","as","Asia","jpn","Japón","2080440","Aguacates Frescos o Secos","3929151"
"2006","200606","2006-06","2","Exportaciones","eu","Europa","fra","Francia","2080440","Aguacates Frescos o Secos","308"
"2006","200606","2006-06","2","Exportaciones","eu","Europa","gbr","Reino Unido","2080440","Aguacates Frescos o Secos","40254"
"2006","200606","2006-06","2","Exportaciones","eu","Europa","nld","Países Bajos","2080440","Aguacates Frescos o Secos","199619"
"2006","200606","2006-06","2","Exportaciones","na","América del Norte","can","Canadá","2080440","Aguacates Frescos o Secos","1740657"
"2006","200606","2006-06","2","Exportaciones","na","América del Norte","cri","Costa Rica","2080440","Aguacates Frescos o Secos","785948"
"2006","200606","2006-06","2","Exportaciones","na","América del Norte","gtm","Guatemala","2080440","Aguacates Frescos o Secos","542349"
"2006","200606","2006-06","2","Exportaciones","na","América del Norte","hnd","Honduras","2080440","Aguacates Frescos o Secos","305767"
"2006","200606","2006-06","2","Exportaciones","na","América del Norte","slv","El Salvador","2080440","Aguacates Frescos o Secos","424385"
"2006","200606","2006-06","2","Exportaciones","na","América del Norte","usa","Estados Unidos","2080440","Aguacates Frescos o Secos","11072915"
"2006","200607","2006-07","1","Importaciones","na","América del Norte","usa","Estados Unidos","2080440","Aguacates Frescos o Secos","575510"
"2006","200607","2006-07","2","Exportaciones","as","Asia","hkg","Hong Kong","2080440","Aguacates Frescos o Secos","33925"
"2006","200607","2006-07","2","Exportaciones","as","Asia","jpn","Japón","2080440","Aguacates Frescos o Secos","2831866"
"2006","200607","2006-07","2","Exportaciones","eu","Europa","fra","Francia","2080440","Aguacates Frescos o Secos","80249"
"2006","200607","2006-07","2","Exportaciones","eu","Europa","nld","Países Bajos","2080440","Aguacates Frescos o Secos","39837"
"2006","200607","2006-07","2","Exportaciones","na","América del Norte","can","Canadá","2080440","Aguacates Frescos o Secos","1402709"
"2006","200607","2006-07","2","Exportaciones","na","América del Norte","cri","Costa Rica","2080440","Aguacates Frescos o Secos","456931"
"2006","200607","2006-07","2","Exportaciones","na","América del Norte","gtm","Guatemala","2080440","Aguacates Frescos o Secos","539783"
"2006","200607","2006-07","2","Exportaciones","na","América del Norte","hnd","Honduras","2080440","Aguacates Frescos o Secos","77001"
"2006","200607","2006-07","2","Exportaciones","na","América del Norte","slv","El Salvador","2080440","Aguacates Frescos o Secos","378600"
"2006","200607","2006-07","2","Exportaciones","na","América del Norte","usa","Estados Unidos","2080440","Aguacates Frescos o Secos","7047613"
"2006","200608","2006-08","1","Importaciones","na","América del Norte","usa","Estados Unidos","2080440","Aguacates Frescos o Secos","831440"
"2006","200608","2006-08","2","Exportaciones","as","Asia","hkg","Hong Kong","2080440","Aguacates Frescos o Secos","105410"
"2006","200608","2006-08","2","Exportaciones","as","Asia","jpn","Japón","2080440","Aguacates Frescos o Secos","3547543"
"2006","200608","2006-08","2","Exportaciones","as","Asia","kor","Corea del Sur","2080440","Aguacates Frescos o Secos","28920"
"2006","200608","2006-08","2","Exportaciones","eu","Europa","esp","España","2080440","Aguacates Frescos o Secos","40307"
"2006","200608","2006-08","2","Exportaciones","eu","Europa","fra","Francia","2080440","Aguacates Frescos o Secos","1012991"
"2006","200608","2006-08","2","Exportaciones","na","América del Norte","can","Canadá","2080440","Aguacates Frescos o Secos","1720715"
"2006","200608","2006-08","2","Exportaciones","na","América del Norte","cri","Costa Rica","2080440","Aguacates Frescos o Secos","773775"
"2006","200608","2006-08","2","Exportaciones","na","América del Norte","gtm","Guatemala","2080440","Aguacates Frescos o Secos","752662"
"2006","200608","2006-08","2","Exportaciones","na","América del Norte","hnd","Honduras","2080440","Aguacates Frescos o Secos","197856"
"2006","200608","2006-08","2","Exportaciones","na","América del Norte","slv","El Salvador","2080440","Aguacates Frescos o Secos","865948"
"2006","200608","2006-08","2","Exportaciones","na","América del Norte","usa","Estados Unidos","2080440","Aguacates Frescos o Secos","9774095"
"2006","200609","2006-09","2","Exportaciones","as","Asia","hkg","Hong Kong","2080440","Aguacates Frescos o Secos","64275"
"2006","200609","2006-09","2","Exportaciones","as","Asia","jpn","Japón","2080440","Aguacates Frescos o Secos","2892766"
"2006","200609","2006-09","2","Exportaciones","as","Asia","kor","Corea del Sur","2080440","Aguacates Frescos o Secos","53718"
"2006","200609","2006-09","2","Exportaciones","eu","Europa","dnk","Dinamarca","2080440","Aguacates Frescos o Secos","17"
"2006","200609","2006-09","2","Exportaciones","eu","Europa","esp","España","2080440","Aguacates Frescos o Secos","70810"
"2006","200609","2006-09","2","Exportaciones","eu","Europa","fra","Francia","2080440","Aguacates Frescos o Secos","1955504"
"2006","200609","2006-09","2","Exportaciones","eu","Europa","gbr","Reino Unido","2080440","Aguacates Frescos o Secos","111920"
"2006","200609","2006-09","2","Exportaciones","eu","Europa","nld","Países Bajos","2080440","Aguacates Frescos o Secos","320537"
"2006","200609","2006-09","2","Exportaciones","na","América del Norte","can","Canadá","2080440","Aguacates Frescos o Secos","1983402"
"2006","200609","2006-09","2","Exportaciones","na","América del Norte","cri","Costa Rica","2080440","Aguacates Frescos o Secos","533257"
"2006","200609","2006-09","2","Exportaciones","na","América del Norte","gtm","Guatemala","2080440","Aguacates Frescos o Secos","524027"
"2006","200609","2006-09","2","Exportaciones","na","América del Norte","hnd","Honduras","2080440","Aguacates Frescos o Secos","176664"
"2006","200609","2006-09","2","Exportaciones","na","América del Norte","slv","El Salvador","2080440","Aguacates Frescos o Secos","1185030"
"2006","200609","2006-09","2","Exportaciones","na","América del Norte","usa","Estados Unidos","2080440","Aguacates Frescos o Secos","11008876"
"2006","200610","2006-10","2","Exportaciones","as","Asia","hkg","Hong Kong","2080440","Aguacates Frescos o Secos","117953"
"2006","200610","2006-10","2","Exportaciones","as","Asia","jpn","Japón","2080440","Aguacates Frescos o Secos","2056757"
"2006","200610","2006-10","2","Exportaciones","as","Asia","kor","Corea del Sur","2080440","Aguacates Frescos o Secos","85381"
"2006","200610","2006-10","2","Exportaciones","as","Asia","twn","Taiwán (Región)","2080440","Aguacates Frescos o Secos","8"
"2006","200610","2006-10","2","Exportaciones","eu","Europa","fra","Francia","2080440","Aguacates Frescos o Secos","1229656"
"2006","200610","2006-10","2","Exportaciones","eu","Europa","gbr","Reino Unido","2080440","Aguacates Frescos o Secos","97193"
"2006","200610","2006-10","2","Exportaciones","eu","Europa","nld","Países Bajos","2080440","Aguacates Frescos o Secos","194737"
"2006","200610","2006-10","2","Exportaciones","na","América del Norte","can","Canadá","2080440","Aguacates Frescos o Secos","1804558"
"2006","200610","2006-10","2","Exportaciones","na","América del Norte","cri","Costa Rica","2080440","Aguacates Frescos o Secos","640480"
"2006","200610","2006-10","2","Exportaciones","na","América del Norte","gtm","Guatemala","2080440","Aguacates Frescos o Secos","771583"
"2006","200610","2006-10","2","Exportaciones","na","América del Norte","hnd","Honduras","2080440","Aguacates Frescos o Secos","690378"
"2006","200610","2006-10","2","Exportaciones","na","América del Norte","slv","El Salvador","2080440","Aguacates Frescos o Secos","1500654"
"2006","200610","2006-10","2","Exportaciones","na","América del Norte","usa","Estados Unidos","2080440","Aguacates Frescos o Secos","16412574"
"2006","200611","2006-11","2","Exportaciones","as","Asia","hkg","Hong Kong","2080440","Aguacates Frescos o Secos","117216"
"2006","200611","2006-11","2","Exportaciones","as","Asia","jpn","Japón","2080440","Aguacates Frescos o Secos","2637170"
"2006","200611","2006-11","2","Exportaciones","as","Asia","kor","Corea del Sur","2080440","Aguacates Frescos o Secos","160221"
"2006","200611","2006-11","2","Exportaciones","eu","Europa","esp","España","2080440","Aguacates Frescos o Secos","194132"
"2006","200611","2006-11","2","Exportaciones","eu","Europa","fra","Francia","2080440","Aguacates Frescos o Secos","2325444"
"2006","200611","2006-11","2","Exportaciones","eu","Europa","gbr","Reino Unido","2080440","Aguacates Frescos o Secos","129844"
"2006","200611","2006-11","2","Exportaciones","eu","Europa","nld","Países Bajos","2080440","Aguacates Frescos o Secos","260005"
"2006","200611","2006-11","2","Exportaciones","na","América del Norte","can","Canadá","2080440","Aguacates Frescos o Secos","1946748"
"2006","200611","2006-11","2","Exportaciones","na","América del Norte","cri","Costa Rica","2080440","Aguacates Frescos o Secos","571969"
"2006","200611","2006-11","2","Exportaciones","na","América del Norte","gtm","Guatemala","2080440","Aguacates Frescos o Secos","866386"
"2006","200611","2006-11","2","Exportaciones","na","América del Norte","hnd","Honduras","2080440","Aguacates Frescos o Secos","1156068"
"2006","200611","2006-11","2","Exportaciones","na","América del Norte","slv","El Salvador","2080440","Aguacates Frescos o Secos","1682617"
"2006","200611","2006-11","2","Exportaciones","na","América del Norte","usa","Estados Unidos","2080440","Aguacates Frescos o Secos","15902888"
"2006","200612","2006-12","2","Exportaciones","as","Asia","hkg","Hong Kong","2080440","Aguacates Frescos o Secos","56962"
"2006","200612","2006-12","2","Exportaciones","as","Asia","jpn","Japón","2080440","Aguacates Frescos o Secos","1246366"
"2006","200612","2006-12","2","Exportaciones","as","Asia","kor","Corea del Sur","2080440","Aguacates Frescos o Secos","117225"
"2006","200612","2006-12","2","Exportaciones","eu","Europa","deu","Alemania","2080440","Aguacates Frescos o Secos","7"
"2006","200612","2006-12","2","Exportaciones","eu","Europa","dnk","Dinamarca","2080440","Aguacates Frescos o Secos","31170"
"2006","200612","2006-12","2","Exportaciones","eu","Europa","fra","Francia","2080440","Aguacates Frescos o Secos","1037249"
"2006","200612","2006-12","2","Exportaciones","eu","Europa","gbr","Reino Unido","2080440","Aguacates Frescos o Secos","62803"
"2006","200612","2006-12","2","Exportaciones","eu","Europa","nld","Países Bajos","2080440","Aguacates Frescos o Secos","220754"
"2006","200612","2006-12","2","Exportaciones","na","América del Norte","can","Canadá","2080440","Aguacates Frescos o Secos","2105130"
"2006","200612","2006-12","2","Exportaciones","na","América del Norte","cri","Costa Rica","2080440","Aguacates Frescos o Secos","593635"
"2006","200612","2006-12","2","Exportaciones","na","América del Norte","gtm","Guatemala","2080440","Aguacates Frescos o Secos","655777"
"2006","200612","2006-12","2","Exportaciones","na","América del Norte","hnd","Honduras","2080440","Aguacates Frescos o Secos","430213"
"2006","200612","2006-12","2","Exportaciones","na","América del Norte","slv","El Salvador","2080440","Aguacates Frescos o Secos","1444756"
"2006","200612","2006-12","2","Exportaciones","na","América del Norte","usa","Estados Unidos","2080440","Aguacates Frescos o Secos","16290681"
"2007","200701","2007-01","2","Exportaciones","as","Asia","hkg","Hong Kong","2080440","Aguacates Frescos o Secos","152910"
"2007","200701","2007-01","2","Exportaciones","as","Asia","jpn","Japón","2080440","Aguacates Frescos o Secos","2452772"
"2007","200701","2007-01","2","Exportaciones","as","Asia","kor","Corea del Sur","2080440","Aguacates Frescos o Secos","61213"
"2007","200701","2007-01","2","Exportaciones","eu","Europa","dnk","Dinamarca","2080440","Aguacates Frescos o Secos","32867"
"2007","200701","2007-01","2","Exportaciones","eu","Europa","esp","España","2080440","Aguacates Frescos o Secos","33827"
"2007","200701","2007-01","2","Exportaciones","eu","Europa","fra","Francia","2080440","Aguacates Frescos o Secos","1206136"
"2007","200701","2007-01","2","Exportaciones","eu","Europa","gbr","Reino Unido","2080440","Aguacates Frescos o Secos","67499"
"2007","200701","2007-01","2","Exportaciones","eu","Europa","nld","Países Bajos","2080440","Aguacates Frescos o Secos","67301"
"2007","200701","2007-01","2","Exportaciones","na","América del Norte","can","Canadá","2080440","Aguacates Frescos o Secos","2582378"
"2007","200701","2007-01","2","Exportaciones","na","América del Norte","cri","Costa Rica","2080440","Aguacates Frescos o Secos","1007514"
"2007","200701","2007-01","2","Exportaciones","na","América del Norte","gtm","Guatemala","2080440","Aguacates Frescos o Secos","824580"
"2007","200701","2007-01","2","Exportaciones","na","América del Norte","hnd","Honduras","2080440","Aguacates Frescos o Secos","560752"
"2007","200701","2007-01","2","Exportaciones","na","América del Norte","slv","El Salvador","2080440","Aguacates Frescos o Secos","1904601"
"2007","200701","2007-01","2","Exportaciones","na","América del Norte","usa","Estados Unidos","2080440","Aguacates Frescos o Secos","28850120"
"2007","200702","2007-02","2","Exportaciones","as","Asia","hkg","Hong Kong","2080440","Aguacates Frescos o Secos","63800"
"2007","200702","2007-02","2","Exportaciones","as","Asia","jpn","Japón","2080440","Aguacates Frescos o Secos","2892325"
"2007","200702","2007-02","2","Exportaciones","as","Asia","kor","Corea del Sur","2080440","Aguacates Frescos o Secos","61110"
"2007","200702","2007-02","2","Exportaciones","eu","Europa","bel","Bélgica","2080440","Aguacates Frescos o Secos","38178"
"2007","200702","2007-02","2","Exportaciones","eu","Europa","deu","Alemania","2080440","Aguacates Frescos o Secos","273"
"2007","200702","2007-02","2","Exportaciones","eu","Europa","esp","España","2080440","Aguacates Frescos o Secos","35325"
"2007","200702","2007-02","2","Exportaciones","eu","Europa","fra","Francia","2080440","Aguacates Frescos o Secos","2098946"
"2007","200702","2007-02","2","Exportaciones","eu","Europa","gbr","Reino Unido","2080440","Aguacates Frescos o Secos","364913"
"2007","200702","2007-02","2","Exportaciones","eu","Europa","nld","Países Bajos","2080440","Aguacates Frescos o Secos","70086"
"2007","200702","2007-02","2","Exportaciones","eu","Europa","ukr","Ucrania","2080440","Aguacates Frescos o Secos","33961"
"2007","200702","2007-02","2","Exportaciones","na","América del Norte","can","Canadá","2080440","Aguacates Frescos o Secos","2153962"
"2007","200702","2007-02","2","Exportaciones","na","América del Norte","cri","Costa Rica","2080440","Aguacates Frescos o Secos","824880"
"2007","200702","2007-02","2","Exportaciones","na","América del Norte","gtm","Guatemala","2080440","Aguacates Frescos o Secos","766010"
"2007","200702","2007-02","2","Exportaciones","na","América del Norte","hnd","Honduras","2080440","Aguacates Frescos o Secos","613057"
"2007","200702","2007-02","2","Exportaciones","na","América del Norte","slv","El Salvador","2080440","Aguacates Frescos o Secos","1312131"
"2007","200702","2007-02","2","Exportaciones","na","América del Norte","usa","Estados Unidos","2080440","Aguacates Frescos o Secos","20887428"
"2007","200703","2007-03","2","Exportaciones","as","Asia","hkg","Hong Kong","2080440","Aguacates Frescos o Secos","134768"
"2007","200703","2007-03","2","Exportaciones","as","Asia","jpn","Japón","2080440","Aguacates Frescos o Secos","3418134"
"2007","200703","2007-03","2","Exportaciones","as","Asia","kor","Corea del Sur","2080440","Aguacates Frescos o Secos","87272"
"2007","200703","2007-03","2","Exportaciones","eu","Europa","deu","Alemania","2080440","Aguacates Frescos o Secos","140"
"2007","200703","2007-03","2","Exportaciones","eu","Europa","esp","España","2080440","Aguacates Frescos o Secos","36922"
"2007","200703","2007-03","2","Exportaciones","eu","Europa","fra","Francia","2080440","Aguacates Frescos o Secos","1100855"
"2007","200703","2007-03","2","Exportaciones","eu","Europa","gbr","Reino Unido","2080440","Aguacates Frescos o Secos","70523"
"2007","200703","2007-03","2","Exportaciones","eu","Europa","nld","Países Bajos","2080440","Aguacates Frescos o Secos","184604"
"2007","200703","2007-03","2","Exportaciones","na","América del Norte","can","Canadá","2080440","Aguacates Frescos o Secos","2645527"
"2007","200703","2007-03","2","Exportaciones","na","América del Norte","cri","Costa Rica","2080440","Aguacates Frescos o Secos","1150814"
"2007","200703","2007-03","2","Exportaciones","na","América del Norte","gtm","Guatemala","2080440","Aguacates Frescos o Secos","826644"
"2007","200703","2007-03","2","Exportaciones","na","América del Norte","hnd","Honduras","2080440","Aguacates Frescos o Secos","582326"
"2007","200703","2007-03","2","Exportaciones","na","América del Norte","slv","El Salvador","2080440","Aguacates Frescos o Secos","1839827"
"2007","200703","2007-03","2","Exportaciones","na","América del Norte","usa","Estados Unidos","2080440","Aguacates Frescos o Secos","33983526"
"2007","200704","2007-04","2","Exportaciones","as","Asia","hkg","Hong Kong","2080440","Aguacates Frescos o Secos","76266"
"2007","200704","2007-04","2","Exportaciones","as","Asia","jpn","Japón","2080440","Aguacates Frescos o Secos","3310971"
"2007","200704","2007-04","2","Exportaciones","as","Asia","kor","Corea del Sur","2080440","Aguacates Frescos o Secos","22689"
"2007","200704","2007-04","2","Exportaciones","eu","Europa","fra","Francia","2080440","Aguacates Frescos o Secos","299597"
"2007","200704","2007-04","2","Exportaciones","eu","Europa","nld","Países Bajos","2080440","Aguacates Frescos o Secos","170979"
"2007","200704","2007-04","2","Exportaciones","na","América del Norte","can","Canadá","2080440","Aguacates Frescos o Secos","3285708"
"2007","200704","2007-04","2","Exportaciones","na","América del Norte","cri","Costa Rica","2080440","Aguacates Frescos o Secos","1234207"
"2007","200704","2007-04","2","Exportaciones","na","América del Norte","gtm","Guatemala","2080440","Aguacates Frescos o Secos","801655"
"2007","200704","2007-04","2","Exportaciones","na","América del Norte","hnd","Honduras","2080440","Aguacates Frescos o Secos","339280"
"2007","200704","2007-04","2","Exportaciones","na","América del Norte","slv","El Salvador","2080440","Aguacates Frescos o Secos","1043777"
"2007","200704","2007-04","2","Exportaciones","na","América del Norte","usa","Estados Unidos","2080440","Aguacates Frescos o Secos","48416197"
"2007","200705","2007-05","2","Exportaciones","as","Asia","jpn","Japón","2080440","Aguacates Frescos o Secos","3874973"
"2007","200705","2007-05","2","Exportaciones","eu","Europa","fra","Francia","2080440","Aguacates Frescos o Secos","133121"
"2007","200705","2007-05","2","Exportaciones","eu","Europa","nld","Países Bajos","2080440","Aguacates Frescos o Secos","204942"
"2007","200705","2007-05","2","Exportaciones","na","América del Norte","can","Canadá","2080440","Aguacates Frescos o Secos","3593971"
"2007","200705","2007-05","2","Exportaciones","na","América del Norte","cri","Costa Rica","2080440","Aguacates Frescos o Secos","896294"
"2007","200705","2007-05","2","Exportaciones","na","América del Norte","gtm","Guatemala","2080440","Aguacates Frescos o Secos","911358"
"2007","200705","2007-05","2","Exportaciones","na","América del Norte","hnd","Honduras","2080440","Aguacates Frescos o Secos","623420"
"2007","200705","2007-05","2","Exportaciones","na","América del Norte","slv","El Salvador","2080440","Aguacates Frescos o Secos","559919"
"2007","200705","2007-05","2","Exportaciones","na","América del Norte","usa","Estados Unidos","2080440","Aguacates Frescos o Secos","42315943"
"2007","200706","2007-06","2","Exportaciones","as","Asia","jpn","Japón","2080440","Aguacates Frescos o Secos","3313503"
"2007","200706","2007-06","2","Exportaciones","as","Asia","kor","Corea del Sur","2080440","Aguacates Frescos o Secos","22231"
"2007","200706","2007-06","2","Exportaciones","eu","Europa","fra","Francia","2080440","Aguacates Frescos o Secos","308"
"2007","200706","2007-06","2","Exportaciones","eu","Europa","nld","Países Bajos","2080440","Aguacates Frescos o Secos","224773"
"2007","200706","2007-06","2","Exportaciones","na","América del Norte","can","Canadá","2080440","Aguacates Frescos o Secos","3411525"
"2007","200706","2007-06","2","Exportaciones","na","América del Norte","cri","Costa Rica","2080440","Aguacates Frescos o Secos","806611"
"2007","200706","2007-06","2","Exportaciones","na","América del Norte","gtm","Guatemala","2080440","Aguacates Frescos o Secos","465018"
"2007","200706","2007-06","2","Exportaciones","na","América del Norte","hnd","Honduras","2080440","Aguacates Frescos o Secos","200577"
"2007","200706","2007-06","2","Exportaciones","na","América del Norte","slv","El Salvador","2080440","Aguacates Frescos o Secos","283974"
"2007","200706","2007-06","2","Exportaciones","na","América del Norte","usa","Estados Unidos","2080440","Aguacates Frescos o Secos","33931385"
"2007","200707","2007-07","2","Exportaciones","as","Asia","jpn","Japón","2080440","Aguacates Frescos o Secos","3536464"
"2007","200707","2007-07","2","Exportaciones","as","Asia","kor","Corea del Sur","2080440","Aguacates Frescos o Secos","42864"
"2007","200707","2007-07","2","Exportaciones","eu","Europa","fra","Francia","2080440","Aguacates Frescos o Secos","146349"
"2007","200707","2007-07","2","Exportaciones","eu","Europa","nld","Países Bajos","2080440","Aguacates Frescos o Secos","35269"
"2007","200707","2007-07","2","Exportaciones","na","América del Norte","can","Canadá","2080440","Aguacates Frescos o Secos","3246964"
"2007","200707","2007-07","2","Exportaciones","na","América del Norte","cri","Costa Rica","2080440","Aguacates Frescos o Secos","892602"
"2007","200707","2007-07","2","Exportaciones","na","América del Norte","gtm","Guatemala","2080440","Aguacates Frescos o Secos","497676"
"2007","200707","2007-07","2","Exportaciones","na","América del Norte","hnd","Honduras","2080440","Aguacates Frescos o Secos","252679"
"2007","200707","2007-07","2","Exportaciones","na","América del Norte","pan","Panamá","2080440","Aguacates Frescos o Secos","43815"
"2007","200707","2007-07","2","Exportaciones","na","América del Norte","slv","El Salvador","2080440","Aguacates Frescos o Secos","298698"
"2007","200707","2007-07","2","Exportaciones","na","América del Norte","usa","Estados Unidos","2080440","Aguacates Frescos o Secos","36178371"
"2007","200708","2007-08","2","Exportaciones","as","Asia","hkg","Hong Kong","2080440","Aguacates Frescos o Secos","142947"
"2007","200708","2007-08","2","Exportaciones","as","Asia","jpn","Japón","2080440","Aguacates Frescos o Secos","4224723"
"2007","200708","2007-08","2","Exportaciones","as","Asia","kor","Corea del Sur","2080440","Aguacates Frescos o Secos","45168"
"2007","200708","2007-08","2","Exportaciones","eu","Europa","deu","Alemania","2080440","Aguacates Frescos o Secos","7"
"2007","200708","2007-08","2","Exportaciones","eu","Europa","esp","España","2080440","Aguacates Frescos o Secos","103519"
"2007","200708","2007-08","2","Exportaciones","eu","Europa","fra","Francia","2080440","Aguacates Frescos o Secos","1248789"
"2007","200708","2007-08","2","Exportaciones","eu","Europa","gbr","Reino Unido","2080440","Aguacates Frescos o Secos","7442"
"2007","200708","2007-08","2","Exportaciones","eu","Europa","nld","Países Bajos","2080440","Aguacates Frescos o Secos","155245"
"2007","200708","2007-08","2","Exportaciones","na","América del Norte","can","Canadá","2080440","Aguacates Frescos o Secos","2871567"
"2007","200708","2007-08","2","Exportaciones","na","América del Norte","cri","Costa Rica","2080440","Aguacates Frescos o Secos","779802"
"2007","200708","2007-08","2","Exportaciones","na","América del Norte","gtm","Guatemala","2080440","Aguacates Frescos o Secos","519831"
"2007","200708","2007-08","2","Exportaciones","na","América del Norte","hnd","Honduras","2080440","Aguacates Frescos o Secos","99339"
"2007","200708","2007-08","2","Exportaciones","na","América del Norte","slv","El Salvador","2080440","Aguacates Frescos o Secos","580675"
"2007","200708","2007-08","2","Exportaciones","na","América del Norte","usa","Estados Unidos","2080440","Aguacates Frescos o Secos","32122616"
"2007","200709","2007-09","2","Exportaciones","as","Asia","hkg","Hong Kong","2080440","Aguacates Frescos o Secos","78753"
"2007","200709","2007-09","2","Exportaciones","as","Asia","jpn","Japón","2080440","Aguacates Frescos o Secos","2680288"
"2007","200709","2007-09","2","Exportaciones","as","Asia","kor","Corea del Sur","2080440","Aguacates Frescos o Secos","21840"
"2007","200709","2007-09","2","Exportaciones","eu","Europa","esp","España","2080440","Aguacates Frescos o Secos","587044"
"2007","200709","2007-09","2","Exportaciones","eu","Europa","fra","Francia","2080440","Aguacates Frescos o Secos","2409495"
"2007","200709","2007-09","2","Exportaciones","eu","Europa","gbr","Reino Unido","2080440","Aguacates Frescos o Secos","52386"
"2007","200709","2007-09","2","Exportaciones","eu","Europa","nld","Países Bajos","2080440","Aguacates Frescos o Secos","482128"
"2007","200709","2007-09","2","Exportaciones","na","América del Norte","can","Canadá","2080440","Aguacates Frescos o Secos","2828822"
"2007","200709","2007-09","2","Exportaciones","na","América del Norte","cri","Costa Rica","2080440","Aguacates Frescos o Secos","464308"
"2007","200709","2007-09","2","Exportaciones","na","América del Norte","gtm","Guatemala","2080440","Aguacates Frescos o Secos","656552"
"2007","200709","2007-09","2","Exportaciones","na","América del Norte","hnd","Honduras","2080440","Aguacates Frescos o Secos","213581"
"2007","200709","2007-09","2","Exportaciones","na","América del Norte","slv","El Salvador","2080440","Aguacates Frescos o Secos","1167184"
"2007","200709","2007-09","2","Exportaciones","na","América del Norte","usa","Estados Unidos","2080440","Aguacates Frescos o Secos","23621566"
"2007","200711","2007-11","2","Exportaciones","as","Asia","hkg","Hong Kong","2080440","Aguacates Frescos o Secos","83115"
"2007","200711","2007-11","2","Exportaciones","as","Asia","jpn","Japón","2080440","Aguacates Frescos o Secos","2532210"
"2007","200711","2007-11","2","Exportaciones","as","Asia","kor","Corea del Sur","2080440","Aguacates Frescos o Secos","67374"
"2007","200711","2007-11","2","Exportaciones","eu","Europa","fra","Francia","2080440","Aguacates Frescos o Secos","3235157"
"2007","200711","2007-11","2","Exportaciones","eu","Europa","gbr","Reino Unido","2080440","Aguacates Frescos o Secos","329574"
"2007","200711","2007-11","2","Exportaciones","eu","Europa","nld","Países Bajos","2080440","Aguacates Frescos o Secos","234950"
"2007","200711","2007-11","2","Exportaciones","na","América del Norte","can","Canadá","2080440","Aguacates Frescos o Secos","3691168"
"2007","200711","2007-11","2","Exportaciones","na","América del Norte","cri","Costa Rica","2080440","Aguacates Frescos o Secos","800402"
"2007","200711","2007-11","2","Exportaciones","na","América del Norte","gtm","Guatemala","2080440","Aguacates Frescos o Secos","899143"
"2007","200711","2007-11","2","Exportaciones","na","América del Norte","hnd","Honduras","2080440","Aguacates Frescos o Secos","955217"
"2007","200711","2007-11","2","Exportaciones","na","América del Norte","slv","El Salvador","2080440","Aguacates Frescos o Secos","1733597"
"2007","200711","2007-11","2","Exportaciones","na","América del Norte","usa","Estados Unidos","2080440","Aguacates Frescos o Secos","41936615"
"2007","200712","2007-12","2","Exportaciones","as","Asia","jpn","Japón","2080440","Aguacates Frescos o Secos","1720426"
"2007","200712","2007-12","2","Exportaciones","eu","Europa","fra","Francia","2080440","Aguacates Frescos o Secos","1158523"
"2007","200712","2007-12","2","Exportaciones","eu","Europa","gbr","Reino Unido","2080440","Aguacates Frescos o Secos","127635"
"2007","200712","2007-12","2","Exportaciones","eu","Europa","nld","Países Bajos","2080440","Aguacates Frescos o Secos","212042"
"2007","200712","2007-12","2","Exportaciones","na","América del Norte","can","Canadá","2080440","Aguacates Frescos o Secos","2685232"
"2007","200712","2007-12","2","Exportaciones","na","América del Norte","cri","Costa Rica","2080440","Aguacates Frescos o Secos","770099"
"2007","200712","2007-12","2","Exportaciones","na","América del Norte","gtm","Guatemala","2080440","Aguacates Frescos o Secos","811242"
"2007","200712","2007-12","2","Exportaciones","na","América del Norte","hnd","Honduras","2080440","Aguacates Frescos o Secos","677628"
"2007","200712","2007-12","2","Exportaciones","na","América del Norte","slv","El Salvador","2080440","Aguacates Frescos o Secos","1629528"
"2007","200712","2007-12","2","Exportaciones","na","América del Norte","usa","Estados Unidos","2080440","Aguacates Frescos o Secos","36154817"
"2008","200801","2008-01","2","Exportaciones","as","Asia","hkg","Hong Kong","2080440","Aguacates Frescos o Secos","80558"
"2008","200801","2008-01","2","Exportaciones","as","Asia","jpn","Japón","2080440","Aguacates Frescos o Secos","2477329"
"2008","200801","2008-01","2","Exportaciones","as","Asia","kor","Corea del Sur","2080440","Aguacates Frescos o Secos","48717"
"2008","200801","2008-01","2","Exportaciones","eu","Europa","deu","Alemania","2080440","Aguacates Frescos o Secos","45"
"2008","200801","2008-01","2","Exportaciones","eu","Europa","esp","España","2080440","Aguacates Frescos o Secos","50633"
"2008","200801","2008-01","2","Exportaciones","eu","Europa","fra","Francia","2080440","Aguacates Frescos o Secos","1886815"
"2008","200801","2008-01","2","Exportaciones","eu","Europa","gbr","Reino Unido","2080440","Aguacates Frescos o Secos","141346"
"2008","200801","2008-01","2","Exportaciones","eu","Europa","nld","Países Bajos","2080440","Aguacates Frescos o Secos","184088"
"2008","200801","2008-01","2","Exportaciones","na","América del Norte","can","Canadá","2080440","Aguacates Frescos o Secos","3079966"
"2008","200801","2008-01","2","Exportaciones","na","América del Norte","cri","Costa Rica","2080440","Aguacates Frescos o Secos","1167018"
"2008","200801","2008-01","2","Exportaciones","na","América del Norte","gtm","Guatemala","2080440","Aguacates Frescos o Secos","614711"
"2008","200801","2008-01","2","Exportaciones","na","América del Norte","hnd","Honduras","2080440","Aguacates Frescos o Secos","770952"
"2008","200801","2008-01","2","Exportaciones","na","América del Norte","slv","El Salvador","2080440","Aguacates Frescos o Secos","1664992"
"2008","200801","2008-01","2","Exportaciones","na","América del Norte","usa","Estados Unidos","2080440","Aguacates Frescos o Secos","41901383"
"2008","200801","2008-01","2","Exportaciones","sa","América del Sur","chl","Chile","2080440","Aguacates Frescos o Secos","506004"
"2008","200802","2008-02","2","Exportaciones","as","Asia","hkg","Hong Kong","2080440","Aguacates Frescos o Secos","179297"
"2008","200802","2008-02","2","Exportaciones","as","Asia","jpn","Japón","2080440","Aguacates Frescos o Secos","2689169"
"2008","200802","2008-02","2","Exportaciones","as","Asia","kor","Corea del Sur","2080440","Aguacates Frescos o Secos","14452"
"2008","200802","2008-02","2","Exportaciones","as","Asia","sgp","Singapur","2080440","Aguacates Frescos o Secos","18318"
"2008","200802","2008-02","2","Exportaciones","eu","Europa","deu","Alemania","2080440","Aguacates Frescos o Secos","47564"
"2008","200802","2008-02","2","Exportaciones","eu","Europa","dnk","Dinamarca","2080440","Aguacates Frescos o Secos","95058"
"2008","200802","2008-02","2","Exportaciones","eu","Europa","fra","Francia","2080440","Aguacates Frescos o Secos","2678665"
"2008","200802","2008-02","2","Exportaciones","eu","Europa","gbr","Reino Unido","2080440","Aguacates Frescos o Secos","260072"
"2008","200802","2008-02","2","Exportaciones","eu","Europa","nld","Países Bajos","2080440","Aguacates Frescos o Secos","877890"
"2008","200802","2008-02","2","Exportaciones","na","América del Norte","can","Canadá","2080440","Aguacates Frescos o Secos","2433821"
"2008","200802","2008-02","2","Exportaciones","na","América del Norte","cri","Costa Rica","2080440","Aguacates Frescos o Secos","965258"
"2008","200802","2008-02","2","Exportaciones","na","América del Norte","gtm","Guatemala","2080440","Aguacates Frescos o Secos","509437"
"2008","200802","2008-02","2","Exportaciones","na","América del Norte","hnd","Honduras","2080440","Aguacates Frescos o Secos","504811"
"2008","200802","2008-02","2","Exportaciones","na","América del Norte","slv","El Salvador","2080440","Aguacates Frescos o Secos","1488516"
"2008","200802","2008-02","2","Exportaciones","na","América del Norte","usa","Estados Unidos","2080440","Aguacates Frescos o Secos","35828173"
"2008","200803","2008-03","2","Exportaciones","as","Asia","hkg","Hong Kong","2080440","Aguacates Frescos o Secos","91570"
"2008","200803","2008-03","2","Exportaciones","as","Asia","jpn","Japón","2080440","Aguacates Frescos o Secos","3717779"
"2008","200803","2008-03","2","Exportaciones","eu","Europa","deu","Alemania","2080440","Aguacates Frescos o Secos","51443"
"2008","200803","2008-03","2","Exportaciones","eu","Europa","esp","España","2080440","Aguacates Frescos o Secos","147152"
"2008","200803","2008-03","2","Exportaciones","eu","Europa","fra","Francia","2080440","Aguacates Frescos o Secos","641796"
"2008","200803","2008-03","2","Exportaciones","eu","Europa","gbr","Reino Unido","2080440","Aguacates Frescos o Secos","199033"
"2008","200803","2008-03","2","Exportaciones","eu","Europa","nld","Países Bajos","2080440","Aguacates Frescos o Secos","755594"
"2008","200803","2008-03","2","Exportaciones","na","América del Norte","can","Canadá","2080440","Aguacates Frescos o Secos","3039733"
"2008","200803","2008-03","2","Exportaciones","na","América del Norte","cri","Costa Rica","2080440","Aguacates Frescos o Secos","1397702"
"2008","200803","2008-03","2","Exportaciones","na","América del Norte","gtm","Guatemala","2080440","Aguacates Frescos o Secos","413292"
"2008","200803","2008-03","2","Exportaciones","na","América del Norte","hnd","Honduras","2080440","Aguacates Frescos o Secos","488213"
"2008","200803","2008-03","2","Exportaciones","na","América del Norte","slv","El Salvador","2080440","Aguacates Frescos o Secos","1146443"
"2008","200803","2008-03","2","Exportaciones","na","América del Norte","usa","Estados Unidos","2080440","Aguacates Frescos o Secos","60108047"
"2008","200804","2008-04","2","Exportaciones","as","Asia","hkg","Hong Kong","2080440","Aguacates Frescos o Secos","81637"
"2008","200804","2008-04","2","Exportaciones","as","Asia","jpn","Japón","2080440","Aguacates Frescos o Secos","4817606"
"2008","200804","2008-04","2","Exportaciones","eu","Europa","fra","Francia","2080440","Aguacates Frescos o Secos","984748"
"2008","200804","2008-04","2","Exportaciones","eu","Europa","gbr","Reino Unido","2080440","Aguacates Frescos o Secos","98013"
"2008","200804","2008-04","2","Exportaciones","eu","Europa","nld","Países Bajos","2080440","Aguacates Frescos o Secos","1102592"
"2008","200804","2008-04","2","Exportaciones","na","América del Norte","can","Canadá","2080440","Aguacates Frescos o Secos","3655844"
"2008","200804","2008-04","2","Exportaciones","na","América del Norte","cri","Costa Rica","2080440","Aguacates Frescos o Secos","1405566"
"2008","200804","2008-04","2","Exportaciones","na","América del Norte","gtm","Guatemala","2080440","Aguacates Frescos o Secos","599830"
"2008","200804","2008-04","2","Exportaciones","na","América del Norte","hnd","Honduras","2080440","Aguacates Frescos o Secos","504650"
"2008","200804","2008-04","2","Exportaciones","na","América del Norte","slv","El Salvador","2080440","Aguacates Frescos o Secos","717761"
"2008","200804","2008-04","2","Exportaciones","na","América del Norte","usa","Estados Unidos","2080440","Aguacates Frescos o Secos","50244089"
"2008","200805","2008-05","2","Exportaciones","as","Asia","hkg","Hong Kong","2080440","Aguacates Frescos o Secos","43222"
"2008","200805","2008-05","2","Exportaciones","as","Asia","jpn","Japón","2080440","Aguacates Frescos o Secos","3329046"
"2008","200805","2008-05","2","Exportaciones","eu","Europa","fra","Francia","2080440","Aguacates Frescos o Secos","575754"
"2008","200805","2008-05","2","Exportaciones","eu","Europa","nld","Países Bajos","2080440","Aguacates Frescos o Secos","358480"
"2008","200805","2008-05","2","Exportaciones","na","América del Norte","can","Canadá","2080440","Aguacates Frescos o Secos","3315940"
"2008","200805","2008-05","2","Exportaciones","na","América del Norte","cri","Costa Rica","2080440","Aguacates Frescos o Secos","1057064"
"2008","200805","2008-05","2","Exportaciones","na","América del Norte","gtm","Guatemala","2080440","Aguacates Frescos o Secos","482157"
"2008","200805","2008-05","2","Exportaciones","na","América del Norte","hnd","Honduras","2080440","Aguacates Frescos o Secos","478358"
"2008","200805","2008-05","2","Exportaciones","na","América del Norte","slv","El Salvador","2080440","Aguacates Frescos o Secos","373318"
"2008","200805","2008-05","2","Exportaciones","na","América del Norte","usa","Estados Unidos","2080440","Aguacates Frescos o Secos","43792129"
"2008","200806","2008-06","2","Exportaciones","as","Asia","jpn","Japón","2080440","Aguacates Frescos o Secos","2453025"
"2008","200806","2008-06","2","Exportaciones","eu","Europa","nld","Países Bajos","2080440","Aguacates Frescos o Secos","54042"
"2008","200806","2008-06","2","Exportaciones","na","América del Norte","can","Canadá","2080440","Aguacates Frescos o Secos","3069436"
"2008","200806","2008-06","2","Exportaciones","na","América del Norte","cri","Costa Rica","2080440","Aguacates Frescos o Secos","920617"
"2008","200806","2008-06","2","Exportaciones","na","América del Norte","gtm","Guatemala","2080440","Aguacates Frescos o Secos","606222"
"2008","200806","2008-06","2","Exportaciones","na","América del Norte","hnd","Honduras","2080440","Aguacates Frescos o Secos","171398"
"2008","200806","2008-06","2","Exportaciones","na","América del Norte","slv","El Salvador","2080440","Aguacates Frescos o Secos","373520"
"2008","200806","2008-06","2","Exportaciones","na","América del Norte","usa","Estados Unidos","2080440","Aguacates Frescos o Secos","40341070"
"2008","200807","2008-07","2","Exportaciones","as","Asia","jpn","Japón","2080440","Aguacates Frescos o Secos","2805646"
"2008","200807","2008-07","2","Exportaciones","eu","Europa","nld","Países Bajos","2080440","Aguacates Frescos o Secos","107731"
"2008","200807","2008-07","2","Exportaciones","na","América del Norte","can","Canadá","2080440","Aguacates Frescos o Secos","3701242"
"2008","200807","2008-07","2","Exportaciones","na","América del Norte","cri","Costa Rica","2080440","Aguacates Frescos o Secos","985642"
"2008","200807","2008-07","2","Exportaciones","na","América del Norte","gtm","Guatemala","2080440","Aguacates Frescos o Secos","488688"
"2008","200807","2008-07","2","Exportaciones","na","América del Norte","hnd","Honduras","2080440","Aguacates Frescos o Secos","53901"
"2008","200807","2008-07","2","Exportaciones","na","América del Norte","slv","El Salvador","2080440","Aguacates Frescos o Secos","380334"
"2008","200807","2008-07","2","Exportaciones","na","América del Norte","usa","Estados Unidos","2080440","Aguacates Frescos o Secos","30350147"
"2008","200808","2008-08","2","Exportaciones","as","Asia","hkg","Hong Kong","2080440","Aguacates Frescos o Secos","43876"
"2008","200808","2008-08","2","Exportaciones","as","Asia","jpn","Japón","2080440","Aguacates Frescos o Secos","2620465"
"2008","200808","2008-08","2","Exportaciones","eu","Europa","fra","Francia","2080440","Aguacates Frescos o Secos","158351"
"2008","200808","2008-08","2","Exportaciones","eu","Europa","nld","Países Bajos","2080440","Aguacates Frescos o Secos","316244"
"2008","200808","2008-08","2","Exportaciones","na","América del Norte","can","Canadá","2080440","Aguacates Frescos o Secos","3064544"
"2008","200808","2008-08","2","Exportaciones","na","América del Norte","cri","Costa Rica","2080440","Aguacates Frescos o Secos","732845"
"2008","200808","2008-08","2","Exportaciones","na","América del Norte","gtm","Guatemala","2080440","Aguacates Frescos o Secos","546562"
"2008","200808","2008-08","2","Exportaciones","na","América del Norte","hnd","Honduras","2080440","Aguacates Frescos o Secos","272766"
"2008","200808","2008-08","2","Exportaciones","na","América del Norte","slv","El Salvador","2080440","Aguacates Frescos o Secos","865943"
"2008","200808","2008-08","2","Exportaciones","na","América del Norte","usa","Estados Unidos","2080440","Aguacates Frescos o Secos","38752542"
"2008","200809","2008-09","2","Exportaciones","as","Asia","hkg","Hong Kong","2080440","Aguacates Frescos o Secos","152797"
"2008","200809","2008-09","2","Exportaciones","as","Asia","jpn","Japón","2080440","Aguacates Frescos o Secos","2079690"
"2008","200809","2008-09","2","Exportaciones","as","Asia","kor","Corea del Sur","2080440","Aguacates Frescos o Secos","30004"
"2008","200809","2008-09","2","Exportaciones","eu","Europa","deu","Alemania","2080440","Aguacates Frescos o Secos","44917"
"2008","200809","2008-09","2","Exportaciones","eu","Europa","fra","Francia","2080440","Aguacates Frescos o Secos","589022"
"2008","200809","2008-09","2","Exportaciones","eu","Europa","gbr","Reino Unido","2080440","Aguacates Frescos o Secos","42"
"2008","200809","2008-09","2","Exportaciones","eu","Europa","nld","Países Bajos","2080440","Aguacates Frescos o Secos","227489"
"2008","200809","2008-09","2","Exportaciones","eu","Europa","svn","Eslovenia","2080440","Aguacates Frescos o Secos","658"
"2008","200809","2008-09","2","Exportaciones","na","América del Norte","can","Canadá","2080440","Aguacates Frescos o Secos","2929647"
"2008","200809","2008-09","2","Exportaciones","na","América del Norte","cri","Costa Rica","2080440","Aguacates Frescos o Secos","779156"
"2008","200809","2008-09","2","Exportaciones","na","América del Norte","gtm","Guatemala","2080440","Aguacates Frescos o Secos","604431"
"2008","200809","2008-09","2","Exportaciones","na","América del Norte","hnd","Honduras","2080440","Aguacates Frescos o Secos","193522"
"2008","200809","2008-09","2","Exportaciones","na","América del Norte","slv","El Salvador","2080440","Aguacates Frescos o Secos","1406427"
"2008","200809","2008-09","2","Exportaciones","na","América del Norte","usa","Estados Unidos","2080440","Aguacates Frescos o Secos","43788084"
"2008","200810","2008-10","2","Exportaciones","as","Asia","hkg","Hong Kong","2080440","Aguacates Frescos o Secos","121853"
"2008","200810","2008-10","2","Exportaciones","as","Asia","jpn","Japón","2080440","Aguacates Frescos o Secos","2426515"
"2008","200810","2008-10","2","Exportaciones","as","Asia","kor","Corea del Sur","2080440","Aguacates Frescos o Secos","24703"
"2008","200810","2008-10","2","Exportaciones","as","Asia","sgp","Singapur","2080440","Aguacates Frescos o Secos","20718"
"2008","200810","2008-10","2","Exportaciones","eu","Europa","esp","España","2080440","Aguacates Frescos o Secos","192823"
"2008","200810","2008-10","2","Exportaciones","eu","Europa","fra","Francia","2080440","Aguacates Frescos o Secos","2488812"
"2008","200810","2008-10","2","Exportaciones","eu","Europa","gbr","Reino Unido","2080440","Aguacates Frescos o Secos","172516"
"2008","200810","2008-10","2","Exportaciones","eu","Europa","nld","Países Bajos","2080440","Aguacates Frescos o Secos","358892"
"2008","200810","2008-10","2","Exportaciones","na","América del Norte","can","Canadá","2080440","Aguacates Frescos o Secos","2242388"
"2008","200810","2008-10","2","Exportaciones","na","América del Norte","cri","Costa Rica","2080440","Aguacates Frescos o Secos","670094"
"2008","200810","2008-10","2","Exportaciones","na","América del Norte","gtm","Guatemala","2080440","Aguacates Frescos o Secos","558933"
"2008","200810","2008-10","2","Exportaciones","na","América del Norte","hnd","Honduras","2080440","Aguacates Frescos o Secos","675186"
"2008","200810","2008-10","2","Exportaciones","na","América del Norte","slv","El Salvador","2080440","Aguacates Frescos o Secos","1552750"
"2008","200810","2008-10","2","Exportaciones","na","América del Norte","usa","Estados Unidos","2080440","Aguacates Frescos o Secos","43880586"
"2008","200811","2008-11","2","Exportaciones","as","Asia","hkg","Hong Kong","2080440","Aguacates Frescos o Secos","28282"
"2008","200811","2008-11","2","Exportaciones","as","Asia","jpn","Japón","2080440","Aguacates Frescos o Secos","1602919"
"2008","200811","2008-11","2","Exportaciones","as","Asia","kor","Corea del Sur","2080440","Aguacates Frescos o Secos","62501"
"2008","200811","2008-11","2","Exportaciones","as","Asia","sgp","Singapur","2080440","Aguacates Frescos o Secos","17575"
"2008","200811","2008-11","2","Exportaciones","eu","Europa","esp","España","2080440","Aguacates Frescos o Secos","109187"
"2008","200811","2008-11","2","Exportaciones","eu","Europa","fra","Francia","2080440","Aguacates Frescos o Secos","2771861"
"2008","200811","2008-11","2","Exportaciones","eu","Europa","nld","Países Bajos","2080440","Aguacates Frescos o Secos","341821"
"2008","200811","2008-11","2","Exportaciones","na","América del Norte","can","Canadá","2080440","Aguacates Frescos o Secos","2128092"
"2008","200811","2008-11","2","Exportaciones","na","América del Norte","cri","Costa Rica","2080440","Aguacates Frescos o Secos","618698"
"2008","200811","2008-11","2","Exportaciones","na","América del Norte","gtm","Guatemala","2080440","Aguacates Frescos o Secos","560640"
"2008","200811","2008-11","2","Exportaciones","na","América del Norte","hnd","Honduras","2080440","Aguacates Frescos o Secos","725968"
"2008","200811","2008-11","2","Exportaciones","na","América del Norte","slv","El Salvador","2080440","Aguacates Frescos o Secos","1554415"
"2008","200811","2008-11","2","Exportaciones","na","América del Norte","usa","Estados Unidos","2080440","Aguacates Frescos o Secos","42348303"
"2008","200812","2008-12","2","Exportaciones","as","Asia","hkg","Hong Kong","2080440","Aguacates Frescos o Secos","73460"
"2008","200812","2008-12","2","Exportaciones","as","Asia","jpn","Japón","2080440","Aguacates Frescos o Secos","1548031"
"2008","200812","2008-12","2","Exportaciones","as","Asia","kor","Corea del Sur","2080440","Aguacates Frescos o Secos","29681"
"2008","200812","2008-12","2","Exportaciones","eu","Europa","esp","España","2080440","Aguacates Frescos o Secos","69123"
"2008","200812","2008-12","2","Exportaciones","eu","Europa","fra","Francia","2080440","Aguacates Frescos o Secos","1075961"
"2008","200812","2008-12","2","Exportaciones","eu","Europa","nld","Países Bajos","2080440","Aguacates Frescos o Secos","292552"
"2008","200812","2008-12","2","Exportaciones","na","América del Norte","can","Canadá","2080440","Aguacates Frescos o Secos","2225284"
"2008","200812","2008-12","2","Exportaciones","na","América del Norte","cri","Costa Rica","2080440","Aguacates Frescos o Secos","688995"
"2008","200812","2008-12","2","Exportaciones","na","América del Norte","gtm","Guatemala","2080440","Aguacates Frescos o Secos","749381"
"2008","200812","2008-12","2","Exportaciones","na","América del Norte","hnd","Honduras","2080440","Aguacates Frescos o Secos","898451"
"2008","200812","2008-12","2","Exportaciones","na","América del Norte","slv","El Salvador","2080440","Aguacates Frescos o Secos","1951539"
"2008","200812","2008-12","2","Exportaciones","na","América del Norte","usa","Estados Unidos","2080440","Aguacates Frescos o Secos","39696249"
"2009","200901","2009-01","2","Exportaciones","as","Asia","hkg","Hong Kong","2080440","Aguacates Frescos o Secos","107149"
"2009","200901","2009-01","2","Exportaciones","as","Asia","jpn","Japón","2080440","Aguacates Frescos o Secos","2107485"
"2009","200901","2009-01","2","Exportaciones","as","Asia","kor","Corea del Sur","2080440","Aguacates Frescos o Secos","14737"
"2009","200901","2009-01","2","Exportaciones","eu","Europa","deu","Alemania","2080440","Aguacates Frescos o Secos","335"
"2009","200901","2009-01","2","Exportaciones","eu","Europa","esp","España","2080440","Aguacates Frescos o Secos","321567"
"2009","200901","2009-01","2","Exportaciones","eu","Europa","fra","Francia","2080440","Aguacates Frescos o Secos","1409741"
"2009","200901","2009-01","2","Exportaciones","eu","Europa","nld","Países Bajos","2080440","Aguacates Frescos o Secos","241518"
"2009","200901","2009-01","2","Exportaciones","na","América del Norte","can","Canadá","2080440","Aguacates Frescos o Secos","2427694"
"2009","200901","2009-01","2","Exportaciones","na","América del Norte","cri","Costa Rica","2080440","Aguacates Frescos o Secos","980051"
"2009","200901","2009-01","2","Exportaciones","na","América del Norte","gtm","Guatemala","2080440","Aguacates Frescos o Secos","790036"
"2009","200901","2009-01","2","Exportaciones","na","América del Norte","hnd","Honduras","2080440","Aguacates Frescos o Secos","941588"
"2009","200901","2009-01","2","Exportaciones","na","América del Norte","slv","El Salvador","2080440","Aguacates Frescos o Secos","2023627"
"2009","200901","2009-01","2","Exportaciones","na","América del Norte","usa","Estados Unidos","2080440","Aguacates Frescos o Secos","48310154"
"2009","200902","2009-02","2","Exportaciones","as","Asia","hkg","Hong Kong","2080440","Aguacates Frescos o Secos","134788"
"2009","200902","2009-02","2","Exportaciones","as","Asia","jpn","Japón","2080440","Aguacates Frescos o Secos","23785602"
"2009","200902","2009-02","2","Exportaciones","as","Asia","kor","Corea del Sur","2080440","Aguacates Frescos o Secos","15191"
"2009","200902","2009-02","2","Exportaciones","eu","Europa","deu","Alemania","2080440","Aguacates Frescos o Secos","157"
"2009","200902","2009-02","2","Exportaciones","eu","Europa","esp","España","2080440","Aguacates Frescos o Secos","432525"
"2009","200902","2009-02","2","Exportaciones","eu","Europa","fra","Francia","2080440","Aguacates Frescos o Secos","2273277"
"2009","200902","2009-02","2","Exportaciones","eu","Europa","gbr","Reino Unido","2080440","Aguacates Frescos o Secos","136787"
"2009","200902","2009-02","2","Exportaciones","eu","Europa","nld","Países Bajos","2080440","Aguacates Frescos o Secos","941877"
"2009","200902","2009-02","2","Exportaciones","na","América del Norte","can","Canadá","2080440","Aguacates Frescos o Secos","2610159"
"2009","200902","2009-02","2","Exportaciones","na","América del Norte","cri","Costa Rica","2080440","Aguacates Frescos o Secos","1177124"
"2009","200902","2009-02","2","Exportaciones","na","América del Norte","gtm","Guatemala","2080440","Aguacates Frescos o Secos","629438"
"2009","200902","2009-02","2","Exportaciones","na","América del Norte","hnd","Honduras","2080440","Aguacates Frescos o Secos","1069374"
"2009","200902","2009-02","2","Exportaciones","na","América del Norte","slv","El Salvador","2080440","Aguacates Frescos o Secos","1800987"
"2009","200902","2009-02","2","Exportaciones","na","América del Norte","usa","Estados Unidos","2080440","Aguacates Frescos o Secos","41275145"
"2009","200903","2009-03","2","Exportaciones","as","Asia","hkg","Hong Kong","2080440","Aguacates Frescos o Secos","168521"
"2009","200903","2009-03","2","Exportaciones","as","Asia","jpn","Japón","2080440","Aguacates Frescos o Secos","2517970"
"2009","200903","2009-03","2","Exportaciones","eu","Europa","esp","España","2080440","Aguacates Frescos o Secos","271456"
"2009","200903","2009-03","2","Exportaciones","eu","Europa","fra","Francia","2080440","Aguacates Frescos o Secos","1056477"
"2009","200903","2009-03","2","Exportaciones","eu","Europa","nld","Países Bajos","2080440","Aguacates Frescos o Secos","323410"
"2009","200903","2009-03","2","Exportaciones","na","América del Norte","can","Canadá","2080440","Aguacates Frescos o Secos","3490645"
"2009","200903","2009-03","2","Exportaciones","na","América del Norte","cri","Costa Rica","2080440","Aguacates Frescos o Secos","1493289"
"2009","200903","2009-03","2","Exportaciones","na","América del Norte","gtm","Guatemala","2080440","Aguacates Frescos o Secos","842149"
"2009","200903","2009-03","2","Exportaciones","na","América del Norte","hnd","Honduras","2080440","Aguacates Frescos o Secos","1334140"
"2009","200903","2009-03","2","Exportaciones","na","América del Norte","slv","El Salvador","2080440","Aguacates Frescos o Secos","1979252"
"2009","200903","2009-03","2","Exportaciones","na","América del Norte","usa","Estados Unidos","2080440","Aguacates Frescos o Secos","63389785"
"2009","200904","2009-04","2","Exportaciones","as","Asia","hkg","Hong Kong","2080440","Aguacates Frescos o Secos","157428"
"2009","200904","2009-04","2","Exportaciones","as","Asia","jpn","Japón","2080440","Aguacates Frescos o Secos","3727168"
"2009","200904","2009-04","2","Exportaciones","eu","Europa","deu","Alemania","2080440","Aguacates Frescos o Secos","213"
"2009","200904","2009-04","2","Exportaciones","eu","Europa","esp","España","2080440","Aguacates Frescos o Secos","44899"
"2009","200904","2009-04","2","Exportaciones","eu","Europa","fra","Francia","2080440","Aguacates Frescos o Secos","343908"
"2009","200904","2009-04","2","Exportaciones","eu","Europa","nld","Países Bajos","2080440","Aguacates Frescos o Secos","42334"
"2009","200904","2009-04","2","Exportaciones","na","América del Norte","can","Canadá","2080440","Aguacates Frescos o Secos","3431972"
"2009","200904","2009-04","2","Exportaciones","na","América del Norte","cri","Costa Rica","2080440","Aguacates Frescos o Secos","1346958"
"2009","200904","2009-04","2","Exportaciones","na","América del Norte","gtm","Guatemala","2080440","Aguacates Frescos o Secos","754359"
"2009","200904","2009-04","2","Exportaciones","na","América del Norte","hnd","Honduras","2080440","Aguacates Frescos o Secos","713285"
"2009","200904","2009-04","2","Exportaciones","na","América del Norte","slv","El Salvador","2080440","Aguacates Frescos o Secos","1263944"
"2009","200904","2009-04","2","Exportaciones","na","América del Norte","usa","Estados Unidos","2080440","Aguacates Frescos o Secos","59108461"
"2009","200905","2009-05","2","Exportaciones","as","Asia","hkg","Hong Kong","2080440","Aguacates Frescos o Secos","39611"
"2009","200905","2009-05","2","Exportaciones","as","Asia","jpn","Japón","2080440","Aguacates Frescos o Secos","2645643"
"2009","200905","2009-05","2","Exportaciones","eu","Europa","nld","Países Bajos","2080440","Aguacates Frescos o Secos","91942"
"2009","200905","2009-05","2","Exportaciones","na","América del Norte","can","Canadá","2080440","Aguacates Frescos o Secos","4161591"
"2009","200905","2009-05","2","Exportaciones","na","América del Norte","cri","Costa Rica","2080440","Aguacates Frescos o Secos","1224579"
"2009","200905","2009-05","2","Exportaciones","na","América del Norte","gtm","Guatemala","2080440","Aguacates Frescos o Secos","672538"
"2009","200905","2009-05","2","Exportaciones","na","América del Norte","hnd","Honduras","2080440","Aguacates Frescos o Secos","426746"
"2009","200905","2009-05","2","Exportaciones","na","América del Norte","slv","El Salvador","2080440","Aguacates Frescos o Secos","516722"
"2009","200905","2009-05","2","Exportaciones","na","América del Norte","usa","Estados Unidos","2080440","Aguacates Frescos o Secos","48877741"
"2009","200906","2009-06","2","Exportaciones","as","Asia","hkg","Hong Kong","2080440","Aguacates Frescos o Secos","89114"
"2009","200906","2009-06","2","Exportaciones","as","Asia","jpn","Japón","2080440","Aguacates Frescos o Secos","2703120"
"2009","200906","2009-06","2","Exportaciones","eu","Europa","nld","Países Bajos","2080440","Aguacates Frescos o Secos","101544"
"2009","200906","2009-06","2","Exportaciones","na","América del Norte","can","Canadá","2080440","Aguacates Frescos o Secos","4011481"
"2009","200906","2009-06","2","Exportaciones","na","América del Norte","cri","Costa Rica","2080440","Aguacates Frescos o Secos","1041613"
"2009","200906","2009-06","2","Exportaciones","na","América del Norte","gtm","Guatemala","2080440","Aguacates Frescos o Secos","668263"
"2009","200906","2009-06","2","Exportaciones","na","América del Norte","hnd","Honduras","2080440","Aguacates Frescos o Secos","373124"
"2009","200906","2009-06","2","Exportaciones","na","América del Norte","slv","El Salvador","2080440","Aguacates Frescos o Secos","202794"
"2009","200906","2009-06","2","Exportaciones","na","América del Norte","usa","Estados Unidos","2080440","Aguacates Frescos o Secos","60301737"
"2009","200907","2009-07","2","Exportaciones","as","Asia","hkg","Hong Kong","2080440","Aguacates Frescos o Secos","51384"
"2009","200907","2009-07","2","Exportaciones","as","Asia","jpn","Japón","2080440","Aguacates Frescos o Secos","4076241"
"2009","200907","2009-07","2","Exportaciones","as","Asia","kor","Corea del Sur","2080440","Aguacates Frescos o Secos","25205"
"2009","200907","2009-07","2","Exportaciones","eu","Europa","fra","Francia","2080440","Aguacates Frescos o Secos","118316"
"2009","200907","2009-07","2","Exportaciones","eu","Europa","nld","Países Bajos","2080440","Aguacates Frescos o Secos","117304"
"2009","200907","2009-07","2","Exportaciones","na","América del Norte","can","Canadá","2080440","Aguacates Frescos o Secos","3760970"
"2009","200907","2009-07","2","Exportaciones","na","América del Norte","cri","Costa Rica","2080440","Aguacates Frescos o Secos","1001817"
"2009","200907","2009-07","2","Exportaciones","na","América del Norte","gtm","Guatemala","2080440","Aguacates Frescos o Secos","787478"
"2009","200907","2009-07","2","Exportaciones","na","América del Norte","slv","El Salvador","2080440","Aguacates Frescos o Secos","476280"
"2009","200907","2009-07","2","Exportaciones","na","América del Norte","usa","Estados Unidos","2080440","Aguacates Frescos o Secos","35551321"
"2009","200908","2009-08","2","Exportaciones","as","Asia","hkg","Hong Kong","2080440","Aguacates Frescos o Secos","142487"
"2009","200908","2009-08","2","Exportaciones","as","Asia","jpn","Japón","2080440","Aguacates Frescos o Secos","3944239"
"2009","200908","2009-08","2","Exportaciones","eu","Europa","esp","España","2080440","Aguacates Frescos o Secos","108414"
"2009","200908","2009-08","2","Exportaciones","eu","Europa","fra","Francia","2080440","Aguacates Frescos o Secos","624880"
"2009","200908","2009-08","2","Exportaciones","eu","Europa","gbr","Reino Unido","2080440","Aguacates Frescos o Secos","12"
"2009","200908","2009-08","2","Exportaciones","eu","Europa","nld","Países Bajos","2080440","Aguacates Frescos o Secos","675082"
"2009","200908","2009-08","2","Exportaciones","na","América del Norte","can","Canadá","2080440","Aguacates Frescos o Secos","3622578"
"2009","200908","2009-08","2","Exportaciones","na","América del Norte","cri","Costa Rica","2080440","Aguacates Frescos o Secos","785784"
"2009","200908","2009-08","2","Exportaciones","na","América del Norte","gtm","Guatemala","2080440","Aguacates Frescos o Secos","343897"
"2009","200908","2009-08","2","Exportaciones","na","América del Norte","hnd","Honduras","2080440","Aguacates Frescos o Secos","169221"
"2009","200908","2009-08","2","Exportaciones","na","América del Norte","slv","El Salvador","2080440","Aguacates Frescos o Secos","1336255"
"2009","200908","2009-08","2","Exportaciones","na","América del Norte","usa","Estados Unidos","2080440","Aguacates Frescos o Secos","42261122"
"2009","200908","2009-08","2","Exportaciones","sa","América del Sur","chl","Chile","2080440","Aguacates Frescos o Secos","162"
"2009","200909","2009-09","2","Exportaciones","as","Asia","hkg","Hong Kong","2080440","Aguacates Frescos o Secos","113935"
"2009","200909","2009-09","2","Exportaciones","as","Asia","jpn","Japón","2080440","Aguacates Frescos o Secos","2645302"
"2009","200909","2009-09","2","Exportaciones","as","Asia","kor","Corea del Sur","2080440","Aguacates Frescos o Secos","14422"
"2009","200909","2009-09","2","Exportaciones","eu","Europa","deu","Alemania","2080440","Aguacates Frescos o Secos","44824"
"2009","200909","2009-09","2","Exportaciones","eu","Europa","esp","España","2080440","Aguacates Frescos o Secos","40100"
"2009","200909","2009-09","2","Exportaciones","eu","Europa","fra","Francia","2080440","Aguacates Frescos o Secos","806233"
"2009","200909","2009-09","2","Exportaciones","eu","Europa","nld","Países Bajos","2080440","Aguacates Frescos o Secos","708216"
"2009","200909","2009-09","2","Exportaciones","na","América del Norte","can","Canadá","2080440","Aguacates Frescos o Secos","3178643"
"2009","200909","2009-09","2","Exportaciones","na","América del Norte","cri","Costa Rica","2080440","Aguacates Frescos o Secos","665097"
"2009","200909","2009-09","2","Exportaciones","na","América del Norte","gtm","Guatemala","2080440","Aguacates Frescos o Secos","631761"
"2009","200909","2009-09","2","Exportaciones","na","América del Norte","hnd","Honduras","2080440","Aguacates Frescos o Secos","180079"
"2009","200909","2009-09","2","Exportaciones","na","América del Norte","slv","El Salvador","2080440","Aguacates Frescos o Secos","1601648"
"2009","200909","2009-09","2","Exportaciones","na","América del Norte","usa","Estados Unidos","2080440","Aguacates Frescos o Secos","31895496"
"2009","200910","2009-10","2","Exportaciones","as","Asia","chn","China","2080440","Aguacates Frescos o Secos","28437"
"2009","200910","2009-10","2","Exportaciones","as","Asia","hkg","Hong Kong","2080440","Aguacates Frescos o Secos","148433"
"2009","200910","2009-10","2","Exportaciones","as","Asia","jpn","Japón","2080440","Aguacates Frescos o Secos","2086105"
"2009","200910","2009-10","2","Exportaciones","as","Asia","kor","Corea del Sur","2080440","Aguacates Frescos o Secos","11436"
"2009","200910","2009-10","2","Exportaciones","as","Asia","sgp","Singapur","2080440","Aguacates Frescos o Secos","37097"
"2009","200910","2009-10","2","Exportaciones","eu","Europa","bel","Bélgica","2080440","Aguacates Frescos o Secos","32960"
"2009","200910","2009-10","2","Exportaciones","eu","Europa","deu","Alemania","2080440","Aguacates Frescos o Secos","177449"
"2009","200910","2009-10","2","Exportaciones","eu","Europa","esp","España","2080440","Aguacates Frescos o Secos","252226"
"2009","200910","2009-10","2","Exportaciones","eu","Europa","fra","Francia","2080440","Aguacates Frescos o Secos","1170053"
"2009","200910","2009-10","2","Exportaciones","eu","Europa","nld","Países Bajos","2080440","Aguacates Frescos o Secos","570309"
"2009","200910","2009-10","2","Exportaciones","na","América del Norte","can","Canadá","2080440","Aguacates Frescos o Secos","2882082"
"2009","200910","2009-10","2","Exportaciones","na","América del Norte","cri","Costa Rica","2080440","Aguacates Frescos o Secos","791079"
"2009","200910","2009-10","2","Exportaciones","na","América del Norte","gtm","Guatemala","2080440","Aguacates Frescos o Secos","609597"
"2009","200910","2009-10","2","Exportaciones","na","América del Norte","hnd","Honduras","2080440","Aguacates Frescos o Secos","804944"
"2009","200910","2009-10","2","Exportaciones","na","América del Norte","slv","El Salvador","2080440","Aguacates Frescos o Secos","1782344"
"2009","200910","2009-10","2","Exportaciones","na","América del Norte","usa","Estados Unidos","2080440","Aguacates Frescos o Secos","33683106"
"2009","200911","2009-11","2","Exportaciones","as","Asia","hkg","Hong Kong","2080440","Aguacates Frescos o Secos","26868"
"2009","200911","2009-11","2","Exportaciones","as","Asia","jpn","Japón","2080440","Aguacates Frescos o Secos","1814986"
"2009","200911","2009-11","2","Exportaciones","as","Asia","kor","Corea del Sur","2080440","Aguacates Frescos o Secos","24419"
"2009","200911","2009-11","2","Exportaciones","eu","Europa","deu","Alemania","2080440","Aguacates Frescos o Secos","192709"
"2009","200911","2009-11","2","Exportaciones","eu","Europa","esp","España","2080440","Aguacates Frescos o Secos","95970"
"2009","200911","2009-11","2","Exportaciones","eu","Europa","fra","Francia","2080440","Aguacates Frescos o Secos","1291112"
"2009","200911","2009-11","2","Exportaciones","eu","Europa","gbr","Reino Unido","2080440","Aguacates Frescos o Secos","136133"
"2009","200911","2009-11","2","Exportaciones","eu","Europa","nld","Países Bajos","2080440","Aguacates Frescos o Secos","852760"
"2009","200911","2009-11","2","Exportaciones","na","América del Norte","can","Canadá","2080440","Aguacates Frescos o Secos","2901906"
"2009","200911","2009-11","2","Exportaciones","na","América del Norte","cri","Costa Rica","2080440","Aguacates Frescos o Secos","515143"
"2009","200911","2009-11","2","Exportaciones","na","América del Norte","gtm","Guatemala","2080440","Aguacates Frescos o Secos","626080"
"2009","200911","2009-11","2","Exportaciones","na","América del Norte","hnd","Honduras","2080440","Aguacates Frescos o Secos","978579"
"2009","200911","2009-11","2","Exportaciones","na","América del Norte","slv","El Salvador","2080440","Aguacates Frescos o Secos","1721425"
"2009","200911","2009-11","2","Exportaciones","na","América del Norte","usa","Estados Unidos","2080440","Aguacates Frescos o Secos","31551100"
"2009","200912","2009-12","2","Exportaciones","as","Asia","hkg","Hong Kong","2080440","Aguacates Frescos o Secos","127244"
"2009","200912","2009-12","2","Exportaciones","as","Asia","jpn","Japón","2080440","Aguacates Frescos o Secos","1945627"
"2009","200912","2009-12","2","Exportaciones","as","Asia","kor","Corea del Sur","2080440","Aguacates Frescos o Secos","38321"
"2009","200912","2009-12","2","Exportaciones","as","Asia","sgp","Singapur","2080440","Aguacates Frescos o Secos","35950"
"2009","200912","2009-12","2","Exportaciones","eu","Europa","deu","Alemania","2080440","Aguacates Frescos o Secos","32063"
"2009","200912","2009-12","2","Exportaciones","eu","Europa","fra","Francia","2080440","Aguacates Frescos o Secos","586995"
"2009","200912","2009-12","2","Exportaciones","eu","Europa","gbr","Reino Unido","2080440","Aguacates Frescos o Secos","170445"
"2009","200912","2009-12","2","Exportaciones","eu","Europa","nld","Países Bajos","2080440","Aguacates Frescos o Secos","263051"
"2009","200912","2009-12","2","Exportaciones","na","América del Norte","can","Canadá","2080440","Aguacates Frescos o Secos","2543413"
"2009","200912","2009-12","2","Exportaciones","na","América del Norte","cri","Costa Rica","2080440","Aguacates Frescos o Secos","871081"
"2009","200912","2009-12","2","Exportaciones","na","América del Norte","gtm","Guatemala","2080440","Aguacates Frescos o Secos","763954"
"2009","200912","2009-12","2","Exportaciones","na","América del Norte","hnd","Honduras","2080440","Aguacates Frescos o Secos","785596"
"2009","200912","2009-12","2","Exportaciones","na","América del Norte","slv","El Salvador","2080440","Aguacates Frescos o Secos","1578981"
"2009","200912","2009-12","2","Exportaciones","na","América del Norte","usa","Estados Unidos","2080440","Aguacates Frescos o Secos","34520400"
"2010","201001","2010-01","2","Exportaciones","as","Asia","hkg","Hong Kong","2080440","Aguacates Frescos o Secos","113024"
"2010","201001","2010-01","2","Exportaciones","as","Asia","jpn","Japón","2080440","Aguacates Frescos o Secos","2438629"
"2010","201001","2010-01","2","Exportaciones","as","Asia","kor","Corea del Sur","2080440","Aguacates Frescos o Secos","10895"
"2010","201001","2010-01","2","Exportaciones","as","Asia","sgp","Singapur","2080440","Aguacates Frescos o Secos","52016"
"2010","201001","2010-01","2","Exportaciones","eu","Europa","deu","Alemania","2080440","Aguacates Frescos o Secos","103211"
"2010","201001","2010-01","2","Exportaciones","eu","Europa","esp","España","2080440","Aguacates Frescos o Secos","146518"
"2010","201001","2010-01","2","Exportaciones","eu","Europa","fra","Francia","2080440","Aguacates Frescos o Secos","950351"
"2010","201001","2010-01","2","Exportaciones","eu","Europa","gbr","Reino Unido","2080440","Aguacates Frescos o Secos","107090"
"2010","201001","2010-01","2","Exportaciones","eu","Europa","nld","Países Bajos","2080440","Aguacates Frescos o Secos","451282"
"2010","201001","2010-01","2","Exportaciones","na","América del Norte","can","Canadá","2080440","Aguacates Frescos o Secos","3086087"
"2010","201001","2010-01","2","Exportaciones","na","América del Norte","cri","Costa Rica","2080440","Aguacates Frescos o Secos","1090194"
"2010","201001","2010-01","2","Exportaciones","na","América del Norte","gtm","Guatemala","2080440","Aguacates Frescos o Secos","899318"
"2010","201001","2010-01","2","Exportaciones","na","América del Norte","hnd","Honduras","2080440","Aguacates Frescos o Secos","1089899"
"2010","201001","2010-01","2","Exportaciones","na","América del Norte","slv","El Salvador","2080440","Aguacates Frescos o Secos","1703057"
"2010","201001","2010-01","2","Exportaciones","na","América del Norte","usa","Estados Unidos","2080440","Aguacates Frescos o Secos","39486203"
"2010","201002","2010-02","2","Exportaciones","as","Asia","are","Emiratos Árabes Unidos","2080440","Aguacates Frescos o Secos","7"
"2010","201002","2010-02","2","Exportaciones","as","Asia","hkg","Hong Kong","2080440","Aguacates Frescos o Secos","100956"
"2010","201002","2010-02","2","Exportaciones","as","Asia","jpn","Japón","2080440","Aguacates Frescos o Secos","3154689"
"2010","201002","2010-02","2","Exportaciones","as","Asia","sgp","Singapur","2080440","Aguacates Frescos o Secos","20708"
"2010","201002","2010-02","2","Exportaciones","eu","Europa","deu","Alemania","2080440","Aguacates Frescos o Secos","166640"
"2010","201002","2010-02","2","Exportaciones","eu","Europa","esp","España","2080440","Aguacates Frescos o Secos","71147"
"2010","201002","2010-02","2","Exportaciones","eu","Europa","fra","Francia","2080440","Aguacates Frescos o Secos","734894"
"2010","201002","2010-02","2","Exportaciones","eu","Europa","gbr","Reino Unido","2080440","Aguacates Frescos o Secos","104069"
"2010","201002","2010-02","2","Exportaciones","eu","Europa","nld","Países Bajos","2080440","Aguacates Frescos o Secos","572823"
"2010","201002","2010-02","2","Exportaciones","na","América del Norte","can","Canadá","2080440","Aguacates Frescos o Secos","3059846"
"2010","201002","2010-02","2","Exportaciones","na","América del Norte","cri","Costa Rica","2080440","Aguacates Frescos o Secos","1070484"
"2010","201002","2010-02","2","Exportaciones","na","América del Norte","gtm","Guatemala","2080440","Aguacates Frescos o Secos","478122"
"2010","201002","2010-02","2","Exportaciones","na","América del Norte","hnd","Honduras","2080440","Aguacates Frescos o Secos","686439"
"2010","201002","2010-02","2","Exportaciones","na","América del Norte","slv","El Salvador","2080440","Aguacates Frescos o Secos","1141576"
"2010","201002","2010-02","2","Exportaciones","na","América del Norte","usa","Estados Unidos","2080440","Aguacates Frescos o Secos","33423944"
"2010","201003","2010-03","2","Exportaciones","as","Asia","are","Emiratos Árabes Unidos","2080440","Aguacates Frescos o Secos","200"
"2010","201003","2010-03","2","Exportaciones","as","Asia","hkg","Hong Kong","2080440","Aguacates Frescos o Secos","130728"
"2010","201003","2010-03","2","Exportaciones","as","Asia","jpn","Japón","2080440","Aguacates Frescos o Secos","4215505"
"2010","201003","2010-03","2","Exportaciones","as","Asia","sgp","Singapur","2080440","Aguacates Frescos o Secos","91348"
"2010","201003","2010-03","2","Exportaciones","eu","Europa","esp","España","2080440","Aguacates Frescos o Secos","500445"
"2010","201003","2010-03","2","Exportaciones","eu","Europa","fra","Francia","2080440","Aguacates Frescos o Secos","1363908"
"2010","201003","2010-03","2","Exportaciones","eu","Europa","gbr","Reino Unido","2080440","Aguacates Frescos o Secos","35503"
"2010","201003","2010-03","2","Exportaciones","eu","Europa","nld","Países Bajos","2080440","Aguacates Frescos o Secos","435574"
"2010","201003","2010-03","2","Exportaciones","na","América del Norte","can","Canadá","2080440","Aguacates Frescos o Secos","4081065"
"2010","201003","2010-03","2","Exportaciones","na","América del Norte","cri","Costa Rica","2080440","Aguacates Frescos o Secos","1815179"
"2010","201003","2010-03","2","Exportaciones","na","América del Norte","gtm","Guatemala","2080440","Aguacates Frescos o Secos","783561"
"2010","201003","2010-03","2","Exportaciones","na","América del Norte","hnd","Honduras","2080440","Aguacates Frescos o Secos","1016450"
"2010","201003","2010-03","2","Exportaciones","na","América del Norte","slv","El Salvador","2080440","Aguacates Frescos o Secos","1509239"
"2010","201003","2010-03","2","Exportaciones","na","América del Norte","usa","Estados Unidos","2080440","Aguacates Frescos o Secos","56420989"
"2010","201003","2010-03","2","Exportaciones","oc","Oceanía","aus","Australia","2080440","Aguacates Frescos o Secos","27196"
"2010","201004","2010-04","2","Exportaciones","as","Asia","hkg","Hong Kong","2080440","Aguacates Frescos o Secos","122468"
"2010","201004","2010-04","2","Exportaciones","as","Asia","jpn","Japón","2080440","Aguacates Frescos o Secos","4349059"
"2010","201004","2010-04","2","Exportaciones","eu","Europa","esp","España","2080440","Aguacates Frescos o Secos","322354"
"2010","201004","2010-04","2","Exportaciones","eu","Europa","fra","Francia","2080440","Aguacates Frescos o Secos","396464"
"2010","201004","2010-04","2","Exportaciones","eu","Europa","nld","Países Bajos","2080440","Aguacates Frescos o Secos","234223"
"2010","201004","2010-04","2","Exportaciones","na","América del Norte","can","Canadá","2080440","Aguacates Frescos o Secos","3698076"
"2010","201004","2010-04","2","Exportaciones","na","América del Norte","cri","Costa Rica","2080440","Aguacates Frescos o Secos","1377284"
"2010","201004","2010-04","2","Exportaciones","na","América del Norte","gtm","Guatemala","2080440","Aguacates Frescos o Secos","756599"
"2010","201004","2010-04","2","Exportaciones","na","América del Norte","hnd","Honduras","2080440","Aguacates Frescos o Secos","724080"
"2010","201004","2010-04","2","Exportaciones","na","América del Norte","slv","El Salvador","2080440","Aguacates Frescos o Secos","820517"
"2010","201004","2010-04","2","Exportaciones","na","América del Norte","usa","Estados Unidos","2080440","Aguacates Frescos o Secos","47606774"
"2010","201005","2010-05","1","Importaciones","na","América del Norte","usa","Estados Unidos","2080440","Aguacates Frescos o Secos","1010461"
"2010","201005","2010-05","2","Exportaciones","as","Asia","chn","China","2080440","Aguacates Frescos o Secos","466"
"2010","201005","2010-05","2","Exportaciones","as","Asia","jpn","Japón","2080440","Aguacates Frescos o Secos","4314552"
"2010","201005","2010-05","2","Exportaciones","eu","Europa","nld","Países Bajos","2080440","Aguacates Frescos o Secos","83270"
"2010","201005","2010-05","2","Exportaciones","na","América del Norte","can","Canadá","2080440","Aguacates Frescos o Secos","4175158"
"2010","201005","2010-05","2","Exportaciones","na","América del Norte","cri","Costa Rica","2080440","Aguacates Frescos o Secos","1199573"
"2010","201005","2010-05","2","Exportaciones","na","América del Norte","gtm","Guatemala","2080440","Aguacates Frescos o Secos","444769"
"2010","201005","2010-05","2","Exportaciones","na","América del Norte","hnd","Honduras","2080440","Aguacates Frescos o Secos","444621"
"2010","201005","2010-05","2","Exportaciones","na","América del Norte","slv","El Salvador","2080440","Aguacates Frescos o Secos","518333"
"2010","201005","2010-05","2","Exportaciones","na","América del Norte","usa","Estados Unidos","2080440","Aguacates Frescos o Secos","44083836"
"2010","201006","2010-06","1","Importaciones","na","América del Norte","usa","Estados Unidos","2080440","Aguacates Frescos o Secos","2098317"
"2010","201006","2010-06","2","Exportaciones","as","Asia","jpn","Japón","2080440","Aguacates Frescos o Secos","4260079"
"2010","201006","2010-06","2","Exportaciones","eu","Europa","nld","Países Bajos","2080440","Aguacates Frescos o Secos","130667"
"2010","201006","2010-06","2","Exportaciones","na","América del Norte","can","Canadá","2080440","Aguacates Frescos o Secos","3716641"
"2010","201006","2010-06","2","Exportaciones","na","América del Norte","cri","Costa Rica","2080440","Aguacates Frescos o Secos","943342"
"2010","201006","2010-06","2","Exportaciones","na","América del Norte","gtm","Guatemala","2080440","Aguacates Frescos o Secos","461783"
"2010","201006","2010-06","2","Exportaciones","na","América del Norte","hnd","Honduras","2080440","Aguacates Frescos o Secos","312212"
"2010","201006","2010-06","2","Exportaciones","na","América del Norte","slv","El Salvador","2080440","Aguacates Frescos o Secos","306989"
"2010","201006","2010-06","2","Exportaciones","na","América del Norte","usa","Estados Unidos","2080440","Aguacates Frescos o Secos","33337445"
"2010","201007","2010-07","1","Importaciones","na","América del Norte","usa","Estados Unidos","2080440","Aguacates Frescos o Secos","2231045"
"2010","201007","2010-07","2","Exportaciones","as","Asia","jpn","Japón","2080440","Aguacates Frescos o Secos","4685481"
"2010","201007","2010-07","2","Exportaciones","as","Asia","kor","Corea del Sur","2080440","Aguacates Frescos o Secos","291"
"2010","201007","2010-07","2","Exportaciones","na","América del Norte","can","Canadá","2080440","Aguacates Frescos o Secos","2925421"
"2010","201007","2010-07","2","Exportaciones","na","América del Norte","cri","Costa Rica","2080440","Aguacates Frescos o Secos","821765"
"2010","201007","2010-07","2","Exportaciones","na","América del Norte","gtm","Guatemala","2080440","Aguacates Frescos o Secos","454571"
"2010","201007","2010-07","2","Exportaciones","na","América del Norte","hnd","Honduras","2080440","Aguacates Frescos o Secos","181674"
"2010","201007","2010-07","2","Exportaciones","na","América del Norte","slv","El Salvador","2080440","Aguacates Frescos o Secos","314619"
"2010","201007","2010-07","2","Exportaciones","na","América del Norte","usa","Estados Unidos","2080440","Aguacates Frescos o Secos","26283427"
"2010","201008","2010-08","2","Exportaciones","as","Asia","jpn","Japón","2080440","Aguacates Frescos o Secos","3385862"
"2010","201008","2010-08","2","Exportaciones","eu","Europa","esp","España","2080440","Aguacates Frescos o Secos","302057"
"2010","201008","2010-08","2","Exportaciones","eu","Europa","fra","Francia","2080440","Aguacates Frescos o Secos","272892"
"2010","201008","2010-08","2","Exportaciones","eu","Europa","nld","Países Bajos","2080440","Aguacates Frescos o Secos","179220"
"2010","201008","2010-08","2","Exportaciones","na","América del Norte","can","Canadá","2080440","Aguacates Frescos o Secos","2693585"
"2010","201008","2010-08","2","Exportaciones","na","América del Norte","cri","Costa Rica","2080440","Aguacates Frescos o Secos","1081351"
"2010","201008","2010-08","2","Exportaciones","na","América del Norte","gtm","Guatemala","2080440","Aguacates Frescos o Secos","315755"
"2010","201008","2010-08","2","Exportaciones","na","América del Norte","hnd","Honduras","2080440","Aguacates Frescos o Secos","183779"
"2010","201008","2010-08","2","Exportaciones","na","América del Norte","slv","El Salvador","2080440","Aguacates Frescos o Secos","650243"
"2010","201008","2010-08","2","Exportaciones","na","América del Norte","usa","Estados Unidos","2080440","Aguacates Frescos o Secos","24149318"
"2010","201008","2010-08","2","Exportaciones","sa","América del Sur","arg","Argentina","2080440","Aguacates Frescos o Secos","119"
"2010","201009","2010-09","2","Exportaciones","as","Asia","jpn","Japón","2080440","Aguacates Frescos o Secos","4296777"
"2010","201009","2010-09","2","Exportaciones","eu","Europa","esp","España","2080440","Aguacates Frescos o Secos","279112"
"2010","201009","2010-09","2","Exportaciones","eu","Europa","fra","Francia","2080440","Aguacates Frescos o Secos","895419"
"2010","201009","2010-09","2","Exportaciones","eu","Europa","gbr","Reino Unido","2080440","Aguacates Frescos o Secos","47366"
"2010","201009","2010-09","2","Exportaciones","eu","Europa","nld","Países Bajos","2080440","Aguacates Frescos o Secos","286436"
"2010","201009","2010-09","2","Exportaciones","na","América del Norte","can","Canadá","2080440","Aguacates Frescos o Secos","3132743"
"2010","201009","2010-09","2","Exportaciones","na","América del Norte","cri","Costa Rica","2080440","Aguacates Frescos o Secos","984810"
"2010","201009","2010-09","2","Exportaciones","na","América del Norte","gtm","Guatemala","2080440","Aguacates Frescos o Secos","655554"
"2010","201009","2010-09","2","Exportaciones","na","América del Norte","hnd","Honduras","2080440","Aguacates Frescos o Secos","239234"
"2010","201009","2010-09","2","Exportaciones","na","América del Norte","slv","El Salvador","2080440","Aguacates Frescos o Secos","1163849"
"2010","201009","2010-09","2","Exportaciones","na","América del Norte","usa","Estados Unidos","2080440","Aguacates Frescos o Secos","28720071"
"2010","201010","2010-10","2","Exportaciones","as","Asia","chn","China","2080440","Aguacates Frescos o Secos","132"
"2010","201010","2010-10","2","Exportaciones","as","Asia","hkg","Hong Kong","2080440","Aguacates Frescos o Secos","35680"
"2010","201010","2010-10","2","Exportaciones","as","Asia","jpn","Japón","2080440","Aguacates Frescos o Secos","3976383"
"2010","201010","2010-10","2","Exportaciones","as","Asia","kor","Corea del Sur","2080440","Aguacates Frescos o Secos","16640"
"2010","201010","2010-10","2","Exportaciones","eu","Europa","esp","España","2080440","Aguacates Frescos o Secos","317803"
"2010","201010","2010-10","2","Exportaciones","eu","Europa","fra","Francia","2080440","Aguacates Frescos o Secos","1095037"
"2010","201010","2010-10","2","Exportaciones","eu","Europa","gbr","Reino Unido","2080440","Aguacates Frescos o Secos","156015"
"2010","201010","2010-10","2","Exportaciones","eu","Europa","nld","Países Bajos","2080440","Aguacates Frescos o Secos","272289"
"2010","201010","2010-10","2","Exportaciones","na","América del Norte","can","Canadá","2080440","Aguacates Frescos o Secos","3238484"
"2010","201010","2010-10","2","Exportaciones","na","América del Norte","cri","Costa Rica","2080440","Aguacates Frescos o Secos","645685"
"2010","201010","2010-10","2","Exportaciones","na","América del Norte","gtm","Guatemala","2080440","Aguacates Frescos o Secos","424862"
"2010","201010","2010-10","2","Exportaciones","na","América del Norte","hnd","Honduras","2080440","Aguacates Frescos o Secos","714849"
"2010","201010","2010-10","2","Exportaciones","na","América del Norte","slv","El Salvador","2080440","Aguacates Frescos o Secos","1593491"
"2010","201010","2010-10","2","Exportaciones","na","América del Norte","usa","Estados Unidos","2080440","Aguacates Frescos o Secos","30368500"
"2010","201011","2010-11","2","Exportaciones","af","África","ken","Kenia","2080440","Aguacates Frescos o Secos","176"
"2010","201011","2010-11","2","Exportaciones","as","Asia","hkg","Hong Kong","2080440","Aguacates Frescos o Secos","125652"
"2010","201011","2010-11","2","Exportaciones","as","Asia","jpn","Japón","2080440","Aguacates Frescos o Secos","3358738"
"2010","201011","2010-11","2","Exportaciones","as","Asia","kor","Corea del Sur","2080440","Aguacates Frescos o Secos","15794"
"2010","201011","2010-11","2","Exportaciones","as","Asia","sgp","Singapur","2080440","Aguacates Frescos o Secos","45724"
"2010","201011","2010-11","2","Exportaciones","eu","Europa","esp","España","2080440","Aguacates Frescos o Secos","155435"
"2010","201011","2010-11","2","Exportaciones","eu","Europa","fra","Francia","2080440","Aguacates Frescos o Secos","1105533"
"2010","201011","2010-11","2","Exportaciones","eu","Europa","gbr","Reino Unido","2080440","Aguacates Frescos o Secos","36830"
"2010","201011","2010-11","2","Exportaciones","eu","Europa","nld","Países Bajos","2080440","Aguacates Frescos o Secos","295483"
"2010","201011","2010-11","2","Exportaciones","na","América del Norte","can","Canadá","2080440","Aguacates Frescos o Secos","3194623"
"2010","201011","2010-11","2","Exportaciones","na","América del Norte","cri","Costa Rica","2080440","Aguacates Frescos o Secos","920036"
"2010","201011","2010-11","2","Exportaciones","na","América del Norte","gtm","Guatemala","2080440","Aguacates Frescos o Secos","518238"
"2010","201011","2010-11","2","Exportaciones","na","América del Norte","hnd","Honduras","2080440","Aguacates Frescos o Secos","750081"
"2010","201011","2010-11","2","Exportaciones","na","América del Norte","slv","El Salvador","2080440","Aguacates Frescos o Secos","1699736"
"2010","201011","2010-11","2","Exportaciones","na","América del Norte","usa","Estados Unidos","2080440","Aguacates Frescos o Secos","44916731"
"2010","201012","2010-12","2","Exportaciones","as","Asia","hkg","Hong Kong","2080440","Aguacates Frescos o Secos","31647"
"2010","201012","2010-12","2","Exportaciones","as","Asia","jpn","Japón","2080440","Aguacates Frescos o Secos","3470400"
"2010","201012","2010-12","2","Exportaciones","as","Asia","sgp","Singapur","2080440","Aguacates Frescos o Secos","39786"
"2010","201012","2010-12","2","Exportaciones","eu","Europa","fra","Francia","2080440","Aguacates Frescos o Secos","75378"
"2010","201012","2010-12","2","Exportaciones","eu","Europa","gbr","Reino Unido","2080440","Aguacates Frescos o Secos","26"
"2010","201012","2010-12","2","Exportaciones","eu","Europa","nld","Países Bajos","2080440","Aguacates Frescos o Secos","38104"
"2010","201012","2010-12","2","Exportaciones","na","América del Norte","can","Canadá","2080440","Aguacates Frescos o Secos","3129522"
"2010","201012","2010-12","2","Exportaciones","na","América del Norte","cri","Costa Rica","2080440","Aguacates Frescos o Secos","1027674"
"2010","201012","2010-12","2","Exportaciones","na","América del Norte","gtm","Guatemala","2080440","Aguacates Frescos o Secos","498690"
"2010","201012","2010-12","2","Exportaciones","na","América del Norte","hnd","Honduras","2080440","Aguacates Frescos o Secos","694851"
"2010","201012","2010-12","2","Exportaciones","na","América del Norte","slv","El Salvador","2080440","Aguacates Frescos o Secos","2076557"
"2010","201012","2010-12","2","Exportaciones","na","América del Norte","usa","Estados Unidos","2080440","Aguacates Frescos o Secos","54433080"
"2011","201101","2011-01","2","Exportaciones","as","Asia","hkg","Hong Kong","2080440","Aguacates Frescos o Secos","37829"
"2011","201101","2011-01","2","Exportaciones","as","Asia","jpn","Japón","2080440","Aguacates Frescos o Secos","3629658"
"2011","201101","2011-01","2","Exportaciones","as","Asia","kor","Corea del Sur","2080440","Aguacates Frescos o Secos","7276"
"2011","201101","2011-01","2","Exportaciones","eu","Europa","nld","Países Bajos","2080440","Aguacates Frescos o Secos","84444"
"2011","201101","2011-01","2","Exportaciones","na","América del Norte","can","Canadá","2080440","Aguacates Frescos o Secos","4503980"
"2011","201101","2011-01","2","Exportaciones","na","América del Norte","cri","Costa Rica","2080440","Aguacates Frescos o Secos","1735898"
"2011","201101","2011-01","2","Exportaciones","na","América del Norte","gtm","Guatemala","2080440","Aguacates Frescos o Secos","267005"
"2011","201101","2011-01","2","Exportaciones","na","América del Norte","hnd","Honduras","2080440","Aguacates Frescos o Secos","925038"
"2011","201101","2011-01","2","Exportaciones","na","América del Norte","slv","El Salvador","2080440","Aguacates Frescos o Secos","2040661"
"2011","201101","2011-01","2","Exportaciones","na","América del Norte","usa","Estados Unidos","2080440","Aguacates Frescos o Secos","76307753"
"2011","201102","2011-02","2","Exportaciones","as","Asia","hkg","Hong Kong","2080440","Aguacates Frescos o Secos","282823"
"2011","201102","2011-02","2","Exportaciones","as","Asia","jpn","Japón","2080440","Aguacates Frescos o Secos","4690718"
"2011","201102","2011-02","2","Exportaciones","eu","Europa","deu","Alemania","2080440","Aguacates Frescos o Secos","917"
"2011","201102","2011-02","2","Exportaciones","eu","Europa","nld","Países Bajos","2080440","Aguacates Frescos o Secos","140634"
"2011","201102","2011-02","2","Exportaciones","na","América del Norte","can","Canadá","2080440","Aguacates Frescos o Secos","4397771"
"2011","201102","2011-02","2","Exportaciones","na","América del Norte","cri","Costa Rica","2080440","Aguacates Frescos o Secos","1552143"
"2011","201102","2011-02","2","Exportaciones","na","América del Norte","gtm","Guatemala","2080440","Aguacates Frescos o Secos","197052"
"2011","201102","2011-02","2","Exportaciones","na","América del Norte","hnd","Honduras","2080440","Aguacates Frescos o Secos","814485"
"2011","201102","2011-02","2","Exportaciones","na","América del Norte","slv","El Salvador","2080440","Aguacates Frescos o Secos","1669158"
"2011","201102","2011-02","2","Exportaciones","na","América del Norte","usa","Estados Unidos","2080440","Aguacates Frescos o Secos","58200682"
"2011","201103","2011-03","2","Exportaciones","as","Asia","hkg","Hong Kong","2080440","Aguacates Frescos o Secos","308005"
"2011","201103","2011-03","2","Exportaciones","as","Asia","jpn","Japón","2080440","Aguacates Frescos o Secos","9966813"
"2011","201103","2011-03","2","Exportaciones","eu","Europa","gbr","Reino Unido","2080440","Aguacates Frescos o Secos","93"
"2011","201103","2011-03","2","Exportaciones","eu","Europa","nld","Países Bajos","2080440","Aguacates Frescos o Secos","183279"
"2011","201103","2011-03","2","Exportaciones","na","América del Norte","can","Canadá","2080440","Aguacates Frescos o Secos","5355202"
"2011","201103","2011-03","2","Exportaciones","na","América del Norte","cri","Costa Rica","2080440","Aguacates Frescos o Secos","2096385"
"2011","201103","2011-03","2","Exportaciones","na","América del Norte","gtm","Guatemala","2080440","Aguacates Frescos o Secos","249308"
"2011","201103","2011-03","2","Exportaciones","na","América del Norte","hnd","Honduras","2080440","Aguacates Frescos o Secos","536073"
"2011","201103","2011-03","2","Exportaciones","na","América del Norte","slv","El Salvador","2080440","Aguacates Frescos o Secos","1092860"
"2011","201103","2011-03","2","Exportaciones","na","América del Norte","usa","Estados Unidos","2080440","Aguacates Frescos o Secos","86742747"
"2011","201104","2011-04","2","Exportaciones","as","Asia","hkg","Hong Kong","2080440","Aguacates Frescos o Secos","51407"
"2011","201104","2011-04","2","Exportaciones","as","Asia","jpn","Japón","2080440","Aguacates Frescos o Secos","8525886"
"2011","201104","2011-04","2","Exportaciones","as","Asia","kor","Corea del Sur","2080440","Aguacates Frescos o Secos","354"
"2011","201104","2011-04","2","Exportaciones","eu","Europa","esp","España","2080440","Aguacates Frescos o Secos","2"
"2011","201104","2011-04","2","Exportaciones","na","América del Norte","can","Canadá","2080440","Aguacates Frescos o Secos","5710375"
"2011","201104","2011-04","2","Exportaciones","na","América del Norte","cri","Costa Rica","2080440","Aguacates Frescos o Secos","1587701"
"2011","201104","2011-04","2","Exportaciones","na","América del Norte","gtm","Guatemala","2080440","Aguacates Frescos o Secos","122821"
"2011","201104","2011-04","2","Exportaciones","na","América del Norte","hnd","Honduras","2080440","Aguacates Frescos o Secos","199960"
"2011","201104","2011-04","2","Exportaciones","na","América del Norte","slv","El Salvador","2080440","Aguacates Frescos o Secos","372637"
"2011","201104","2011-04","2","Exportaciones","na","América del Norte","usa","Estados Unidos","2080440","Aguacates Frescos o Secos","77920260"
"2011","201105","2011-05","2","Exportaciones","as","Asia","jpn","Japón","2080440","Aguacates Frescos o Secos","7031949"
"2011","201105","2011-05","2","Exportaciones","eu","Europa","nld","Países Bajos","2080440","Aguacates Frescos o Secos","883"
"2011","201105","2011-05","2","Exportaciones","na","América del Norte","can","Canadá","2080440","Aguacates Frescos o Secos","5575671"
"2011","201105","2011-05","2","Exportaciones","na","América del Norte","cri","Costa Rica","2080440","Aguacates Frescos o Secos","1681134"
"2011","201105","2011-05","2","Exportaciones","na","América del Norte","gtm","Guatemala","2080440","Aguacates Frescos o Secos","185817"
"2011","201105","2011-05","2","Exportaciones","na","América del Norte","slv","El Salvador","2080440","Aguacates Frescos o Secos","183231"
"2011","201105","2011-05","2","Exportaciones","na","América del Norte","usa","Estados Unidos","2080440","Aguacates Frescos o Secos","73761519"
"2011","201106","2011-06","2","Exportaciones","as","Asia","jpn","Japón","2080440","Aguacates Frescos o Secos","6605188"
"2011","201106","2011-06","2","Exportaciones","na","América del Norte","can","Canadá","2080440","Aguacates Frescos o Secos","4394338"
"2011","201106","2011-06","2","Exportaciones","na","América del Norte","cri","Costa Rica","2080440","Aguacates Frescos o Secos","800299"
"2011","201106","2011-06","2","Exportaciones","na","América del Norte","gtm","Guatemala","2080440","Aguacates Frescos o Secos","140645"
"2011","201106","2011-06","2","Exportaciones","na","América del Norte","slv","El Salvador","2080440","Aguacates Frescos o Secos","59374"
"2011","201106","2011-06","2","Exportaciones","na","América del Norte","usa","Estados Unidos","2080440","Aguacates Frescos o Secos","56480217"
"2011","201107","2011-07","2","Exportaciones","as","Asia","jpn","Japón","2080440","Aguacates Frescos o Secos","8541865"
"2011","201107","2011-07","2","Exportaciones","eu","Europa","fra","Francia","2080440","Aguacates Frescos o Secos","54"
"2011","201107","2011-07","2","Exportaciones","na","América del Norte","can","Canadá","2080440","Aguacates Frescos o Secos","4565666"
"2011","201107","2011-07","2","Exportaciones","na","América del Norte","cri","Costa Rica","2080440","Aguacates Frescos o Secos","244355"
"2011","201107","2011-07","2","Exportaciones","na","América del Norte","gtm","Guatemala","2080440","Aguacates Frescos o Secos","76830"
"2011","201107","2011-07","2","Exportaciones","na","América del Norte","slv","El Salvador","2080440","Aguacates Frescos o Secos","151221"
"2011","201107","2011-07","2","Exportaciones","na","América del Norte","usa","Estados Unidos","2080440","Aguacates Frescos o Secos","35876428"
"2011","201108","2011-08","2","Exportaciones","as","Asia","hkg","Hong Kong","2080440","Aguacates Frescos o Secos","341"
"2011","201108","2011-08","2","Exportaciones","as","Asia","jpn","Japón","2080440","Aguacates Frescos o Secos","6571906"
"2011","201108","2011-08","2","Exportaciones","eu","Europa","esp","España","2080440","Aguacates Frescos o Secos","65300"
"2011","201108","2011-08","2","Exportaciones","eu","Europa","gbr","Reino Unido","2080440","Aguacates Frescos o Secos","468027"
"2011","201108","2011-08","2","Exportaciones","na","América del Norte","can","Canadá","2080440","Aguacates Frescos o Secos","4536527"
"2011","201108","2011-08","2","Exportaciones","na","América del Norte","cri","Costa Rica","2080440","Aguacates Frescos o Secos","562495"
"2011","201108","2011-08","2","Exportaciones","na","América del Norte","gtm","Guatemala","2080440","Aguacates Frescos o Secos","398106"
"2011","201108","2011-08","2","Exportaciones","na","América del Norte","hnd","Honduras","2080440","Aguacates Frescos o Secos","75979"
"2011","201108","2011-08","2","Exportaciones","na","América del Norte","slv","El Salvador","2080440","Aguacates Frescos o Secos","891802"
"2011","201108","2011-08","2","Exportaciones","na","América del Norte","usa","Estados Unidos","2080440","Aguacates Frescos o Secos","51767511"
"2011","201109","2011-09","2","Exportaciones","as","Asia","chn","China","2080440","Aguacates Frescos o Secos","29339"
"2011","201109","2011-09","2","Exportaciones","as","Asia","jpn","Japón","2080440","Aguacates Frescos o Secos","6430267"
"2011","201109","2011-09","2","Exportaciones","eu","Europa","deu","Alemania","2080440","Aguacates Frescos o Secos","49745"
"2011","201109","2011-09","2","Exportaciones","eu","Europa","esp","España","2080440","Aguacates Frescos o Secos","148228"
"2011","201109","2011-09","2","Exportaciones","eu","Europa","fra","Francia","2080440","Aguacates Frescos o Secos","148953"
"2011","201109","2011-09","2","Exportaciones","eu","Europa","gbr","Reino Unido","2080440","Aguacates Frescos o Secos","546161"
"2011","201109","2011-09","2","Exportaciones","eu","Europa","nld","Países Bajos","2080440","Aguacates Frescos o Secos","295299"
"2011","201109","2011-09","2","Exportaciones","eu","Europa","pol","Polonia","2080440","Aguacates Frescos o Secos","300"
"2011","201109","2011-09","2","Exportaciones","na","América del Norte","can","Canadá","2080440","Aguacates Frescos o Secos","3270767"
"2011","201109","2011-09","2","Exportaciones","na","América del Norte","cri","Costa Rica","2080440","Aguacates Frescos o Secos","827321"
"2011","201109","2011-09","2","Exportaciones","na","América del Norte","gtm","Guatemala","2080440","Aguacates Frescos o Secos","449720"
"2011","201109","2011-09","2","Exportaciones","na","América del Norte","hnd","Honduras","2080440","Aguacates Frescos o Secos","534739"
"2011","201109","2011-09","2","Exportaciones","na","América del Norte","slv","El Salvador","2080440","Aguacates Frescos o Secos","1675704"
"2011","201109","2011-09","2","Exportaciones","na","América del Norte","usa","Estados Unidos","2080440","Aguacates Frescos o Secos","45265780"
"2011","201110","2011-10","2","Exportaciones","as","Asia","chn","China","2080440","Aguacates Frescos o Secos","22243"
"2011","201110","2011-10","2","Exportaciones","as","Asia","hkg","Hong Kong","2080440","Aguacates Frescos o Secos","99808"
"2011","201110","2011-10","2","Exportaciones","as","Asia","jpn","Japón","2080440","Aguacates Frescos o Secos","5846251"
"2011","201110","2011-10","2","Exportaciones","eu","Europa","esp","España","2080440","Aguacates Frescos o Secos","148345"
"2011","201110","2011-10","2","Exportaciones","eu","Europa","fra","Francia","2080440","Aguacates Frescos o Secos","826061"
"2011","201110","2011-10","2","Exportaciones","eu","Europa","gbr","Reino Unido","2080440","Aguacates Frescos o Secos","297058"
"2011","201110","2011-10","2","Exportaciones","eu","Europa","nld","Países Bajos","2080440","Aguacates Frescos o Secos","312428"
"2011","201110","2011-10","2","Exportaciones","na","América del Norte","can","Canadá","2080440","Aguacates Frescos o Secos","3474146"
"2011","201110","2011-10","2","Exportaciones","na","América del Norte","cri","Costa Rica","2080440","Aguacates Frescos o Secos","982745"
"2011","201110","2011-10","2","Exportaciones","na","América del Norte","gtm","Guatemala","2080440","Aguacates Frescos o Secos","335616"
"2011","201110","2011-10","2","Exportaciones","na","América del Norte","hnd","Honduras","2080440","Aguacates Frescos o Secos","985546"
"2011","201110","2011-10","2","Exportaciones","na","América del Norte","slv","El Salvador","2080440","Aguacates Frescos o Secos","1622011"
"2011","201110","2011-10","2","Exportaciones","na","América del Norte","usa","Estados Unidos","2080440","Aguacates Frescos o Secos","55124962"
"2011","201111","2011-11","2","Exportaciones","as","Asia","chn","China","2080440","Aguacates Frescos o Secos","22215"
"2011","201111","2011-11","2","Exportaciones","as","Asia","hkg","Hong Kong","2080440","Aguacates Frescos o Secos","232974"
"2011","201111","2011-11","2","Exportaciones","as","Asia","jpn","Japón","2080440","Aguacates Frescos o Secos","6237056"
"2011","201111","2011-11","2","Exportaciones","eu","Europa","esp","España","2080440","Aguacates Frescos o Secos","277692"
"2011","201111","2011-11","2","Exportaciones","eu","Europa","fra","Francia","2080440","Aguacates Frescos o Secos","1000658"
"2011","201111","2011-11","2","Exportaciones","eu","Europa","gbr","Reino Unido","2080440","Aguacates Frescos o Secos","75190"
"2011","201111","2011-11","2","Exportaciones","eu","Europa","nld","Países Bajos","2080440","Aguacates Frescos o Secos","230235"
"2011","201111","2011-11","2","Exportaciones","na","América del Norte","can","Canadá","2080440","Aguacates Frescos o Secos","4240263"
"2011","201111","2011-11","2","Exportaciones","na","América del Norte","cri","Costa Rica","2080440","Aguacates Frescos o Secos","1444010"
"2011","201111","2011-11","2","Exportaciones","na","América del Norte","gtm","Guatemala","2080440","Aguacates Frescos o Secos","450186"
"2011","201111","2011-11","2","Exportaciones","na","América del Norte","hnd","Honduras","2080440","Aguacates Frescos o Secos","1315086"
"2011","201111","2011-11","2","Exportaciones","na","América del Norte","slv","El Salvador","2080440","Aguacates Frescos o Secos","2040407"
"2011","201111","2011-11","2","Exportaciones","na","América del Norte","usa","Estados Unidos","2080440","Aguacates Frescos o Secos","62387007"
"2011","201112","2011-12","2","Exportaciones","as","Asia","hkg","Hong Kong","2080440","Aguacates Frescos o Secos","131320"
"2011","201112","2011-12","2","Exportaciones","as","Asia","jpn","Japón","2080440","Aguacates Frescos o Secos","4630749"
"2011","201112","2011-12","2","Exportaciones","eu","Europa","deu","Alemania","2080440","Aguacates Frescos o Secos","1367"
"2011","201112","2011-12","2","Exportaciones","eu","Europa","fra","Francia","2080440","Aguacates Frescos o Secos","144452"
"2011","201112","2011-12","2","Exportaciones","na","América del Norte","can","Canadá","2080440","Aguacates Frescos o Secos","4104237"
"2011","201112","2011-12","2","Exportaciones","na","América del Norte","cri","Costa Rica","2080440","Aguacates Frescos o Secos","1386093"
"2011","201112","2011-12","2","Exportaciones","na","América del Norte","gtm","Guatemala","2080440","Aguacates Frescos o Secos","357360"
"2011","201112","2011-12","2","Exportaciones","na","América del Norte","hnd","Honduras","2080440","Aguacates Frescos o Secos","1138663"
"2011","201112","2011-12","2","Exportaciones","na","América del Norte","slv","El Salvador","2080440","Aguacates Frescos o Secos","1954382"
"2011","201112","2011-12","2","Exportaciones","na","América del Norte","usa","Estados Unidos","2080440","Aguacates Frescos o Secos","64100507"
"2012","201201","2012-01","2","Exportaciones","as","Asia","hkg","Hong Kong","2080440","Aguacates Frescos o Secos","213084"
"2012","201201","2012-01","2","Exportaciones","as","Asia","jpn","Japón","2080440","Aguacates Frescos o Secos","7162083"
"2012","201201","2012-01","2","Exportaciones","eu","Europa","fra","Francia","2080440","Aguacates Frescos o Secos","156260"
"2012","201201","2012-01","2","Exportaciones","eu","Europa","nld","Países Bajos","2080440","Aguacates Frescos o Secos","76117"
"2012","201201","2012-01","2","Exportaciones","na","América del Norte","can","Canadá","2080440","Aguacates Frescos o Secos","5437408"
"2012","201201","2012-01","2","Exportaciones","na","América del Norte","cri","Costa Rica","2080440","Aguacates Frescos o Secos","1968246"
"2012","201201","2012-01","2","Exportaciones","na","América del Norte","gtm","Guatemala","2080440","Aguacates Frescos o Secos","513098"
"2012","201201","2012-01","2","Exportaciones","na","América del Norte","hnd","Honduras","2080440","Aguacates Frescos o Secos","1764574"
"2012","201201","2012-01","2","Exportaciones","na","América del Norte","slv","El Salvador","2080440","Aguacates Frescos o Secos","1974351"
"2012","201201","2012-01","2","Exportaciones","na","América del Norte","usa","Estados Unidos","2080440","Aguacates Frescos o Secos","79732799"
"2012","201201","2012-01","2","Exportaciones","oc","Oceanía","aus","Australia","2080440","Aguacates Frescos o Secos","29612"
"2012","201202","2012-02","2","Exportaciones","as","Asia","chn","China","2080440","Aguacates Frescos o Secos","64"
"2012","201202","2012-02","2","Exportaciones","as","Asia","hkg","Hong Kong","2080440","Aguacates Frescos o Secos","350987"
"2012","201202","2012-02","2","Exportaciones","as","Asia","jpn","Japón","2080440","Aguacates Frescos o Secos","6343614"
"2012","201202","2012-02","2","Exportaciones","eu","Europa","deu","Alemania","2080440","Aguacates Frescos o Secos","562"
"2012","201202","2012-02","2","Exportaciones","eu","Europa","nld","Países Bajos","2080440","Aguacates Frescos o Secos","36542"
"2012","201202","2012-02","2","Exportaciones","na","América del Norte","can","Canadá","2080440","Aguacates Frescos o Secos","4247690"
"2012","201202","2012-02","2","Exportaciones","na","América del Norte","cri","Costa Rica","2080440","Aguacates Frescos o Secos","1644595"
"2012","201202","2012-02","2","Exportaciones","na","América del Norte","gtm","Guatemala","2080440","Aguacates Frescos o Secos","277029"
"2012","201202","2012-02","2","Exportaciones","na","América del Norte","hnd","Honduras","2080440","Aguacates Frescos o Secos","1269158"
"2012","201202","2012-02","2","Exportaciones","na","América del Norte","slv","El Salvador","2080440","Aguacates Frescos o Secos","1877439"
"2012","201202","2012-02","2","Exportaciones","na","América del Norte","usa","Estados Unidos","2080440","Aguacates Frescos o Secos","54941969"
"2012","201203","2012-03","2","Exportaciones","as","Asia","jpn","Japón","2080440","Aguacates Frescos o Secos","9765217"
"2012","201203","2012-03","2","Exportaciones","eu","Europa","esp","España","2080440","Aguacates Frescos o Secos","82434"
"2012","201203","2012-03","2","Exportaciones","eu","Europa","gbr","Reino Unido","2080440","Aguacates Frescos o Secos","40585"
"2012","201203","2012-03","2","Exportaciones","eu","Europa","nld","Países Bajos","2080440","Aguacates Frescos o Secos","122363"
"2012","201203","2012-03","2","Exportaciones","na","América del Norte","can","Canadá","2080440","Aguacates Frescos o Secos","5599977"
"2012","201203","2012-03","2","Exportaciones","na","América del Norte","cri","Costa Rica","2080440","Aguacates Frescos o Secos","2573748"
"2012","201203","2012-03","2","Exportaciones","na","América del Norte","gtm","Guatemala","2080440","Aguacates Frescos o Secos","533812"
"2012","201203","2012-03","2","Exportaciones","na","América del Norte","hnd","Honduras","2080440","Aguacates Frescos o Secos","1724802"
"2012","201203","2012-03","2","Exportaciones","na","América del Norte","slv","El Salvador","2080440","Aguacates Frescos o Secos","2133708"
"2012","201203","2012-03","2","Exportaciones","na","América del Norte","usa","Estados Unidos","2080440","Aguacates Frescos o Secos","69537465"
"2012","201204","2012-04","2","Exportaciones","as","Asia","hkg","Hong Kong","2080440","Aguacates Frescos o Secos","26164"
"2012","201204","2012-04","2","Exportaciones","as","Asia","jpn","Japón","2080440","Aguacates Frescos o Secos","8208575"
"2012","201204","2012-04","2","Exportaciones","eu","Europa","esp","España","2080440","Aguacates Frescos o Secos","44278"
"2012","201204","2012-04","2","Exportaciones","eu","Europa","nld","Países Bajos","2080440","Aguacates Frescos o Secos","265668"
"2012","201204","2012-04","2","Exportaciones","na","América del Norte","can","Canadá","2080440","Aguacates Frescos o Secos","7102608"
"2012","201204","2012-04","2","Exportaciones","na","América del Norte","cri","Costa Rica","2080440","Aguacates Frescos o Secos","1389135"
"2012","201204","2012-04","2","Exportaciones","na","América del Norte","gtm","Guatemala","2080440","Aguacates Frescos o Secos","800650"
"2012","201204","2012-04","2","Exportaciones","na","América del Norte","hnd","Honduras","2080440","Aguacates Frescos o Secos","1094999"
"2012","201204","2012-04","2","Exportaciones","na","América del Norte","pan","Panamá","2080440","Aguacates Frescos o Secos","7547"
"2012","201204","2012-04","2","Exportaciones","na","América del Norte","slv","El Salvador","2080440","Aguacates Frescos o Secos","1202668"
"2012","201204","2012-04","2","Exportaciones","na","América del Norte","usa","Estados Unidos","2080440","Aguacates Frescos o Secos","79583598"
"2012","201205","2012-05","2","Exportaciones","as","Asia","hkg","Hong Kong","2080440","Aguacates Frescos o Secos","326968"
"2012","201205","2012-05","2","Exportaciones","as","Asia","jpn","Japón","2080440","Aguacates Frescos o Secos","10080563"
"2012","201205","2012-05","2","Exportaciones","eu","Europa","esp","España","2080440","Aguacates Frescos o Secos","44958"
"2012","201205","2012-05","2","Exportaciones","na","América del Norte","can","Canadá","2080440","Aguacates Frescos o Secos","4953861"
"2012","201205","2012-05","2","Exportaciones","na","América del Norte","cri","Costa Rica","2080440","Aguacates Frescos o Secos","1491525"
"2012","201205","2012-05","2","Exportaciones","na","América del Norte","gtm","Guatemala","2080440","Aguacates Frescos o Secos","409772"
"2012","201205","2012-05","2","Exportaciones","na","América del Norte","hnd","Honduras","2080440","Aguacates Frescos o Secos","837890"
"2012","201205","2012-05","2","Exportaciones","na","América del Norte","slv","El Salvador","2080440","Aguacates Frescos o Secos","896219"
"2012","201205","2012-05","2","Exportaciones","na","América del Norte","usa","Estados Unidos","2080440","Aguacates Frescos o Secos","64043876"
"2012","201206","2012-06","2","Exportaciones","as","Asia","jpn","Japón","2080440","Aguacates Frescos o Secos","8870722"
"2012","201206","2012-06","2","Exportaciones","na","América del Norte","can","Canadá","2080440","Aguacates Frescos o Secos","4029691"
"2012","201206","2012-06","2","Exportaciones","na","América del Norte","cri","Costa Rica","2080440","Aguacates Frescos o Secos","1093055"
"2012","201206","2012-06","2","Exportaciones","na","América del Norte","gtm","Guatemala","2080440","Aguacates Frescos o Secos","557490"
"2012","201206","2012-06","2","Exportaciones","na","América del Norte","hnd","Honduras","2080440","Aguacates Frescos o Secos","552805"
"2012","201206","2012-06","2","Exportaciones","na","América del Norte","slv","El Salvador","2080440","Aguacates Frescos o Secos","796991"
"2012","201206","2012-06","2","Exportaciones","na","América del Norte","usa","Estados Unidos","2080440","Aguacates Frescos o Secos","42100078"
"2012","201207","2012-07","2","Exportaciones","as","Asia","jpn","Japón","2080440","Aguacates Frescos o Secos","5928590"
"2012","201207","2012-07","2","Exportaciones","eu","Europa","esp","España","2080440","Aguacates Frescos o Secos","156428"
"2012","201207","2012-07","2","Exportaciones","na","América del Norte","can","Canadá","2080440","Aguacates Frescos o Secos","3536564"
"2012","201207","2012-07","2","Exportaciones","na","América del Norte","cri","Costa Rica","2080440","Aguacates Frescos o Secos","1109749"
"2012","201207","2012-07","2","Exportaciones","na","América del Norte","gtm","Guatemala","2080440","Aguacates Frescos o Secos","554433"
"2012","201207","2012-07","2","Exportaciones","na","América del Norte","hnd","Honduras","2080440","Aguacates Frescos o Secos","341921"
"2012","201207","2012-07","2","Exportaciones","na","América del Norte","slv","El Salvador","2080440","Aguacates Frescos o Secos","897238"
"2012","201207","2012-07","2","Exportaciones","na","América del Norte","usa","Estados Unidos","2080440","Aguacates Frescos o Secos","35526299"
"2012","201208","2012-08","2","Exportaciones","as","Asia","hkg","Hong Kong","2080440","Aguacates Frescos o Secos","33406"
"2012","201208","2012-08","2","Exportaciones","as","Asia","jpn","Japón","2080440","Aguacates Frescos o Secos","8764836"
"2012","201208","2012-08","2","Exportaciones","as","Asia","kor","Corea del Sur","2080440","Aguacates Frescos o Secos","1020"
"2012","201208","2012-08","2","Exportaciones","eu","Europa","deu","Alemania","2080440","Aguacates Frescos o Secos","39321"
"2012","201208","2012-08","2","Exportaciones","eu","Europa","esp","España","2080440","Aguacates Frescos o Secos","507852"
"2012","201208","2012-08","2","Exportaciones","eu","Europa","gbr","Reino Unido","2080440","Aguacates Frescos o Secos","235345"
"2012","201208","2012-08","2","Exportaciones","eu","Europa","nld","Países Bajos","2080440","Aguacates Frescos o Secos","227927"
"2012","201208","2012-08","2","Exportaciones","na","América del Norte","can","Canadá","2080440","Aguacates Frescos o Secos","4998146"
"2012","201208","2012-08","2","Exportaciones","na","América del Norte","cri","Costa Rica","2080440","Aguacates Frescos o Secos","1357682"
"2012","201208","2012-08","2","Exportaciones","na","América del Norte","gtm","Guatemala","2080440","Aguacates Frescos o Secos","631534"
"2012","201208","2012-08","2","Exportaciones","na","América del Norte","hnd","Honduras","2080440","Aguacates Frescos o Secos","390703"
"2012","201208","2012-08","2","Exportaciones","na","América del Norte","slv","El Salvador","2080440","Aguacates Frescos o Secos","1223512"
"2012","201208","2012-08","2","Exportaciones","na","América del Norte","usa","Estados Unidos","2080440","Aguacates Frescos o Secos","45088986"
"2012","201209","2012-09","2","Exportaciones","as","Asia","chn","China","2080440","Aguacates Frescos o Secos","22091"
"2012","201209","2012-09","2","Exportaciones","as","Asia","jpn","Japón","2080440","Aguacates Frescos o Secos","7655562"
"2012","201209","2012-09","2","Exportaciones","as","Asia","kor","Corea del Sur","2080440","Aguacates Frescos o Secos","2097"
"2012","201209","2012-09","2","Exportaciones","as","Asia","sgp","Singapur","2080440","Aguacates Frescos o Secos","37"
"2012","201209","2012-09","2","Exportaciones","eu","Europa","bel","Bélgica","2080440","Aguacates Frescos o Secos","34714"
"2012","201209","2012-09","2","Exportaciones","eu","Europa","esp","España","2080440","Aguacates Frescos o Secos","815749"
"2012","201209","2012-09","2","Exportaciones","eu","Europa","fra","Francia","2080440","Aguacates Frescos o Secos","590138"
"2012","201209","2012-09","2","Exportaciones","eu","Europa","gbr","Reino Unido","2080440","Aguacates Frescos o Secos","308140"
"2012","201209","2012-09","2","Exportaciones","eu","Europa","nld","Países Bajos","2080440","Aguacates Frescos o Secos","397911"
"2012","201209","2012-09","2","Exportaciones","eu","Europa","swe","Suecia","2080440","Aguacates Frescos o Secos","34609"
"2012","201209","2012-09","2","Exportaciones","na","América del Norte","can","Canadá","2080440","Aguacates Frescos o Secos","4453505"
"2012","201209","2012-09","2","Exportaciones","na","América del Norte","cri","Costa Rica","2080440","Aguacates Frescos o Secos","1052733"
"2012","201209","2012-09","2","Exportaciones","na","América del Norte","gtm","Guatemala","2080440","Aguacates Frescos o Secos","497937"
"2012","201209","2012-09","2","Exportaciones","na","América del Norte","hnd","Honduras","2080440","Aguacates Frescos o Secos","442312"
"2012","201209","2012-09","2","Exportaciones","na","América del Norte","slv","El Salvador","2080440","Aguacates Frescos o Secos","1007703"
"2012","201209","2012-09","2","Exportaciones","na","América del Norte","usa","Estados Unidos","2080440","Aguacates Frescos o Secos","45650076"
"2012","201210","2012-10","2","Exportaciones","as","Asia","chn","China","2080440","Aguacates Frescos o Secos","118377"
"2012","201210","2012-10","2","Exportaciones","as","Asia","hkg","Hong Kong","2080440","Aguacates Frescos o Secos","62304"
"2012","201210","2012-10","2","Exportaciones","as","Asia","jpn","Japón","2080440","Aguacates Frescos o Secos","9308711"
"2012","201210","2012-10","2","Exportaciones","eu","Europa","esp","España","2080440","Aguacates Frescos o Secos","447159"
"2012","201210","2012-10","2","Exportaciones","eu","Europa","fra","Francia","2080440","Aguacates Frescos o Secos","651115"
"2012","201210","2012-10","2","Exportaciones","eu","Europa","gbr","Reino Unido","2080440","Aguacates Frescos o Secos","94734"
"2012","201210","2012-10","2","Exportaciones","eu","Europa","nld","Países Bajos","2080440","Aguacates Frescos o Secos","307935"
"2012","201210","2012-10","2","Exportaciones","na","América del Norte","can","Canadá","2080440","Aguacates Frescos o Secos","4901114"
"2012","201210","2012-10","2","Exportaciones","na","América del Norte","cri","Costa Rica","2080440","Aguacates Frescos o Secos","1178055"
"2012","201210","2012-10","2","Exportaciones","na","América del Norte","gtm","Guatemala","2080440","Aguacates Frescos o Secos","515692"
"2012","201210","2012-10","2","Exportaciones","na","América del Norte","hnd","Honduras","2080440","Aguacates Frescos o Secos","802592"
"2012","201210","2012-10","2","Exportaciones","na","América del Norte","slv","El Salvador","2080440","Aguacates Frescos o Secos","1866671"
"2012","201210","2012-10","2","Exportaciones","na","América del Norte","usa","Estados Unidos","2080440","Aguacates Frescos o Secos","80126005"
"2012","201211","2012-11","2","Exportaciones","as","Asia","chn","China","2080440","Aguacates Frescos o Secos","69960"
"2012","201211","2012-11","2","Exportaciones","as","Asia","hkg","Hong Kong","2080440","Aguacates Frescos o Secos","81747"
"2012","201211","2012-11","2","Exportaciones","as","Asia","jpn","Japón","2080440","Aguacates Frescos o Secos","8750562"
"2012","201211","2012-11","2","Exportaciones","as","Asia","kor","Corea del Sur","2080440","Aguacates Frescos o Secos","1827"
"2012","201211","2012-11","2","Exportaciones","eu","Europa","esp","España","2080440","Aguacates Frescos o Secos","677555"
"2012","201211","2012-11","2","Exportaciones","eu","Europa","fra","Francia","2080440","Aguacates Frescos o Secos","461730"
"2012","201211","2012-11","2","Exportaciones","eu","Europa","gbr","Reino Unido","2080440","Aguacates Frescos o Secos","149480"
"2012","201211","2012-11","2","Exportaciones","eu","Europa","nld","Países Bajos","2080440","Aguacates Frescos o Secos","271657"
"2012","201211","2012-11","2","Exportaciones","na","América del Norte","can","Canadá","2080440","Aguacates Frescos o Secos","4559579"
"2012","201211","2012-11","2","Exportaciones","na","América del Norte","cri","Costa Rica","2080440","Aguacates Frescos o Secos","1257466"
"2012","201211","2012-11","2","Exportaciones","na","América del Norte","gtm","Guatemala","2080440","Aguacates Frescos o Secos","342177"
"2012","201211","2012-11","2","Exportaciones","na","América del Norte","hnd","Honduras","2080440","Aguacates Frescos o Secos","893871"
"2012","201211","2012-11","2","Exportaciones","na","América del Norte","slv","El Salvador","2080440","Aguacates Frescos o Secos","1613160"
"2012","201211","2012-11","2","Exportaciones","na","América del Norte","usa","Estados Unidos","2080440","Aguacates Frescos o Secos","64410377"
"2012","201212","2012-12","2","Exportaciones","as","Asia","chn","China","2080440","Aguacates Frescos o Secos","53134"
"2012","201212","2012-12","2","Exportaciones","as","Asia","hkg","Hong Kong","2080440","Aguacates Frescos o Secos","53167"
"2012","201212","2012-12","2","Exportaciones","as","Asia","jpn","Japón","2080440","Aguacates Frescos o Secos","3939207"
"2012","201212","2012-12","2","Exportaciones","as","Asia","kor","Corea del Sur","2080440","Aguacates Frescos o Secos","1774"
"2012","201212","2012-12","2","Exportaciones","eu","Europa","esp","España","2080440","Aguacates Frescos o Secos","357980"
"2012","201212","2012-12","2","Exportaciones","eu","Europa","fra","Francia","2080440","Aguacates Frescos o Secos","467568"
"2012","201212","2012-12","2","Exportaciones","eu","Europa","nld","Países Bajos","2080440","Aguacates Frescos o Secos","84880"
"2012","201212","2012-12","2","Exportaciones","eu","Europa","prt","Portugal","2080440","Aguacates Frescos o Secos","26567"
"2012","201212","2012-12","2","Exportaciones","na","América del Norte","can","Canadá","2080440","Aguacates Frescos o Secos","3915564"
"2012","201212","2012-12","2","Exportaciones","na","América del Norte","cri","Costa Rica","2080440","Aguacates Frescos o Secos","1122889"
"2012","201212","2012-12","2","Exportaciones","na","América del Norte","gtm","Guatemala","2080440","Aguacates Frescos o Secos","433652"
"2012","201212","2012-12","2","Exportaciones","na","América del Norte","hnd","Honduras","2080440","Aguacates Frescos o Secos","754881"
"2012","201212","2012-12","2","Exportaciones","na","América del Norte","pan","Panamá","2080440","Aguacates Frescos o Secos","1992"
"2012","201212","2012-12","2","Exportaciones","na","América del Norte","slv","El Salvador","2080440","Aguacates Frescos o Secos","1667214"
"2012","201212","2012-12","2","Exportaciones","na","América del Norte","usa","Estados Unidos","2080440","Aguacates Frescos o Secos","73210747"
"2013","201301","2013-01","2","Exportaciones","as","Asia","chn","China","2080440","Aguacates Frescos o Secos","40762"
"2013","201301","2013-01","2","Exportaciones","as","Asia","hkg","Hong Kong","2080440","Aguacates Frescos o Secos","54067"
"2013","201301","2013-01","2","Exportaciones","as","Asia","jpn","Japón","2080440","Aguacates Frescos o Secos","8346386"
"2013","201301","2013-01","2","Exportaciones","as","Asia","kor","Corea del Sur","2080440","Aguacates Frescos o Secos","28982"
"2013","201301","2013-01","2","Exportaciones","eu","Europa","deu","Alemania","2080440","Aguacates Frescos o Secos","30394"
"2013","201301","2013-01","2","Exportaciones","eu","Europa","esp","España","2080440","Aguacates Frescos o Secos","529243"
"2013","201301","2013-01","2","Exportaciones","eu","Europa","fra","Francia","2080440","Aguacates Frescos o Secos","615659"
"2013","201301","2013-01","2","Exportaciones","eu","Europa","gbr","Reino Unido","2080440","Aguacates Frescos o Secos","29893"
"2013","201301","2013-01","2","Exportaciones","eu","Europa","nld","Países Bajos","2080440","Aguacates Frescos o Secos","89679"
"2013","201301","2013-01","2","Exportaciones","eu","Europa","prt","Portugal","2080440","Aguacates Frescos o Secos","29440"
"2013","201301","2013-01","2","Exportaciones","na","América del Norte","can","Canadá","2080440","Aguacates Frescos o Secos","5021885"
"2013","201301","2013-01","2","Exportaciones","na","América del Norte","cri","Costa Rica","2080440","Aguacates Frescos o Secos","1405298"
"2013","201301","2013-01","2","Exportaciones","na","América del Norte","gtm","Guatemala","2080440","Aguacates Frescos o Secos","481512"
"2013","201301","2013-01","2","Exportaciones","na","América del Norte","hnd","Honduras","2080440","Aguacates Frescos o Secos","1250840"
"2013","201301","2013-01","2","Exportaciones","na","América del Norte","slv","El Salvador","2080440","Aguacates Frescos o Secos","1749613"
"2013","201301","2013-01","2","Exportaciones","na","América del Norte","usa","Estados Unidos","2080440","Aguacates Frescos o Secos","92109976"
"2013","201302","2013-02","2","Exportaciones","as","Asia","chn","China","2080440","Aguacates Frescos o Secos","26474"
"2013","201302","2013-02","2","Exportaciones","as","Asia","hkg","Hong Kong","2080440","Aguacates Frescos o Secos","92608"
"2013","201302","2013-02","2","Exportaciones","as","Asia","jpn","Japón","2080440","Aguacates Frescos o Secos","8043888"
"2013","201302","2013-02","2","Exportaciones","eu","Europa","deu","Alemania","2080440","Aguacates Frescos o Secos","83085"
"2013","201302","2013-02","2","Exportaciones","eu","Europa","esp","España","2080440","Aguacates Frescos o Secos","939875"
"2013","201302","2013-02","2","Exportaciones","eu","Europa","fra","Francia","2080440","Aguacates Frescos o Secos","1265953"
"2013","201302","2013-02","2","Exportaciones","eu","Europa","gbr","Reino Unido","2080440","Aguacates Frescos o Secos","84542"
"2013","201302","2013-02","2","Exportaciones","eu","Europa","nld","Países Bajos","2080440","Aguacates Frescos o Secos","29122"
"2013","201302","2013-02","2","Exportaciones","na","América del Norte","can","Canadá","2080440","Aguacates Frescos o Secos","4382920"
"2013","201302","2013-02","2","Exportaciones","na","América del Norte","cri","Costa Rica","2080440","Aguacates Frescos o Secos","1301141"
"2013","201302","2013-02","2","Exportaciones","na","América del Norte","gtm","Guatemala","2080440","Aguacates Frescos o Secos","356928"
"2013","201302","2013-02","2","Exportaciones","na","América del Norte","hnd","Honduras","2080440","Aguacates Frescos o Secos","1263278"
"2013","201302","2013-02","2","Exportaciones","na","América del Norte","slv","El Salvador","2080440","Aguacates Frescos o Secos","1600136"
"2013","201302","2013-02","2","Exportaciones","na","América del Norte","usa","Estados Unidos","2080440","Aguacates Frescos o Secos","65402616"
"2013","201303","2013-03","2","Exportaciones","as","Asia","chn","China","2080440","Aguacates Frescos o Secos","69312"
"2013","201303","2013-03","2","Exportaciones","as","Asia","hkg","Hong Kong","2080440","Aguacates Frescos o Secos","66341"
"2013","201303","2013-03","2","Exportaciones","as","Asia","jpn","Japón","2080440","Aguacates Frescos o Secos","8643557"
"2013","201303","2013-03","2","Exportaciones","eu","Europa","deu","Alemania","2080440","Aguacates Frescos o Secos","69831"
"2013","201303","2013-03","2","Exportaciones","eu","Europa","esp","España","2080440","Aguacates Frescos o Secos","670024"
"2013","201303","2013-03","2","Exportaciones","eu","Europa","fra","Francia","2080440","Aguacates Frescos o Secos","1157892"
"2013","201303","2013-03","2","Exportaciones","eu","Europa","gbr","Reino Unido","2080440","Aguacates Frescos o Secos","69650"
"2013","201303","2013-03","2","Exportaciones","eu","Europa","nld","Países Bajos","2080440","Aguacates Frescos o Secos","141843"
"2013","201303","2013-03","2","Exportaciones","na","América del Norte","can","Canadá","2080440","Aguacates Frescos o Secos","5295127"
"2013","201303","2013-03","2","Exportaciones","na","América del Norte","cri","Costa Rica","2080440","Aguacates Frescos o Secos","1992824"
"2013","201303","2013-03","2","Exportaciones","na","América del Norte","gtm","Guatemala","2080440","Aguacates Frescos o Secos","576925"
"2013","201303","2013-03","2","Exportaciones","na","América del Norte","hnd","Honduras","2080440","Aguacates Frescos o Secos","1250719"
"2013","201303","2013-03","2","Exportaciones","na","América del Norte","slv","El Salvador","2080440","Aguacates Frescos o Secos","1356773"
"2013","201303","2013-03","2","Exportaciones","na","América del Norte","usa","Estados Unidos","2080440","Aguacates Frescos o Secos","91346171"
"2013","201304","2013-04","2","Exportaciones","as","Asia","chn","China","2080440","Aguacates Frescos o Secos","57101"
"2013","201304","2013-04","2","Exportaciones","as","Asia","hkg","Hong Kong","2080440","Aguacates Frescos o Secos","78844"
"2013","201304","2013-04","2","Exportaciones","as","Asia","jpn","Japón","2080440","Aguacates Frescos o Secos","9688795"
"2013","201304","2013-04","2","Exportaciones","as","Asia","kor","Corea del Sur","2080440","Aguacates Frescos o Secos","2"
"2013","201304","2013-04","2","Exportaciones","eu","Europa","esp","España","2080440","Aguacates Frescos o Secos","293474"
"2013","201304","2013-04","2","Exportaciones","eu","Europa","fra","Francia","2080440","Aguacates Frescos o Secos","872808"
"2013","201304","2013-04","2","Exportaciones","na","América del Norte","can","Canadá","2080440","Aguacates Frescos o Secos","5401684"
"2013","201304","2013-04","2","Exportaciones","na","América del Norte","cri","Costa Rica","2080440","Aguacates Frescos o Secos","2120276"
"2013","201304","2013-04","2","Exportaciones","na","América del Norte","gtm","Guatemala","2080440","Aguacates Frescos o Secos","566273"
"2013","201304","2013-04","2","Exportaciones","na","América del Norte","hnd","Honduras","2080440","Aguacates Frescos o Secos","1647336"
"2013","201304","2013-04","2","Exportaciones","na","América del Norte","slv","El Salvador","2080440","Aguacates Frescos o Secos","1348122"
"2013","201304","2013-04","2","Exportaciones","na","América del Norte","usa","Estados Unidos","2080440","Aguacates Frescos o Secos","96490424"
"2013","201305","2013-05","2","Exportaciones","as","Asia","chn","China","2080440","Aguacates Frescos o Secos","78222"
"2013","201305","2013-05","2","Exportaciones","as","Asia","jpn","Japón","2080440","Aguacates Frescos o Secos","9489084"
"2013","201305","2013-05","2","Exportaciones","as","Asia","kor","Corea del Sur","2080440","Aguacates Frescos o Secos","330"
"2013","201305","2013-05","2","Exportaciones","eu","Europa","esp","España","2080440","Aguacates Frescos o Secos","3852"
"2013","201305","2013-05","2","Exportaciones","eu","Europa","fra","Francia","2080440","Aguacates Frescos o Secos","165964"
"2013","201305","2013-05","2","Exportaciones","eu","Europa","gbr","Reino Unido","2080440","Aguacates Frescos o Secos","19"
"2013","201305","2013-05","2","Exportaciones","na","América del Norte","can","Canadá","2080440","Aguacates Frescos o Secos","5612979"
"2013","201305","2013-05","2","Exportaciones","na","América del Norte","cri","Costa Rica","2080440","Aguacates Frescos o Secos","1621436"
"2013","201305","2013-05","2","Exportaciones","na","América del Norte","gtm","Guatemala","2080440","Aguacates Frescos o Secos","394788"
"2013","201305","2013-05","2","Exportaciones","na","América del Norte","hnd","Honduras","2080440","Aguacates Frescos o Secos","1020059"
"2013","201305","2013-05","2","Exportaciones","na","América del Norte","slv","El Salvador","2080440","Aguacates Frescos o Secos","856860"
"2013","201305","2013-05","2","Exportaciones","na","América del Norte","usa","Estados Unidos","2080440","Aguacates Frescos o Secos","88426902"
"2013","201306","2013-06","1","Importaciones","na","América del Norte","usa","Estados Unidos","2080440","Aguacates Frescos o Secos","962136"
"2013","201306","2013-06","2","Exportaciones","as","Asia","chn","China","2080440","Aguacates Frescos o Secos","90066"
"2013","201306","2013-06","2","Exportaciones","as","Asia","jpn","Japón","2080440","Aguacates Frescos o Secos","6480280"
"2013","201306","2013-06","2","Exportaciones","na","América del Norte","can","Canadá","2080440","Aguacates Frescos o Secos","5615691"
"2013","201306","2013-06","2","Exportaciones","na","América del Norte","cri","Costa Rica","2080440","Aguacates Frescos o Secos","1603868"
"2013","201306","2013-06","2","Exportaciones","na","América del Norte","gtm","Guatemala","2080440","Aguacates Frescos o Secos","399391"
"2013","201306","2013-06","2","Exportaciones","na","América del Norte","hnd","Honduras","2080440","Aguacates Frescos o Secos","420774"
"2013","201306","2013-06","2","Exportaciones","na","América del Norte","pan","Panamá","2080440","Aguacates Frescos o Secos","3436"
"2013","201306","2013-06","2","Exportaciones","na","América del Norte","slv","El Salvador","2080440","Aguacates Frescos o Secos","635544"
"2013","201306","2013-06","2","Exportaciones","na","América del Norte","usa","Estados Unidos","2080440","Aguacates Frescos o Secos","72482249"
"2013","201307","2013-07","1","Importaciones","na","América del Norte","usa","Estados Unidos","2080440","Aguacates Frescos o Secos","493523"
"2013","201307","2013-07","2","Exportaciones","as","Asia","chn","China","2080440","Aguacates Frescos o Secos","69355"
"2013","201307","2013-07","2","Exportaciones","as","Asia","jpn","Japón","2080440","Aguacates Frescos o Secos","9559553"
"2013","201307","2013-07","2","Exportaciones","eu","Europa","fra","Francia","2080440","Aguacates Frescos o Secos","49809"
"2013","201307","2013-07","2","Exportaciones","na","América del Norte","can","Canadá","2080440","Aguacates Frescos o Secos","5302064"
"2013","201307","2013-07","2","Exportaciones","na","América del Norte","cri","Costa Rica","2080440","Aguacates Frescos o Secos","1247788"
"2013","201307","2013-07","2","Exportaciones","na","América del Norte","gtm","Guatemala","2080440","Aguacates Frescos o Secos","361459"
"2013","201307","2013-07","2","Exportaciones","na","América del Norte","hnd","Honduras","2080440","Aguacates Frescos o Secos","106733"
"2013","201307","2013-07","2","Exportaciones","na","América del Norte","slv","El Salvador","2080440","Aguacates Frescos o Secos","1037532"
"2013","201307","2013-07","2","Exportaciones","na","América del Norte","usa","Estados Unidos","2080440","Aguacates Frescos o Secos","53290660"
"2013","201308","2013-08","2","Exportaciones","as","Asia","chn","China","2080440","Aguacates Frescos o Secos","216375"
"2013","201308","2013-08","2","Exportaciones","as","Asia","hkg","Hong Kong","2080440","Aguacates Frescos o Secos","440"
"2013","201308","2013-08","2","Exportaciones","as","Asia","jpn","Japón","2080440","Aguacates Frescos o Secos","11800602"
"2013","201308","2013-08","2","Exportaciones","eu","Europa","esp","España","2080440","Aguacates Frescos o Secos","138110"
"2013","201308","2013-08","2","Exportaciones","eu","Europa","fra","Francia","2080440","Aguacates Frescos o Secos","212041"
"2013","201308","2013-08","2","Exportaciones","eu","Europa","gbr","Reino Unido","2080440","Aguacates Frescos o Secos","315"
"2013","201308","2013-08","2","Exportaciones","eu","Europa","nld","Países Bajos","2080440","Aguacates Frescos o Secos","197844"
"2013","201308","2013-08","2","Exportaciones","na","América del Norte","can","Canadá","2080440","Aguacates Frescos o Secos","5820440"
"2013","201308","2013-08","2","Exportaciones","na","América del Norte","cri","Costa Rica","2080440","Aguacates Frescos o Secos","1499851"
"2013","201308","2013-08","2","Exportaciones","na","América del Norte","gtm","Guatemala","2080440","Aguacates Frescos o Secos","557437"
"2013","201308","2013-08","2","Exportaciones","na","América del Norte","hnd","Honduras","2080440","Aguacates Frescos o Secos","416806"
"2013","201308","2013-08","2","Exportaciones","na","América del Norte","slv","El Salvador","2080440","Aguacates Frescos o Secos","860989"
"2013","201308","2013-08","2","Exportaciones","na","América del Norte","usa","Estados Unidos","2080440","Aguacates Frescos o Secos","43890940"
"2013","201309","2013-09","2","Exportaciones","as","Asia","chn","China","2080440","Aguacates Frescos o Secos","220439"
"2013","201309","2013-09","2","Exportaciones","as","Asia","hkg","Hong Kong","2080440","Aguacates Frescos o Secos","199709"
"2013","201309","2013-09","2","Exportaciones","as","Asia","jpn","Japón","2080440","Aguacates Frescos o Secos","9741406"
"2013","201309","2013-09","2","Exportaciones","as","Asia","sgp","Singapur","2080440","Aguacates Frescos o Secos","72895"
"2013","201309","2013-09","2","Exportaciones","eu","Europa","deu","Alemania","2080440","Aguacates Frescos o Secos","76"
"2013","201309","2013-09","2","Exportaciones","eu","Europa","esp","España","2080440","Aguacates Frescos o Secos","579056"
"2013","201309","2013-09","2","Exportaciones","eu","Europa","fra","Francia","2080440","Aguacates Frescos o Secos","1165039"
"2013","201309","2013-09","2","Exportaciones","eu","Europa","gbr","Reino Unido","2080440","Aguacates Frescos o Secos","934"
"2013","201309","2013-09","2","Exportaciones","eu","Europa","nld","Países Bajos","2080440","Aguacates Frescos o Secos","719702"
"2013","201309","2013-09","2","Exportaciones","eu","Europa","rus","Rusia","2080440","Aguacates Frescos o Secos","80"
"2013","201309","2013-09","2","Exportaciones","na","América del Norte","can","Canadá","2080440","Aguacates Frescos o Secos","6791509"
"2013","201309","2013-09","2","Exportaciones","na","América del Norte","cri","Costa Rica","2080440","Aguacates Frescos o Secos","1372859"
"2013","201309","2013-09","2","Exportaciones","na","América del Norte","gtm","Guatemala","2080440","Aguacates Frescos o Secos","404097"
"2013","201309","2013-09","2","Exportaciones","na","América del Norte","hnd","Honduras","2080440","Aguacates Frescos o Secos","820960"
"2013","201309","2013-09","2","Exportaciones","na","América del Norte","pan","Panamá","2080440","Aguacates Frescos o Secos","2687"
"2013","201309","2013-09","2","Exportaciones","na","América del Norte","slv","El Salvador","2080440","Aguacates Frescos o Secos","2171858"
"2013","201309","2013-09","2","Exportaciones","na","América del Norte","usa","Estados Unidos","2080440","Aguacates Frescos o Secos","72523258"
"2013","201310","2013-10","2","Exportaciones","as","Asia","chn","China","2080440","Aguacates Frescos o Secos","375053"
"2013","201310","2013-10","2","Exportaciones","as","Asia","hkg","Hong Kong","2080440","Aguacates Frescos o Secos","246605"
"2013","201310","2013-10","2","Exportaciones","as","Asia","jpn","Japón","2080440","Aguacates Frescos o Secos","10872556"
"2013","201310","2013-10","2","Exportaciones","as","Asia","kor","Corea del Sur","2080440","Aguacates Frescos o Secos","16366"
"2013","201310","2013-10","2","Exportaciones","eu","Europa","bel","Bélgica","2080440","Aguacates Frescos o Secos","91306"
"2013","201310","2013-10","2","Exportaciones","eu","Europa","esp","España","2080440","Aguacates Frescos o Secos","348992"
"2013","201310","2013-10","2","Exportaciones","eu","Europa","fra","Francia","2080440","Aguacates Frescos o Secos","1702719"
"2013","201310","2013-10","2","Exportaciones","eu","Europa","gbr","Reino Unido","2080440","Aguacates Frescos o Secos","1551"
"2013","201310","2013-10","2","Exportaciones","eu","Europa","nld","Países Bajos","2080440","Aguacates Frescos o Secos","572770"
"2013","201310","2013-10","2","Exportaciones","na","América del Norte","can","Canadá","2080440","Aguacates Frescos o Secos","6930497"
"2013","201310","2013-10","2","Exportaciones","na","América del Norte","cri","Costa Rica","2080440","Aguacates Frescos o Secos","1421968"
"2013","201310","2013-10","2","Exportaciones","na","América del Norte","gtm","Guatemala","2080440","Aguacates Frescos o Secos","559173"
"2013","201310","2013-10","2","Exportaciones","na","América del Norte","hnd","Honduras","2080440","Aguacates Frescos o Secos","1116711"
"2013","201310","2013-10","2","Exportaciones","na","América del Norte","slv","El Salvador","2080440","Aguacates Frescos o Secos","2351969"
"2013","201310","2013-10","2","Exportaciones","na","América del Norte","usa","Estados Unidos","2080440","Aguacates Frescos o Secos","109001351"
"2013","201311","2013-11","2","Exportaciones","as","Asia","chn","China","2080440","Aguacates Frescos o Secos","299671"
"2013","201311","2013-11","2","Exportaciones","as","Asia","hkg","Hong Kong","2080440","Aguacates Frescos o Secos","103110"
"2013","201311","2013-11","2","Exportaciones","as","Asia","isr","Israel","2080440","Aguacates Frescos o Secos","4"
"2013","201311","2013-11","2","Exportaciones","as","Asia","jpn","Japón","2080440","Aguacates Frescos o Secos","9298496"
"2013","201311","2013-11","2","Exportaciones","as","Asia","kor","Corea del Sur","2080440","Aguacates Frescos o Secos","17171"
"2013","201311","2013-11","2","Exportaciones","as","Asia","sgp","Singapur","2080440","Aguacates Frescos o Secos","37052"
"2013","201311","2013-11","2","Exportaciones","eu","Europa","esp","España","2080440","Aguacates Frescos o Secos","192013"
"2013","201311","2013-11","2","Exportaciones","eu","Europa","fra","Francia","2080440","Aguacates Frescos o Secos","1767100"
"2013","201311","2013-11","2","Exportaciones","eu","Europa","gbr","Reino Unido","2080440","Aguacates Frescos o Secos","851"
"2013","201311","2013-11","2","Exportaciones","eu","Europa","nld","Países Bajos","2080440","Aguacates Frescos o Secos","150441"
"2013","201311","2013-11","2","Exportaciones","eu","Europa","rus","Rusia","2080440","Aguacates Frescos o Secos","39766"
"2013","201311","2013-11","2","Exportaciones","na","América del Norte","can","Canadá","2080440","Aguacates Frescos o Secos","5364317"
"2013","201311","2013-11","2","Exportaciones","na","América del Norte","cri","Costa Rica","2080440","Aguacates Frescos o Secos","1032452"
"2013","201311","2013-11","2","Exportaciones","na","América del Norte","gtm","Guatemala","2080440","Aguacates Frescos o Secos","352662"
"2013","201311","2013-11","2","Exportaciones","na","América del Norte","hnd","Honduras","2080440","Aguacates Frescos o Secos","985539"
"2013","201311","2013-11","2","Exportaciones","na","América del Norte","pan","Panamá","2080440","Aguacates Frescos o Secos","7154"
"2013","201311","2013-11","2","Exportaciones","na","América del Norte","slv","El Salvador","2080440","Aguacates Frescos o Secos","1888796"
"2013","201311","2013-11","2","Exportaciones","na","América del Norte","usa","Estados Unidos","2080440","Aguacates Frescos o Secos","85811016"
"2013","201311","2013-11","2","Exportaciones","oc","Oceanía","nzl","Nueva Zelandia","2080440","Aguacates Frescos o Secos","25536"
"2013","201312","2013-12","2","Exportaciones","as","Asia","chn","China","2080440","Aguacates Frescos o Secos","332220"
"2013","201312","2013-12","2","Exportaciones","as","Asia","hkg","Hong Kong","2080440","Aguacates Frescos o Secos","162238"
"2013","201312","2013-12","2","Exportaciones","as","Asia","jpn","Japón","2080440","Aguacates Frescos o Secos","6439578"
"2013","201312","2013-12","2","Exportaciones","as","Asia","sgp","Singapur","2080440","Aguacates Frescos o Secos","17385"
"2013","201312","2013-12","2","Exportaciones","eu","Europa","esp","España","2080440","Aguacates Frescos o Secos","133233"
"2013","201312","2013-12","2","Exportaciones","eu","Europa","fra","Francia","2080440","Aguacates Frescos o Secos","733640"
"2013","201312","2013-12","2","Exportaciones","eu","Europa","gbr","Reino Unido","2080440","Aguacates Frescos o Secos","767"
"2013","201312","2013-12","2","Exportaciones","na","América del Norte","can","Canadá","2080440","Aguacates Frescos o Secos","4806791"
"2013","201312","2013-12","2","Exportaciones","na","América del Norte","cri","Costa Rica","2080440","Aguacates Frescos o Secos","1023316"
"2013","201312","2013-12","2","Exportaciones","na","América del Norte","gtm","Guatemala","2080440","Aguacates Frescos o Secos","448745"
"2013","201312","2013-12","2","Exportaciones","na","América del Norte","hnd","Honduras","2080440","Aguacates Frescos o Secos","1058514"
"2013","201312","2013-12","2","Exportaciones","na","América del Norte","pan","Panamá","2080440","Aguacates Frescos o Secos","6492"
"2013","201312","2013-12","2","Exportaciones","na","América del Norte","slv","El Salvador","2080440","Aguacates Frescos o Secos","2196236"
"2013","201312","2013-12","2","Exportaciones","na","América del Norte","usa","Estados Unidos","2080440","Aguacates Frescos o Secos","94269673"
"2014","201401","2014-01","2","Exportaciones","as","Asia","chn","China","2080440","Aguacates Frescos o Secos","322239"
"2014","201401","2014-01","2","Exportaciones","as","Asia","hkg","Hong Kong","2080440","Aguacates Frescos o Secos","35057"
"2014","201401","2014-01","2","Exportaciones","as","Asia","isr","Israel","2080440","Aguacates Frescos o Secos","5"
"2014","201401","2014-01","2","Exportaciones","as","Asia","jpn","Japón","2080440","Aguacates Frescos o Secos","10439661"
"2014","201401","2014-01","2","Exportaciones","as","Asia","sgp","Singapur","2080440","Aguacates Frescos o Secos","19088"
"2014","201401","2014-01","2","Exportaciones","eu","Europa","deu","Alemania","2080440","Aguacates Frescos o Secos","42784"
"2014","201401","2014-01","2","Exportaciones","eu","Europa","esp","España","2080440","Aguacates Frescos o Secos","171270"
"2014","201401","2014-01","2","Exportaciones","eu","Europa","fra","Francia","2080440","Aguacates Frescos o Secos","684372"
"2014","201401","2014-01","2","Exportaciones","eu","Europa","gbr","Reino Unido","2080440","Aguacates Frescos o Secos","633"
"2014","201401","2014-01","2","Exportaciones","eu","Europa","nld","Países Bajos","2080440","Aguacates Frescos o Secos","41821"
"2014","201401","2014-01","2","Exportaciones","na","América del Norte","can","Canadá","2080440","Aguacates Frescos o Secos","6822005"
"2014","201401","2014-01","2","Exportaciones","na","América del Norte","cri","Costa Rica","2080440","Aguacates Frescos o Secos","1683022"
"2014","201401","2014-01","2","Exportaciones","na","América del Norte","gtm","Guatemala","2080440","Aguacates Frescos o Secos","412078"
"2014","201401","2014-01","2","Exportaciones","na","América del Norte","hnd","Honduras","2080440","Aguacates Frescos o Secos","1560345"
"2014","201401","2014-01","2","Exportaciones","na","América del Norte","slv","El Salvador","2080440","Aguacates Frescos o Secos","2236121"
"2014","201401","2014-01","2","Exportaciones","na","América del Norte","usa","Estados Unidos","2080440","Aguacates Frescos o Secos","117618776"
"2014","201402","2014-02","2","Exportaciones","as","Asia","chn","China","2080440","Aguacates Frescos o Secos","227253"
"2014","201402","2014-02","2","Exportaciones","as","Asia","hkg","Hong Kong","2080440","Aguacates Frescos o Secos","107068"
"2014","201402","2014-02","2","Exportaciones","as","Asia","jpn","Japón","2080440","Aguacates Frescos o Secos","8611814"
"2014","201402","2014-02","2","Exportaciones","eu","Europa","bel","Bélgica","2080440","Aguacates Frescos o Secos","51299"
"2014","201402","2014-02","2","Exportaciones","eu","Europa","deu","Alemania","2080440","Aguacates Frescos o Secos","125592"
"2014","201402","2014-02","2","Exportaciones","eu","Europa","esp","España","2080440","Aguacates Frescos o Secos","338021"
"2014","201402","2014-02","2","Exportaciones","eu","Europa","fra","Francia","2080440","Aguacates Frescos o Secos","849060"
"2014","201402","2014-02","2","Exportaciones","eu","Europa","gbr","Reino Unido","2080440","Aguacates Frescos o Secos","34456"
"2014","201402","2014-02","2","Exportaciones","eu","Europa","nld","Países Bajos","2080440","Aguacates Frescos o Secos","251184"
"2014","201402","2014-02","2","Exportaciones","na","América del Norte","can","Canadá","2080440","Aguacates Frescos o Secos","5039238"
"2014","201402","2014-02","2","Exportaciones","na","América del Norte","cri","Costa Rica","2080440","Aguacates Frescos o Secos","1691326"
"2014","201402","2014-02","2","Exportaciones","na","América del Norte","gtm","Guatemala","2080440","Aguacates Frescos o Secos","450348"
"2014","201402","2014-02","2","Exportaciones","na","América del Norte","hnd","Honduras","2080440","Aguacates Frescos o Secos","1228279"
"2014","201402","2014-02","2","Exportaciones","na","América del Norte","slv","El Salvador","2080440","Aguacates Frescos o Secos","2119936"
"2014","201402","2014-02","2","Exportaciones","na","América del Norte","usa","Estados Unidos","2080440","Aguacates Frescos o Secos","90017896"
"2014","201403","2014-03","2","Exportaciones","as","Asia","bhr","Bahrein","2080440","Aguacates Frescos o Secos","1220"
"2014","201403","2014-03","2","Exportaciones","as","Asia","chn","China","2080440","Aguacates Frescos o Secos","537409"
"2014","201403","2014-03","2","Exportaciones","as","Asia","hkg","Hong Kong","2080440","Aguacates Frescos o Secos","170174"
"2014","201403","2014-03","2","Exportaciones","as","Asia","jpn","Japón","2080440","Aguacates Frescos o Secos","9372929"
"2014","201403","2014-03","2","Exportaciones","as","Asia","sau","Arabia Saudita","2080440","Aguacates Frescos o Secos","1220"
"2014","201403","2014-03","2","Exportaciones","eu","Europa","bel","Bélgica","2080440","Aguacates Frescos o Secos","34489"
"2014","201403","2014-03","2","Exportaciones","eu","Europa","deu","Alemania","2080440","Aguacates Frescos o Secos","237575"
"2014","201403","2014-03","2","Exportaciones","eu","Europa","esp","España","2080440","Aguacates Frescos o Secos","72262"
"2014","201403","2014-03","2","Exportaciones","eu","Europa","fra","Francia","2080440","Aguacates Frescos o Secos","962371"
"2014","201403","2014-03","2","Exportaciones","eu","Europa","gbr","Reino Unido","2080440","Aguacates Frescos o Secos","96706"
"2014","201403","2014-03","2","Exportaciones","eu","Europa","nld","Países Bajos","2080440","Aguacates Frescos o Secos","233146"
"2014","201403","2014-03","2","Exportaciones","na","América del Norte","can","Canadá","2080440","Aguacates Frescos o Secos","7275953"
"2014","201403","2014-03","2","Exportaciones","na","América del Norte","cri","Costa Rica","2080440","Aguacates Frescos o Secos","2168972"
"2014","201403","2014-03","2","Exportaciones","na","América del Norte","gtm","Guatemala","2080440","Aguacates Frescos o Secos","427995"
"2014","201403","2014-03","2","Exportaciones","na","América del Norte","hnd","Honduras","2080440","Aguacates Frescos o Secos","1356143"
"2014","201403","2014-03","2","Exportaciones","na","América del Norte","slv","El Salvador","2080440","Aguacates Frescos o Secos","1611048"
"2014","201403","2014-03","2","Exportaciones","na","América del Norte","usa","Estados Unidos","2080440","Aguacates Frescos o Secos","123356559"
"2014","201404","2014-04","2","Exportaciones","as","Asia","chn","China","2080440","Aguacates Frescos o Secos","940927"
"2014","201404","2014-04","2","Exportaciones","as","Asia","jpn","Japón","2080440","Aguacates Frescos o Secos","9383838"
"2014","201404","2014-04","2","Exportaciones","eu","Europa","bel","Bélgica","2080440","Aguacates Frescos o Secos","40948"
"2014","201404","2014-04","2","Exportaciones","eu","Europa","esp","España","2080440","Aguacates Frescos o Secos","36259"
"2014","201404","2014-04","2","Exportaciones","eu","Europa","fra","Francia","2080440","Aguacates Frescos o Secos","148332"
"2014","201404","2014-04","2","Exportaciones","eu","Europa","gbr","Reino Unido","2080440","Aguacates Frescos o Secos","680"
"2014","201404","2014-04","2","Exportaciones","eu","Europa","nld","Países Bajos","2080440","Aguacates Frescos o Secos","103596"
"2014","201404","2014-04","2","Exportaciones","na","América del Norte","can","Canadá","2080440","Aguacates Frescos o Secos","7376676"
"2014","201404","2014-04","2","Exportaciones","na","América del Norte","cri","Costa Rica","2080440","Aguacates Frescos o Secos","1651803"
"2014","201404","2014-04","2","Exportaciones","na","América del Norte","gtm","Guatemala","2080440","Aguacates Frescos o Secos","611676"
"2014","201404","2014-04","2","Exportaciones","na","América del Norte","hnd","Honduras","2080440","Aguacates Frescos o Secos","824776"
"2014","201404","2014-04","2","Exportaciones","na","América del Norte","slv","El Salvador","2080440","Aguacates Frescos o Secos","705157"
"2014","201404","2014-04","2","Exportaciones","na","América del Norte","usa","Estados Unidos","2080440","Aguacates Frescos o Secos","121309100"
"2014","201404","2014-04","2","Exportaciones","sa","América del Sur","per","Perú","2080440","Aguacates Frescos o Secos","58174"
"2014","201405","2014-05","2","Exportaciones","as","Asia","chn","China","2080440","Aguacates Frescos o Secos","631105"
"2014","201405","2014-05","2","Exportaciones","as","Asia","jpn","Japón","2080440","Aguacates Frescos o Secos","12138687"
"2014","201405","2014-05","2","Exportaciones","eu","Europa","bel","Bélgica","2080440","Aguacates Frescos o Secos","40994"
"2014","201405","2014-05","2","Exportaciones","eu","Europa","fra","Francia","2080440","Aguacates Frescos o Secos","4"
"2014","201405","2014-05","2","Exportaciones","eu","Europa","gbr","Reino Unido","2080440","Aguacates Frescos o Secos","612"
"2014","201405","2014-05","2","Exportaciones","eu","Europa","irl","Irlanda","2080440","Aguacates Frescos o Secos","83"
"2014","201405","2014-05","2","Exportaciones","eu","Europa","swe","Suecia","2080440","Aguacates Frescos o Secos","4"
"2014","201405","2014-05","2","Exportaciones","na","América del Norte","can","Canadá","2080440","Aguacates Frescos o Secos","6600657"
"2014","201405","2014-05","2","Exportaciones","na","América del Norte","cri","Costa Rica","2080440","Aguacates Frescos o Secos","2273429"
"2014","201405","2014-05","2","Exportaciones","na","América del Norte","gtm","Guatemala","2080440","Aguacates Frescos o Secos","423569"
"2014","201405","2014-05","2","Exportaciones","na","América del Norte","hnd","Honduras","2080440","Aguacates Frescos o Secos","617278"
"2014","201405","2014-05","2","Exportaciones","na","América del Norte","slv","El Salvador","2080440","Aguacates Frescos o Secos","512504"
"2014","201405","2014-05","2","Exportaciones","na","América del Norte","usa","Estados Unidos","2080440","Aguacates Frescos o Secos","91893296"
"2014","201406","2014-06","2","Exportaciones","as","Asia","chn","China","2080440","Aguacates Frescos o Secos","244538"
"2014","201406","2014-06","2","Exportaciones","as","Asia","hkg","Hong Kong","2080440","Aguacates Frescos o Secos","44774"
"2014","201406","2014-06","2","Exportaciones","as","Asia","jpn","Japón","2080440","Aguacates Frescos o Secos","8818062"
"2014","201406","2014-06","2","Exportaciones","eu","Europa","bel","Bélgica","2080440","Aguacates Frescos o Secos","34005"
"2014","201406","2014-06","2","Exportaciones","eu","Europa","gbr","Reino Unido","2080440","Aguacates Frescos o Secos","1355"
"2014","201406","2014-06","2","Exportaciones","na","América del Norte","can","Canadá","2080440","Aguacates Frescos o Secos","5355500"
"2014","201406","2014-06","2","Exportaciones","na","América del Norte","cri","Costa Rica","2080440","Aguacates Frescos o Secos","1368641"
"2014","201406","2014-06","2","Exportaciones","na","América del Norte","gtm","Guatemala","2080440","Aguacates Frescos o Secos","360127"
"2014","201406","2014-06","2","Exportaciones","na","América del Norte","hnd","Honduras","2080440","Aguacates Frescos o Secos","351707"
"2014","201406","2014-06","2","Exportaciones","na","América del Norte","slv","El Salvador","2080440","Aguacates Frescos o Secos","649215"
"2014","201406","2014-06","2","Exportaciones","na","América del Norte","usa","Estados Unidos","2080440","Aguacates Frescos o Secos","90889919"
"2014","201407","2014-07","2","Exportaciones","as","Asia","chn","China","2080440","Aguacates Frescos o Secos","358315"
"2014","201407","2014-07","2","Exportaciones","as","Asia","jpn","Japón","2080440","Aguacates Frescos o Secos","11409769"
"2014","201407","2014-07","2","Exportaciones","eu","Europa","esp","España","2080440","Aguacates Frescos o Secos","2"
"2014","201407","2014-07","2","Exportaciones","eu","Europa","swe","Suecia","2080440","Aguacates Frescos o Secos","2"
"2014","201407","2014-07","2","Exportaciones","na","América del Norte","can","Canadá","2080440","Aguacates Frescos o Secos","5428602"
"2014","201407","2014-07","2","Exportaciones","na","América del Norte","cri","Costa Rica","2080440","Aguacates Frescos o Secos","1682436"
"2014","201407","2014-07","2","Exportaciones","na","América del Norte","gtm","Guatemala","2080440","Aguacates Frescos o Secos","442053"
"2014","201407","2014-07","2","Exportaciones","na","América del Norte","hnd","Honduras","2080440","Aguacates Frescos o Secos","455595"
"2014","201407","2014-07","2","Exportaciones","na","América del Norte","slv","El Salvador","2080440","Aguacates Frescos o Secos","841942"
"2014","201407","2014-07","2","Exportaciones","na","América del Norte","usa","Estados Unidos","2080440","Aguacates Frescos o Secos","67118226"
"2014","201408","2014-08","2","Exportaciones","as","Asia","chn","China","2080440","Aguacates Frescos o Secos","1096230"
"2014","201408","2014-08","2","Exportaciones","as","Asia","hkg","Hong Kong","2080440","Aguacates Frescos o Secos","83086"
"2014","201408","2014-08","2","Exportaciones","as","Asia","jpn","Japón","2080440","Aguacates Frescos o Secos","9924497"
"2014","201408","2014-08","2","Exportaciones","as","Asia","sgp","Singapur","2080440","Aguacates Frescos o Secos","25143"
"2014","201408","2014-08","2","Exportaciones","eu","Europa","esp","España","2080440","Aguacates Frescos o Secos","49063"
"2014","201408","2014-08","2","Exportaciones","eu","Europa","fra","Francia","2080440","Aguacates Frescos o Secos","89716"
"2014","201408","2014-08","2","Exportaciones","eu","Europa","nld","Países Bajos","2080440","Aguacates Frescos o Secos","232646"
"2014","201408","2014-08","2","Exportaciones","na","América del Norte","can","Canadá","2080440","Aguacates Frescos o Secos","5304029"
"2014","201408","2014-08","2","Exportaciones","na","América del Norte","cri","Costa Rica","2080440","Aguacates Frescos o Secos","1449344"
"2014","201408","2014-08","2","Exportaciones","na","América del Norte","gtm","Guatemala","2080440","Aguacates Frescos o Secos","232520"
"2014","201408","2014-08","2","Exportaciones","na","América del Norte","hnd","Honduras","2080440","Aguacates Frescos o Secos","252484"
"2014","201408","2014-08","2","Exportaciones","na","América del Norte","slv","El Salvador","2080440","Aguacates Frescos o Secos","823855"
"2014","201408","2014-08","2","Exportaciones","na","América del Norte","usa","Estados Unidos","2080440","Aguacates Frescos o Secos","69258887"
"2014","201409","2014-09","2","Exportaciones","as","Asia","chn","China","2080440","Aguacates Frescos o Secos","594666"
"2014","201409","2014-09","2","Exportaciones","as","Asia","hkg","Hong Kong","2080440","Aguacates Frescos o Secos","299339"
"2014","201409","2014-09","2","Exportaciones","as","Asia","jpn","Japón","2080440","Aguacates Frescos o Secos","10145749"
"2014","201409","2014-09","2","Exportaciones","as","Asia","mys","Malasia","2080440","Aguacates Frescos o Secos","4816"
"2014","201409","2014-09","2","Exportaciones","as","Asia","sgp","Singapur","2080440","Aguacates Frescos o Secos","27000"
"2014","201409","2014-09","2","Exportaciones","eu","Europa","deu","Alemania","2080440","Aguacates Frescos o Secos","100928"
"2014","201409","2014-09","2","Exportaciones","eu","Europa","esp","España","2080440","Aguacates Frescos o Secos","631149"
"2014","201409","2014-09","2","Exportaciones","eu","Europa","fra","Francia","2080440","Aguacates Frescos o Secos","1475722"
"2014","201409","2014-09","2","Exportaciones","eu","Europa","gbr","Reino Unido","2080440","Aguacates Frescos o Secos","353"
"2014","201409","2014-09","2","Exportaciones","eu","Europa","nld","Países Bajos","2080440","Aguacates Frescos o Secos","545309"
"2014","201409","2014-09","2","Exportaciones","eu","Europa","rus","Rusia","2080440","Aguacates Frescos o Secos","57"
"2014","201409","2014-09","2","Exportaciones","na","América del Norte","can","Canadá","2080440","Aguacates Frescos o Secos","8169626"
"2014","201409","2014-09","2","Exportaciones","na","América del Norte","cri","Costa Rica","2080440","Aguacates Frescos o Secos","1857801"
"2014","201409","2014-09","2","Exportaciones","na","América del Norte","gtm","Guatemala","2080440","Aguacates Frescos o Secos","665008"
"2014","201409","2014-09","2","Exportaciones","na","América del Norte","hnd","Honduras","2080440","Aguacates Frescos o Secos","538126"
"2014","201409","2014-09","2","Exportaciones","na","América del Norte","slv","El Salvador","2080440","Aguacates Frescos o Secos","1979553"
"2014","201409","2014-09","2","Exportaciones","na","América del Norte","usa","Estados Unidos","2080440","Aguacates Frescos o Secos","141655120"
"2014","201410","2014-10","2","Exportaciones","as","Asia","chn","China","2080440","Aguacates Frescos o Secos","1062934"
"2014","201410","2014-10","2","Exportaciones","as","Asia","hkg","Hong Kong","2080440","Aguacates Frescos o Secos","306206"
"2014","201410","2014-10","2","Exportaciones","as","Asia","jpn","Japón","2080440","Aguacates Frescos o Secos","9809237"
"2014","201410","2014-10","2","Exportaciones","as","Asia","mys","Malasia","2080440","Aguacates Frescos o Secos","1295"
"2014","201410","2014-10","2","Exportaciones","as","Asia","sgp","Singapur","2080440","Aguacates Frescos o Secos","23071"
"2014","201410","2014-10","2","Exportaciones","eu","Europa","deu","Alemania","2080440","Aguacates Frescos o Secos","81400"
"2014","201410","2014-10","2","Exportaciones","eu","Europa","esp","España","2080440","Aguacates Frescos o Secos","1211891"
"2014","201410","2014-10","2","Exportaciones","eu","Europa","fra","Francia","2080440","Aguacates Frescos o Secos","3010240"
"2014","201410","2014-10","2","Exportaciones","eu","Europa","nld","Países Bajos","2080440","Aguacates Frescos o Secos","691865"
"2014","201410","2014-10","2","Exportaciones","na","América del Norte","can","Canadá","2080440","Aguacates Frescos o Secos","6196092"
"2014","201410","2014-10","2","Exportaciones","na","América del Norte","cri","Costa Rica","2080440","Aguacates Frescos o Secos","1407580"
"2014","201410","2014-10","2","Exportaciones","na","América del Norte","gtm","Guatemala","2080440","Aguacates Frescos o Secos","413465"
"2014","201410","2014-10","2","Exportaciones","na","América del Norte","hnd","Honduras","2080440","Aguacates Frescos o Secos","921080"
"2014","201410","2014-10","2","Exportaciones","na","América del Norte","slv","El Salvador","2080440","Aguacates Frescos o Secos","1917905"
"2014","201410","2014-10","2","Exportaciones","na","América del Norte","usa","Estados Unidos","2080440","Aguacates Frescos o Secos","115712959"
"2014","201411","2014-11","2","Exportaciones","as","Asia","chn","China","2080440","Aguacates Frescos o Secos","862005"
"2014","201411","2014-11","2","Exportaciones","as","Asia","hkg","Hong Kong","2080440","Aguacates Frescos o Secos","178696"
"2014","201411","2014-11","2","Exportaciones","as","Asia","jpn","Japón","2080440","Aguacates Frescos o Secos","7515312"
"2014","201411","2014-11","2","Exportaciones","eu","Europa","esp","España","2080440","Aguacates Frescos o Secos","1758493"
"2014","201411","2014-11","2","Exportaciones","eu","Europa","fra","Francia","2080440","Aguacates Frescos o Secos","3991516"
"2014","201411","2014-11","2","Exportaciones","eu","Europa","gbr","Reino Unido","2080440","Aguacates Frescos o Secos","2030"
"2014","201411","2014-11","2","Exportaciones","eu","Europa","ita","Italia","2080440","Aguacates Frescos o Secos","19714"
"2014","201411","2014-11","2","Exportaciones","eu","Europa","mco","Mónaco","2080440","Aguacates Frescos o Secos","78856"
"2014","201411","2014-11","2","Exportaciones","eu","Europa","nld","Países Bajos","2080440","Aguacates Frescos o Secos","628264"
"2014","201411","2014-11","2","Exportaciones","na","América del Norte","can","Canadá","2080440","Aguacates Frescos o Secos","6481495"
"2014","201411","2014-11","2","Exportaciones","na","América del Norte","cri","Costa Rica","2080440","Aguacates Frescos o Secos","1277129"
"2014","201411","2014-11","2","Exportaciones","na","América del Norte","gtm","Guatemala","2080440","Aguacates Frescos o Secos","401754"
"2014","201411","2014-11","2","Exportaciones","na","América del Norte","hnd","Honduras","2080440","Aguacates Frescos o Secos","1194556"
"2014","201411","2014-11","2","Exportaciones","na","América del Norte","slv","El Salvador","2080440","Aguacates Frescos o Secos","2428336"
"2014","201411","2014-11","2","Exportaciones","na","América del Norte","usa","Estados Unidos","2080440","Aguacates Frescos o Secos","107783673"
"2014","201411","2014-11","2","Exportaciones","sa","América del Sur","chl","Chile","2080440","Aguacates Frescos o Secos","35844"
"2014","201412","2014-12","2","Exportaciones","as","Asia","chn","China","2080440","Aguacates Frescos o Secos","1954592"
"2014","201412","2014-12","2","Exportaciones","as","Asia","hkg","Hong Kong","2080440","Aguacates Frescos o Secos","511677"
"2014","201412","2014-12","2","Exportaciones","as","Asia","jpn","Japón","2080440","Aguacates Frescos o Secos","8829722"
"2014","201412","2014-12","2","Exportaciones","eu","Europa","bel","Bélgica","2080440","Aguacates Frescos o Secos","49895"
"2014","201412","2014-12","2","Exportaciones","eu","Europa","esp","España","2080440","Aguacates Frescos o Secos","708808"
"2014","201412","2014-12","2","Exportaciones","eu","Europa","fra","Francia","2080440","Aguacates Frescos o Secos","2266765"
"2014","201412","2014-12","2","Exportaciones","eu","Europa","gbr","Reino Unido","2080440","Aguacates Frescos o Secos","4900"
"2014","201412","2014-12","2","Exportaciones","eu","Europa","ita","Italia","2080440","Aguacates Frescos o Secos","640"
"2014","201412","2014-12","2","Exportaciones","eu","Europa","nld","Países Bajos","2080440","Aguacates Frescos o Secos","224226"
"2014","201412","2014-12","2","Exportaciones","na","América del Norte","can","Canadá","2080440","Aguacates Frescos o Secos","6466458"
"2014","201412","2014-12","2","Exportaciones","na","América del Norte","cri","Costa Rica","2080440","Aguacates Frescos o Secos","1073945"
"2014","201412","2014-12","2","Exportaciones","na","América del Norte","gtm","Guatemala","2080440","Aguacates Frescos o Secos","206996"
"2014","201412","2014-12","2","Exportaciones","na","América del Norte","hnd","Honduras","2080440","Aguacates Frescos o Secos","861919"
"2014","201412","2014-12","2","Exportaciones","na","América del Norte","slv","El Salvador","2080440","Aguacates Frescos o Secos","1187338"
"2014","201412","2014-12","2","Exportaciones","na","América del Norte","usa","Estados Unidos","2080440","Aguacates Frescos o Secos","125879824"
"2015","201501","2015-01","2","Exportaciones","as","Asia","chn","China","2080440","Aguacates Frescos o Secos","1130125"
"2015","201501","2015-01","2","Exportaciones","as","Asia","hkg","Hong Kong","2080440","Aguacates Frescos o Secos","265372"
"2015","201501","2015-01","2","Exportaciones","as","Asia","jpn","Japón","2080440","Aguacates Frescos o Secos","9146034"
"2015","201501","2015-01","2","Exportaciones","as","Asia","mys","Malasia","2080440","Aguacates Frescos o Secos","40"
"2015","201501","2015-01","2","Exportaciones","eu","Europa","deu","Alemania","2080440","Aguacates Frescos o Secos","733"
"2015","201501","2015-01","2","Exportaciones","eu","Europa","esp","España","2080440","Aguacates Frescos o Secos","207223"
"2015","201501","2015-01","2","Exportaciones","eu","Europa","fra","Francia","2080440","Aguacates Frescos o Secos","1427606"
"2015","201501","2015-01","2","Exportaciones","eu","Europa","gbr","Reino Unido","2080440","Aguacates Frescos o Secos","1552"
"2015","201501","2015-01","2","Exportaciones","eu","Europa","nld","Países Bajos","2080440","Aguacates Frescos o Secos","107930"
"2015","201501","2015-01","2","Exportaciones","na","América del Norte","abw","Aruba","2080440","Aguacates Frescos o Secos","38824"
"2015","201501","2015-01","2","Exportaciones","na","América del Norte","can","Canadá","2080440","Aguacates Frescos o Secos","7501065"
"2015","201501","2015-01","2","Exportaciones","na","América del Norte","cri","Costa Rica","2080440","Aguacates Frescos o Secos","2200232"
"2015","201501","2015-01","2","Exportaciones","na","América del Norte","gtm","Guatemala","2080440","Aguacates Frescos o Secos","570426"
"2015","201501","2015-01","2","Exportaciones","na","América del Norte","hnd","Honduras","2080440","Aguacates Frescos o Secos","1722328"
"2015","201501","2015-01","2","Exportaciones","na","América del Norte","slv","El Salvador","2080440","Aguacates Frescos o Secos","2697019"
"2015","201501","2015-01","2","Exportaciones","na","América del Norte","usa","Estados Unidos","2080440","Aguacates Frescos o Secos","146673775"
"2015","201502","2015-02","2","Exportaciones","as","Asia","chn","China","2080440","Aguacates Frescos o Secos","1899105"
"2015","201502","2015-02","2","Exportaciones","as","Asia","hkg","Hong Kong","2080440","Aguacates Frescos o Secos","156312"
"2015","201502","2015-02","2","Exportaciones","as","Asia","jpn","Japón","2080440","Aguacates Frescos o Secos","8346596"
"2015","201502","2015-02","2","Exportaciones","as","Asia","kor","Corea del Sur","2080440","Aguacates Frescos o Secos","78384"
"2015","201502","2015-02","2","Exportaciones","as","Asia","mys","Malasia","2080440","Aguacates Frescos o Secos","40"
"2015","201502","2015-02","2","Exportaciones","eu","Europa","bel","Bélgica","2080440","Aguacates Frescos o Secos","72506"
"2015","201502","2015-02","2","Exportaciones","eu","Europa","deu","Alemania","2080440","Aguacates Frescos o Secos","86297"
"2015","201502","2015-02","2","Exportaciones","eu","Europa","esp","España","2080440","Aguacates Frescos o Secos","670482"
"2015","201502","2015-02","2","Exportaciones","eu","Europa","fra","Francia","2080440","Aguacates Frescos o Secos","2283850"
"2015","201502","2015-02","2","Exportaciones","eu","Europa","nld","Países Bajos","2080440","Aguacates Frescos o Secos","288743"
"2015","201502","2015-02","2","Exportaciones","na","América del Norte","can","Canadá","2080440","Aguacates Frescos o Secos","6726675"
"2015","201502","2015-02","2","Exportaciones","na","América del Norte","cri","Costa Rica","2080440","Aguacates Frescos o Secos","2069085"
"2015","201502","2015-02","2","Exportaciones","na","América del Norte","gtm","Guatemala","2080440","Aguacates Frescos o Secos","394581"
"2015","201502","2015-02","2","Exportaciones","na","América del Norte","hnd","Honduras","2080440","Aguacates Frescos o Secos","1931413"
"2015","201502","2015-02","2","Exportaciones","na","América del Norte","slv","El Salvador","2080440","Aguacates Frescos o Secos","2331477"
"2015","201502","2015-02","2","Exportaciones","na","América del Norte","usa","Estados Unidos","2080440","Aguacates Frescos o Secos","113025315"
"2015","201503","2015-03","2","Exportaciones","as","Asia","chn","China","2080440","Aguacates Frescos o Secos","2288050"
"2015","201503","2015-03","2","Exportaciones","as","Asia","hkg","Hong Kong","2080440","Aguacates Frescos o Secos","324629"
"2015","201503","2015-03","2","Exportaciones","as","Asia","jpn","Japón","2080440","Aguacates Frescos o Secos","9673442"
"2015","201503","2015-03","2","Exportaciones","as","Asia","mys","Malasia","2080440","Aguacates Frescos o Secos","1735"
"2015","201503","2015-03","2","Exportaciones","eu","Europa","bel","Bélgica","2080440","Aguacates Frescos o Secos","30888"
"2015","201503","2015-03","2","Exportaciones","eu","Europa","deu","Alemania","2080440","Aguacates Frescos o Secos","181208"
"2015","201503","2015-03","2","Exportaciones","eu","Europa","esp","España","2080440","Aguacates Frescos o Secos","684684"
"2015","201503","2015-03","2","Exportaciones","eu","Europa","fra","Francia","2080440","Aguacates Frescos o Secos","1430927"
"2015","201503","2015-03","2","Exportaciones","eu","Europa","gbr","Reino Unido","2080440","Aguacates Frescos o Secos","44684"
"2015","201503","2015-03","2","Exportaciones","eu","Europa","nld","Países Bajos","2080440","Aguacates Frescos o Secos","213297"
"2015","201503","2015-03","2","Exportaciones","na","América del Norte","can","Canadá","2080440","Aguacates Frescos o Secos","10317784"
"2015","201503","2015-03","2","Exportaciones","na","América del Norte","cri","Costa Rica","2080440","Aguacates Frescos o Secos","2824184"
"2015","201503","2015-03","2","Exportaciones","na","América del Norte","gtm","Guatemala","2080440","Aguacates Frescos o Secos","461642"
"2015","201503","2015-03","2","Exportaciones","na","América del Norte","hnd","Honduras","2080440","Aguacates Frescos o Secos","1968219"
"2015","201503","2015-03","2","Exportaciones","na","América del Norte","pan","Panamá","2080440","Aguacates Frescos o Secos","251"
"2015","201503","2015-03","2","Exportaciones","na","América del Norte","slv","El Salvador","2080440","Aguacates Frescos o Secos","1973550"
"2015","201503","2015-03","2","Exportaciones","na","América del Norte","usa","Estados Unidos","2080440","Aguacates Frescos o Secos","147198269"
"2015","201503","2015-03","2","Exportaciones","sa","América del Sur","chl","Chile","2080440","Aguacates Frescos o Secos","1764724"
"2015","201504","2015-04","2","Exportaciones","as","Asia","chn","China","2080440","Aguacates Frescos o Secos","2645879"
"2015","201504","2015-04","2","Exportaciones","as","Asia","hkg","Hong Kong","2080440","Aguacates Frescos o Secos","83416"
"2015","201504","2015-04","2","Exportaciones","as","Asia","jpn","Japón","2080440","Aguacates Frescos o Secos","10411094"
"2015","201504","2015-04","2","Exportaciones","as","Asia","kor","Corea del Sur","2080440","Aguacates Frescos o Secos","27630"
"2015","201504","2015-04","2","Exportaciones","as","Asia","mys","Malasia","2080440","Aguacates Frescos o Secos","4344"
"2015","201504","2015-04","2","Exportaciones","eu","Europa","esp","España","2080440","Aguacates Frescos o Secos","289505"
"2015","201504","2015-04","2","Exportaciones","eu","Europa","fra","Francia","2080440","Aguacates Frescos o Secos","430145"
"2015","201504","2015-04","2","Exportaciones","eu","Europa","nld","Países Bajos","2080440","Aguacates Frescos o Secos","28560"
"2015","201504","2015-04","2","Exportaciones","na","América del Norte","can","Canadá","2080440","Aguacates Frescos o Secos","10163636"
"2015","201504","2015-04","2","Exportaciones","na","América del Norte","cri","Costa Rica","2080440","Aguacates Frescos o Secos","2501284"
"2015","201504","2015-04","2","Exportaciones","na","América del Norte","gtm","Guatemala","2080440","Aguacates Frescos o Secos","460431"
"2015","201504","2015-04","2","Exportaciones","na","América del Norte","hnd","Honduras","2080440","Aguacates Frescos o Secos","1449353"
"2015","201504","2015-04","2","Exportaciones","na","América del Norte","slv","El Salvador","2080440","Aguacates Frescos o Secos","1136880"
"2015","201504","2015-04","2","Exportaciones","na","América del Norte","usa","Estados Unidos","2080440","Aguacates Frescos o Secos","123406400"
"2015","201504","2015-04","2","Exportaciones","sa","América del Sur","chl","Chile","2080440","Aguacates Frescos o Secos","442100"
"2015","201505","2015-05","2","Exportaciones","as","Asia","chn","China","2080440","Aguacates Frescos o Secos","2269424"
"2015","201505","2015-05","2","Exportaciones","as","Asia","hkg","Hong Kong","2080440","Aguacates Frescos o Secos","935"
"2015","201505","2015-05","2","Exportaciones","as","Asia","jpn","Japón","2080440","Aguacates Frescos o Secos","9112008"
"2015","201505","2015-05","2","Exportaciones","as","Asia","kor","Corea del Sur","2080440","Aguacates Frescos o Secos","2742"
"2015","201505","2015-05","2","Exportaciones","as","Asia","mys","Malasia","2080440","Aguacates Frescos o Secos","187"
"2015","201505","2015-05","2","Exportaciones","eu","Europa","bel","Bélgica","2080440","Aguacates Frescos o Secos","29962"
"2015","201505","2015-05","2","Exportaciones","eu","Europa","fin","Finlandia","2080440","Aguacates Frescos o Secos","83"
"2015","201505","2015-05","2","Exportaciones","eu","Europa","fra","Francia","2080440","Aguacates Frescos o Secos","52334"
"2015","201505","2015-05","2","Exportaciones","eu","Europa","gbr","Reino Unido","2080440","Aguacates Frescos o Secos","1905"
"2015","201505","2015-05","2","Exportaciones","eu","Europa","nld","Países Bajos","2080440","Aguacates Frescos o Secos","35170"
"2015","201505","2015-05","2","Exportaciones","na","América del Norte","can","Canadá","2080440","Aguacates Frescos o Secos","9226229"
"2015","201505","2015-05","2","Exportaciones","na","América del Norte","cri","Costa Rica","2080440","Aguacates Frescos o Secos","2290441"
"2015","201505","2015-05","2","Exportaciones","na","América del Norte","gtm","Guatemala","2080440","Aguacates Frescos o Secos","493911"
"2015","201505","2015-05","2","Exportaciones","na","América del Norte","hnd","Honduras","2080440","Aguacates Frescos o Secos","1381650"
"2015","201505","2015-05","2","Exportaciones","na","América del Norte","slv","El Salvador","2080440","Aguacates Frescos o Secos","564652"
"2015","201505","2015-05","2","Exportaciones","na","América del Norte","usa","Estados Unidos","2080440","Aguacates Frescos o Secos","115701417"
"2015","201506","2015-06","2","Exportaciones","as","Asia","chn","China","2080440","Aguacates Frescos o Secos","847910"
"2015","201506","2015-06","2","Exportaciones","as","Asia","hkg","Hong Kong","2080440","Aguacates Frescos o Secos","159646"
"2015","201506","2015-06","2","Exportaciones","as","Asia","jpn","Japón","2080440","Aguacates Frescos o Secos","8538792"
"2015","201506","2015-06","2","Exportaciones","as","Asia","kor","Corea del Sur","2080440","Aguacates Frescos o Secos","71704"
"2015","201506","2015-06","2","Exportaciones","eu","Europa","bel","Bélgica","2080440","Aguacates Frescos o Secos","29374"
"2015","201506","2015-06","2","Exportaciones","eu","Europa","deu","Alemania","2080440","Aguacates Frescos o Secos","20"
"2015","201506","2015-06","2","Exportaciones","na","América del Norte","can","Canadá","2080440","Aguacates Frescos o Secos","9012271"
"2015","201506","2015-06","2","Exportaciones","na","América del Norte","cri","Costa Rica","2080440","Aguacates Frescos o Secos","129327"
"2015","201506","2015-06","2","Exportaciones","na","América del Norte","gtm","Guatemala","2080440","Aguacates Frescos o Secos","757238"
"2015","201506","2015-06","2","Exportaciones","na","América del Norte","hnd","Honduras","2080440","Aguacates Frescos o Secos","1459647"
"2015","201506","2015-06","2","Exportaciones","na","América del Norte","slv","El Salvador","2080440","Aguacates Frescos o Secos","457623"
"2015","201506","2015-06","2","Exportaciones","na","América del Norte","usa","Estados Unidos","2080440","Aguacates Frescos o Secos","109113404"
"2015","201507","2015-07","2","Exportaciones","as","Asia","chn","China","2080440","Aguacates Frescos o Secos","2521009"
"2015","201507","2015-07","2","Exportaciones","as","Asia","hkg","Hong Kong","2080440","Aguacates Frescos o Secos","342517"
"2015","201507","2015-07","2","Exportaciones","as","Asia","jpn","Japón","2080440","Aguacates Frescos o Secos","11724979"
"2015","201507","2015-07","2","Exportaciones","as","Asia","kor","Corea del Sur","2080440","Aguacates Frescos o Secos","51220"
"2015","201507","2015-07","2","Exportaciones","eu","Europa","che","Suiza","2080440","Aguacates Frescos o Secos","93904"
"2015","201507","2015-07","2","Exportaciones","eu","Europa","deu","Alemania","2080440","Aguacates Frescos o Secos","8986"
"2015","201507","2015-07","2","Exportaciones","eu","Europa","esp","España","2080440","Aguacates Frescos o Secos","694571"
"2015","201507","2015-07","2","Exportaciones","eu","Europa","fin","Finlandia","2080440","Aguacates Frescos o Secos","133"
"2015","201507","2015-07","2","Exportaciones","eu","Europa","fra","Francia","2080440","Aguacates Frescos o Secos","909879"
"2015","201507","2015-07","2","Exportaciones","eu","Europa","nld","Países Bajos","2080440","Aguacates Frescos o Secos","786999"
"2015","201507","2015-07","2","Exportaciones","na","América del Norte","can","Canadá","2080440","Aguacates Frescos o Secos","8107651"
"2015","201507","2015-07","2","Exportaciones","na","América del Norte","gtm","Guatemala","2080440","Aguacates Frescos o Secos","724508"
"2015","201507","2015-07","2","Exportaciones","na","América del Norte","hnd","Honduras","2080440","Aguacates Frescos o Secos","959099"
"2015","201507","2015-07","2","Exportaciones","na","América del Norte","pan","Panamá","2080440","Aguacates Frescos o Secos","20008"
"2015","201507","2015-07","2","Exportaciones","na","América del Norte","slv","El Salvador","2080440","Aguacates Frescos o Secos","467385"
"2015","201507","2015-07","2","Exportaciones","na","América del Norte","usa","Estados Unidos","2080440","Aguacates Frescos o Secos","119235621"
"2015","201508","2015-08","2","Exportaciones","as","Asia","chn","China","2080440","Aguacates Frescos o Secos","1836895"
"2015","201508","2015-08","2","Exportaciones","as","Asia","hkg","Hong Kong","2080440","Aguacates Frescos o Secos","174353"
"2015","201508","2015-08","2","Exportaciones","as","Asia","jpn","Japón","2080440","Aguacates Frescos o Secos","7974171"
"2015","201508","2015-08","2","Exportaciones","eu","Europa","che","Suiza","2080440","Aguacates Frescos o Secos","153559"
"2015","201508","2015-08","2","Exportaciones","eu","Europa","deu","Alemania","2080440","Aguacates Frescos o Secos","133666"
"2015","201508","2015-08","2","Exportaciones","eu","Europa","esp","España","2080440","Aguacates Frescos o Secos","2705625"
"2015","201508","2015-08","2","Exportaciones","eu","Europa","fra","Francia","2080440","Aguacates Frescos o Secos","1622523"
"2015","201508","2015-08","2","Exportaciones","eu","Europa","gbr","Reino Unido","2080440","Aguacates Frescos o Secos","3710"
"2015","201508","2015-08","2","Exportaciones","eu","Europa","nld","Países Bajos","2080440","Aguacates Frescos o Secos","1318113"
"2015","201508","2015-08","2","Exportaciones","na","América del Norte","can","Canadá","2080440","Aguacates Frescos o Secos","7183249"
"2015","201508","2015-08","2","Exportaciones","na","América del Norte","gtm","Guatemala","2080440","Aguacates Frescos o Secos","355667"
"2015","201508","2015-08","2","Exportaciones","na","América del Norte","hnd","Honduras","2080440","Aguacates Frescos o Secos","616680"
"2015","201508","2015-08","2","Exportaciones","na","América del Norte","pan","Panamá","2080440","Aguacates Frescos o Secos","18689"
"2015","201508","2015-08","2","Exportaciones","na","América del Norte","slv","El Salvador","2080440","Aguacates Frescos o Secos","870060"
"2015","201508","2015-08","2","Exportaciones","na","América del Norte","usa","Estados Unidos","2080440","Aguacates Frescos o Secos","107249049"
"2015","201509","2015-09","2","Exportaciones","as","Asia","are","Emiratos Árabes Unidos","2080440","Aguacates Frescos o Secos","68335"
"2015","201509","2015-09","2","Exportaciones","as","Asia","chn","China","2080440","Aguacates Frescos o Secos","2007809"
"2015","201509","2015-09","2","Exportaciones","as","Asia","hkg","Hong Kong","2080440","Aguacates Frescos o Secos","194615"
"2015","201509","2015-09","2","Exportaciones","as","Asia","jpn","Japón","2080440","Aguacates Frescos o Secos","8005541"
"2015","201509","2015-09","2","Exportaciones","as","Asia","kor","Corea del Sur","2080440","Aguacates Frescos o Secos","46180"
"2015","201509","2015-09","2","Exportaciones","as","Asia","kwt","Kuwait","2080440","Aguacates Frescos o Secos","9099"
"2015","201509","2015-09","2","Exportaciones","as","Asia","mys","Malasia","2080440","Aguacates Frescos o Secos","1154"
"2015","201509","2015-09","2","Exportaciones","eu","Europa","che","Suiza","2080440","Aguacates Frescos o Secos","217705"
"2015","201509","2015-09","2","Exportaciones","eu","Europa","deu","Alemania","2080440","Aguacates Frescos o Secos","172515"
"2015","201509","2015-09","2","Exportaciones","eu","Europa","esp","España","2080440","Aguacates Frescos o Secos","2703551"
"2015","201509","2015-09","2","Exportaciones","eu","Europa","fra","Francia","2080440","Aguacates Frescos o Secos","2992083"
"2015","201509","2015-09","2","Exportaciones","eu","Europa","gbr","Reino Unido","2080440","Aguacates Frescos o Secos","5845"
"2015","201509","2015-09","2","Exportaciones","eu","Europa","nld","Países Bajos","2080440","Aguacates Frescos o Secos","2059626"
"2015","201509","2015-09","2","Exportaciones","eu","Europa","rus","Rusia","2080440","Aguacates Frescos o Secos","103"
"2015","201509","2015-09","2","Exportaciones","na","América del Norte","can","Canadá","2080440","Aguacates Frescos o Secos","7449117"
"2015","201509","2015-09","2","Exportaciones","na","América del Norte","gtm","Guatemala","2080440","Aguacates Frescos o Secos","592204"
"2015","201509","2015-09","2","Exportaciones","na","América del Norte","hnd","Honduras","2080440","Aguacates Frescos o Secos","816641"
"2015","201509","2015-09","2","Exportaciones","na","América del Norte","pan","Panamá","2080440","Aguacates Frescos o Secos","54976"
"2015","201509","2015-09","2","Exportaciones","na","América del Norte","slv","El Salvador","2080440","Aguacates Frescos o Secos","1056123"
"2015","201509","2015-09","2","Exportaciones","na","América del Norte","usa","Estados Unidos","2080440","Aguacates Frescos o Secos","122657155"
"2015","201510","2015-10","2","Exportaciones","as","Asia","are","Emiratos Árabes Unidos","2080440","Aguacates Frescos o Secos","63371"
"2015","201510","2015-10","2","Exportaciones","as","Asia","chn","China","2080440","Aguacates Frescos o Secos","4304514"
"2015","201510","2015-10","2","Exportaciones","as","Asia","hkg","Hong Kong","2080440","Aguacates Frescos o Secos","182734"
"2015","201510","2015-10","2","Exportaciones","as","Asia","jpn","Japón","2080440","Aguacates Frescos o Secos","8183620"
"2015","201510","2015-10","2","Exportaciones","as","Asia","kor","Corea del Sur","2080440","Aguacates Frescos o Secos","47414"
"2015","201510","2015-10","2","Exportaciones","as","Asia","qat","Katar","2080440","Aguacates Frescos o Secos","2141"
"2015","201510","2015-10","2","Exportaciones","as","Asia","sau","Arabia Saudita","2080440","Aguacates Frescos o Secos","2218"
"2015","201510","2015-10","2","Exportaciones","as","Asia","sgp","Singapur","2080440","Aguacates Frescos o Secos","49049"
"2015","201510","2015-10","2","Exportaciones","eu","Europa","che","Suiza","2080440","Aguacates Frescos o Secos","67297"
"2015","201510","2015-10","2","Exportaciones","eu","Europa","deu","Alemania","2080440","Aguacates Frescos o Secos","25695"
"2015","201510","2015-10","2","Exportaciones","eu","Europa","esp","España","2080440","Aguacates Frescos o Secos","2985588"
"2015","201510","2015-10","2","Exportaciones","eu","Europa","fra","Francia","2080440","Aguacates Frescos o Secos","2684752"
"2015","201510","2015-10","2","Exportaciones","eu","Europa","gbr","Reino Unido","2080440","Aguacates Frescos o Secos","9719"
"2015","201510","2015-10","2","Exportaciones","eu","Europa","nld","Países Bajos","2080440","Aguacates Frescos o Secos","1486468"
"2015","201510","2015-10","2","Exportaciones","eu","Europa","rus","Rusia","2080440","Aguacates Frescos o Secos","6223"
"2015","201510","2015-10","2","Exportaciones","na","América del Norte","can","Canadá","2080440","Aguacates Frescos o Secos","7925652"
"2015","201510","2015-10","2","Exportaciones","na","América del Norte","gtm","Guatemala","2080440","Aguacates Frescos o Secos","348293"
"2015","201510","2015-10","2","Exportaciones","na","América del Norte","hnd","Honduras","2080440","Aguacates Frescos o Secos","970915"
"2015","201510","2015-10","2","Exportaciones","na","América del Norte","slv","El Salvador","2080440","Aguacates Frescos o Secos","1509398"
"2015","201510","2015-10","2","Exportaciones","na","América del Norte","usa","Estados Unidos","2080440","Aguacates Frescos o Secos","125349928"
"2015","201511","2015-11","2","Exportaciones","as","Asia","chn","China","2080440","Aguacates Frescos o Secos","2106141"
"2015","201511","2015-11","2","Exportaciones","as","Asia","hkg","Hong Kong","2080440","Aguacates Frescos o Secos","189877"
"2015","201511","2015-11","2","Exportaciones","as","Asia","jpn","Japón","2080440","Aguacates Frescos o Secos","7996537"
"2015","201511","2015-11","2","Exportaciones","as","Asia","kor","Corea del Sur","2080440","Aguacates Frescos o Secos","22453"
"2015","201511","2015-11","2","Exportaciones","as","Asia","mys","Malasia","2080440","Aguacates Frescos o Secos","673"
"2015","201511","2015-11","2","Exportaciones","as","Asia","sgp","Singapur","2080440","Aguacates Frescos o Secos","41922"
"2015","201511","2015-11","2","Exportaciones","eu","Europa","che","Suiza","2080440","Aguacates Frescos o Secos","101112"
"2015","201511","2015-11","2","Exportaciones","eu","Europa","deu","Alemania","2080440","Aguacates Frescos o Secos","62527"
"2015","201511","2015-11","2","Exportaciones","eu","Europa","esp","España","2080440","Aguacates Frescos o Secos","2506416"
"2015","201511","2015-11","2","Exportaciones","eu","Europa","fra","Francia","2080440","Aguacates Frescos o Secos","3051027"
"2015","201511","2015-11","2","Exportaciones","eu","Europa","gbr","Reino Unido","2080440","Aguacates Frescos o Secos","35649"
"2015","201511","2015-11","2","Exportaciones","eu","Europa","ita","Italia","2080440","Aguacates Frescos o Secos","6669"
"2015","201511","2015-11","2","Exportaciones","eu","Europa","nld","Países Bajos","2080440","Aguacates Frescos o Secos","834778"
"2015","201511","2015-11","2","Exportaciones","eu","Europa","prt","Portugal","2080440","Aguacates Frescos o Secos","2289"
"2015","201511","2015-11","2","Exportaciones","na","América del Norte","can","Canadá","2080440","Aguacates Frescos o Secos","8654716"
"2015","201511","2015-11","2","Exportaciones","na","América del Norte","gtm","Guatemala","2080440","Aguacates Frescos o Secos","539295"
"2015","201511","2015-11","2","Exportaciones","na","América del Norte","hnd","Honduras","2080440","Aguacates Frescos o Secos","1283707"
"2015","201511","2015-11","2","Exportaciones","na","América del Norte","slv","El Salvador","2080440","Aguacates Frescos o Secos","1910419"
"2015","201511","2015-11","2","Exportaciones","na","América del Norte","usa","Estados Unidos","2080440","Aguacates Frescos o Secos","123562062"
"2015","201512","2015-12","2","Exportaciones","as","Asia","chn","China","2080440","Aguacates Frescos o Secos","1085290"
"2015","201512","2015-12","2","Exportaciones","as","Asia","hkg","Hong Kong","2080440","Aguacates Frescos o Secos","144013"
"2015","201512","2015-12","2","Exportaciones","as","Asia","jpn","Japón","2080440","Aguacates Frescos o Secos","7089804"
"2015","201512","2015-12","2","Exportaciones","as","Asia","kor","Corea del Sur","2080440","Aguacates Frescos o Secos","134802"
"2015","201512","2015-12","2","Exportaciones","as","Asia","kwt","Kuwait","2080440","Aguacates Frescos o Secos","6530"
"2015","201512","2015-12","2","Exportaciones","as","Asia","sau","Arabia Saudita","2080440","Aguacates Frescos o Secos","2286"
"2015","201512","2015-12","2","Exportaciones","as","Asia","sgp","Singapur","2080440","Aguacates Frescos o Secos","43895"
"2015","201512","2015-12","2","Exportaciones","eu","Europa","che","Suiza","2080440","Aguacates Frescos o Secos","127700"
"2015","201512","2015-12","2","Exportaciones","eu","Europa","deu","Alemania","2080440","Aguacates Frescos o Secos","2267"
"2015","201512","2015-12","2","Exportaciones","eu","Europa","esp","España","2080440","Aguacates Frescos o Secos","1540765"
"2015","201512","2015-12","2","Exportaciones","eu","Europa","fra","Francia","2080440","Aguacates Frescos o Secos","1979132"
"2015","201512","2015-12","2","Exportaciones","eu","Europa","gbr","Reino Unido","2080440","Aguacates Frescos o Secos","103611"
"2015","201512","2015-12","2","Exportaciones","eu","Europa","ita","Italia","2080440","Aguacates Frescos o Secos","6095"
"2015","201512","2015-12","2","Exportaciones","eu","Europa","nld","Países Bajos","2080440","Aguacates Frescos o Secos","809522"
"2015","201512","2015-12","2","Exportaciones","na","América del Norte","can","Canadá","2080440","Aguacates Frescos o Secos","7890218"
"2015","201512","2015-12","2","Exportaciones","na","América del Norte","gtm","Guatemala","2080440","Aguacates Frescos o Secos","461047"
"2015","201512","2015-12","2","Exportaciones","na","América del Norte","hnd","Honduras","2080440","Aguacates Frescos o Secos","1133585"
"2015","201512","2015-12","2","Exportaciones","na","América del Norte","pan","Panamá","2080440","Aguacates Frescos o Secos","45348"
"2015","201512","2015-12","2","Exportaciones","na","América del Norte","slv","El Salvador","2080440","Aguacates Frescos o Secos","1899942"
"2015","201512","2015-12","2","Exportaciones","na","América del Norte","usa","Estados Unidos","2080440","Aguacates Frescos o Secos","116704530"
"2016","201601","2016-01","2","Exportaciones","as","Asia","are","Emiratos Árabes Unidos","2080440","Aguacates Frescos o Secos","43036"
"2016","201601","2016-01","2","Exportaciones","as","Asia","chn","China","2080440","Aguacates Frescos o Secos","607701"
"2016","201601","2016-01","2","Exportaciones","as","Asia","hkg","Hong Kong","2080440","Aguacates Frescos o Secos","157266"
"2016","201601","2016-01","2","Exportaciones","as","Asia","jpn","Japón","2080440","Aguacates Frescos o Secos","8079616"
"2016","201601","2016-01","2","Exportaciones","as","Asia","kor","Corea del Sur","2080440","Aguacates Frescos o Secos","104978"
"2016","201601","2016-01","2","Exportaciones","as","Asia","kwt","Kuwait","2080440","Aguacates Frescos o Secos","2241"
"2016","201601","2016-01","2","Exportaciones","as","Asia","mys","Malasia","2080440","Aguacates Frescos o Secos","5046"
"2016","201601","2016-01","2","Exportaciones","as","Asia","sau","Arabia Saudita","2080440","Aguacates Frescos o Secos","8179"
"2016","201601","2016-01","2","Exportaciones","as","Asia","sgp","Singapur","2080440","Aguacates Frescos o Secos","64031"
"2016","201601","2016-01","2","Exportaciones","eu","Europa","che","Suiza","2080440","Aguacates Frescos o Secos","164324"
"2016","201601","2016-01","2","Exportaciones","eu","Europa","deu","Alemania","2080440","Aguacates Frescos o Secos","26115"
"2016","201601","2016-01","2","Exportaciones","eu","Europa","esp","España","2080440","Aguacates Frescos o Secos","3200451"
"2016","201601","2016-01","2","Exportaciones","eu","Europa","fra","Francia","2080440","Aguacates Frescos o Secos","2619372"
"2016","201601","2016-01","2","Exportaciones","eu","Europa","gbr","Reino Unido","2080440","Aguacates Frescos o Secos","240750"
"2016","201601","2016-01","2","Exportaciones","eu","Europa","irl","Irlanda","2080440","Aguacates Frescos o Secos","4183"
"2016","201601","2016-01","2","Exportaciones","eu","Europa","ita","Italia","2080440","Aguacates Frescos o Secos","32865"
"2016","201601","2016-01","2","Exportaciones","eu","Europa","nld","Países Bajos","2080440","Aguacates Frescos o Secos","634282"
"2016","201601","2016-01","2","Exportaciones","eu","Europa","prt","Portugal","2080440","Aguacates Frescos o Secos","6368"
"2016","201601","2016-01","2","Exportaciones","na","América del Norte","can","Canadá","2080440","Aguacates Frescos o Secos","9266813"
"2016","201601","2016-01","2","Exportaciones","na","América del Norte","gtm","Guatemala","2080440","Aguacates Frescos o Secos","595871"
"2016","201601","2016-01","2","Exportaciones","na","América del Norte","hnd","Honduras","2080440","Aguacates Frescos o Secos","993713"
"2016","201601","2016-01","2","Exportaciones","na","América del Norte","pan","Panamá","2080440","Aguacates Frescos o Secos","34234"
"2016","201601","2016-01","2","Exportaciones","na","América del Norte","slv","El Salvador","2080440","Aguacates Frescos o Secos","1791569"
"2016","201601","2016-01","2","Exportaciones","na","América del Norte","usa","Estados Unidos","2080440","Aguacates Frescos o Secos","124712073"
"2016","201602","2016-02","2","Exportaciones","as","Asia","are","Emiratos Árabes Unidos","2080440","Aguacates Frescos o Secos","87321"
"2016","201602","2016-02","2","Exportaciones","as","Asia","chn","China","2080440","Aguacates Frescos o Secos","1401355"
"2016","201602","2016-02","2","Exportaciones","as","Asia","hkg","Hong Kong","2080440","Aguacates Frescos o Secos","130075"
"2016","201602","2016-02","2","Exportaciones","as","Asia","jpn","Japón","2080440","Aguacates Frescos o Secos","7972170"
"2016","201602","2016-02","2","Exportaciones","as","Asia","kor","Corea del Sur","2080440","Aguacates Frescos o Secos","28092"
"2016","201602","2016-02","2","Exportaciones","as","Asia","mys","Malasia","2080440","Aguacates Frescos o Secos","3703"
"2016","201602","2016-02","2","Exportaciones","as","Asia","sgp","Singapur","2080440","Aguacates Frescos o Secos","98024"
"2016","201602","2016-02","2","Exportaciones","eu","Europa","che","Suiza","2080440","Aguacates Frescos o Secos","185404"
"2016","201602","2016-02","2","Exportaciones","eu","Europa","deu","Alemania","2080440","Aguacates Frescos o Secos","98262"
"2016","201602","2016-02","2","Exportaciones","eu","Europa","esp","España","2080440","Aguacates Frescos o Secos","3111205"
"2016","201602","2016-02","2","Exportaciones","eu","Europa","fra","Francia","2080440","Aguacates Frescos o Secos","3608689"
"2016","201602","2016-02","2","Exportaciones","eu","Europa","gbr","Reino Unido","2080440","Aguacates Frescos o Secos","334435"
"2016","201602","2016-02","2","Exportaciones","eu","Europa","irl","Irlanda","2080440","Aguacates Frescos o Secos","9832"
"2016","201602","2016-02","2","Exportaciones","eu","Europa","ita","Italia","2080440","Aguacates Frescos o Secos","16714"
"2016","201602","2016-02","2","Exportaciones","eu","Europa","nld","Países Bajos","2080440","Aguacates Frescos o Secos","2180708"
"2016","201602","2016-02","2","Exportaciones","eu","Europa","prt","Portugal","2080440","Aguacates Frescos o Secos","5943"
"2016","201602","2016-02","2","Exportaciones","na","América del Norte","can","Canadá","2080440","Aguacates Frescos o Secos","7675182"
"2016","201602","2016-02","2","Exportaciones","na","América del Norte","gtm","Guatemala","2080440","Aguacates Frescos o Secos","483057"
"2016","201602","2016-02","2","Exportaciones","na","América del Norte","hnd","Honduras","2080440","Aguacates Frescos o Secos","1266930"
"2016","201602","2016-02","2","Exportaciones","na","América del Norte","pan","Panamá","2080440","Aguacates Frescos o Secos","60982"
"2016","201602","2016-02","2","Exportaciones","na","América del Norte","slv","El Salvador","2080440","Aguacates Frescos o Secos","1427108"
"2016","201602","2016-02","2","Exportaciones","na","América del Norte","usa","Estados Unidos","2080440","Aguacates Frescos o Secos","116052810"
"2016","201602","2016-02","2","Exportaciones","sa","América del Sur","arg","Argentina","2080440","Aguacates Frescos o Secos","26453"
"2016","201603","2016-03","2","Exportaciones","as","Asia","chn","China","2080440","Aguacates Frescos o Secos","1308602"
"2016","201603","2016-03","2","Exportaciones","as","Asia","hkg","Hong Kong","2080440","Aguacates Frescos o Secos","130019"
"2016","201603","2016-03","2","Exportaciones","as","Asia","jpn","Japón","2080440","Aguacates Frescos o Secos","10630464"
"2016","201603","2016-03","2","Exportaciones","as","Asia","kor","Corea del Sur","2080440","Aguacates Frescos o Secos","78022"
"2016","201603","2016-03","2","Exportaciones","as","Asia","mys","Malasia","2080440","Aguacates Frescos o Secos","8472"
"2016","201603","2016-03","2","Exportaciones","as","Asia","sau","Arabia Saudita","2080440","Aguacates Frescos o Secos","2090"
"2016","201603","2016-03","2","Exportaciones","as","Asia","sgp","Singapur","2080440","Aguacates Frescos o Secos","151248"
"2016","201603","2016-03","2","Exportaciones","eu","Europa","che","Suiza","2080440","Aguacates Frescos o Secos","116476"
"2016","201603","2016-03","2","Exportaciones","eu","Europa","deu","Alemania","2080440","Aguacates Frescos o Secos","147963"
"2016","201603","2016-03","2","Exportaciones","eu","Europa","esp","España","2080440","Aguacates Frescos o Secos","2948218"
"2016","201603","2016-03","2","Exportaciones","eu","Europa","fin","Finlandia","2080440","Aguacates Frescos o Secos","522"
"2016","201603","2016-03","2","Exportaciones","eu","Europa","fra","Francia","2080440","Aguacates Frescos o Secos","2422313"
"2016","201603","2016-03","2","Exportaciones","eu","Europa","gbr","Reino Unido","2080440","Aguacates Frescos o Secos","88527"
"2016","201603","2016-03","2","Exportaciones","eu","Europa","irl","Irlanda","2080440","Aguacates Frescos o Secos","3901"
"2016","201603","2016-03","2","Exportaciones","eu","Europa","nld","Países Bajos","2080440","Aguacates Frescos o Secos","2022157"
"2016","201603","2016-03","2","Exportaciones","na","América del Norte","can","Canadá","2080440","Aguacates Frescos o Secos","8092374"
"2016","201603","2016-03","2","Exportaciones","na","América del Norte","gtm","Guatemala","2080440","Aguacates Frescos o Secos","914259"
"2016","201603","2016-03","2","Exportaciones","na","América del Norte","hnd","Honduras","2080440","Aguacates Frescos o Secos","1272424"
"2016","201603","2016-03","2","Exportaciones","na","América del Norte","pan","Panamá","2080440","Aguacates Frescos o Secos","59068"
"2016","201603","2016-03","2","Exportaciones","na","América del Norte","slv","El Salvador","2080440","Aguacates Frescos o Secos","1689316"
"2016","201603","2016-03","2","Exportaciones","na","América del Norte","usa","Estados Unidos","2080440","Aguacates Frescos o Secos","121216260"
"2016","201603","2016-03","2","Exportaciones","sa","América del Sur","arg","Argentina","2080440","Aguacates Frescos o Secos","11021"
"2016","201603","2016-03","2","Exportaciones","sa","América del Sur","chl","Chile","2080440","Aguacates Frescos o Secos","1244356"
"2016","201604","2016-04","2","Exportaciones","as","Asia","are","Emiratos Árabes Unidos","2080440","Aguacates Frescos o Secos","1987"
"2016","201604","2016-04","2","Exportaciones","as","Asia","chn","China","2080440","Aguacates Frescos o Secos","1997676"
"2016","201604","2016-04","2","Exportaciones","as","Asia","hkg","Hong Kong","2080440","Aguacates Frescos o Secos","151762"
"2016","201604","2016-04","2","Exportaciones","as","Asia","jpn","Japón","2080440","Aguacates Frescos o Secos","9486157"
"2016","201604","2016-04","2","Exportaciones","as","Asia","kor","Corea del Sur","2080440","Aguacates Frescos o Secos","53928"
"2016","201604","2016-04","2","Exportaciones","as","Asia","mys","Malasia","2080440","Aguacates Frescos o Secos","16210"
"2016","201604","2016-04","2","Exportaciones","as","Asia","sgp","Singapur","2080440","Aguacates Frescos o Secos","169208"
"2016","201604","2016-04","2","Exportaciones","eu","Europa","che","Suiza","2080440","Aguacates Frescos o Secos","114775"
"2016","201604","2016-04","2","Exportaciones","eu","Europa","deu","Alemania","2080440","Aguacates Frescos o Secos","199819"
"2016","201604","2016-04","2","Exportaciones","eu","Europa","esp","España","2080440","Aguacates Frescos o Secos","3032593"
"2016","201604","2016-04","2","Exportaciones","eu","Europa","fra","Francia","2080440","Aguacates Frescos o Secos","2594486"
"2016","201604","2016-04","2","Exportaciones","eu","Europa","gbr","Reino Unido","2080440","Aguacates Frescos o Secos","213921"
"2016","201604","2016-04","2","Exportaciones","eu","Europa","irl","Irlanda","2080440","Aguacates Frescos o Secos","3974"
"2016","201604","2016-04","2","Exportaciones","eu","Europa","ita","Italia","2080440","Aguacates Frescos o Secos","31222"
"2016","201604","2016-04","2","Exportaciones","eu","Europa","nld","Países Bajos","2080440","Aguacates Frescos o Secos","1390362"
"2016","201604","2016-04","2","Exportaciones","na","América del Norte","can","Canadá","2080440","Aguacates Frescos o Secos","9104891"
"2016","201604","2016-04","2","Exportaciones","na","América del Norte","gtm","Guatemala","2080440","Aguacates Frescos o Secos","1214035"
"2016","201604","2016-04","2","Exportaciones","na","América del Norte","hnd","Honduras","2080440","Aguacates Frescos o Secos","1346566"
"2016","201604","2016-04","2","Exportaciones","na","América del Norte","pan","Panamá","2080440","Aguacates Frescos o Secos","202985"
"2016","201604","2016-04","2","Exportaciones","na","América del Norte","slv","El Salvador","2080440","Aguacates Frescos o Secos","1035253"
"2016","201604","2016-04","2","Exportaciones","na","América del Norte","usa","Estados Unidos","2080440","Aguacates Frescos o Secos","106068988"
"2016","201604","2016-04","2","Exportaciones","sa","América del Sur","arg","Argentina","2080440","Aguacates Frescos o Secos","222407"
"2016","201604","2016-04","2","Exportaciones","sa","América del Sur","chl","Chile","2080440","Aguacates Frescos o Secos","1511981"
"2016","201605","2016-05","2","Exportaciones","as","Asia","chn","China","2080440","Aguacates Frescos o Secos","1701122"
"2016","201605","2016-05","2","Exportaciones","as","Asia","hkg","Hong Kong","2080440","Aguacates Frescos o Secos","111766"
"2016","201605","2016-05","2","Exportaciones","as","Asia","jpn","Japón","2080440","Aguacates Frescos o Secos","12116624"
"2016","201605","2016-05","2","Exportaciones","as","Asia","kor","Corea del Sur","2080440","Aguacates Frescos o Secos","53916"
"2016","201605","2016-05","2","Exportaciones","as","Asia","mys","Malasia","2080440","Aguacates Frescos o Secos","11371"
"2016","201605","2016-05","2","Exportaciones","as","Asia","sgp","Singapur","2080440","Aguacates Frescos o Secos","140953"
"2016","201605","2016-05","2","Exportaciones","eu","Europa","bel","Bélgica","2080440","Aguacates Frescos o Secos","17469"
"2016","201605","2016-05","2","Exportaciones","eu","Europa","che","Suiza","2080440","Aguacates Frescos o Secos","83246"
"2016","201605","2016-05","2","Exportaciones","eu","Europa","esp","España","2080440","Aguacates Frescos o Secos","1096350"
"2016","201605","2016-05","2","Exportaciones","eu","Europa","fra","Francia","2080440","Aguacates Frescos o Secos","1010664"
"2016","201605","2016-05","2","Exportaciones","eu","Europa","gbr","Reino Unido","2080440","Aguacates Frescos o Secos","72"
"2016","201605","2016-05","2","Exportaciones","eu","Europa","nld","Países Bajos","2080440","Aguacates Frescos o Secos","293020"
"2016","201605","2016-05","2","Exportaciones","na","América del Norte","can","Canadá","2080440","Aguacates Frescos o Secos","12830831"
"2016","201605","2016-05","2","Exportaciones","na","América del Norte","gtm","Guatemala","2080440","Aguacates Frescos o Secos","1136546"
"2016","201605","2016-05","2","Exportaciones","na","América del Norte","hnd","Honduras","2080440","Aguacates Frescos o Secos","1098377"
"2016","201605","2016-05","2","Exportaciones","na","América del Norte","pan","Panamá","2080440","Aguacates Frescos o Secos","90601"
"2016","201605","2016-05","2","Exportaciones","na","América del Norte","slv","El Salvador","2080440","Aguacates Frescos o Secos","923082"
"2016","201605","2016-05","2","Exportaciones","na","América del Norte","usa","Estados Unidos","2080440","Aguacates Frescos o Secos","145261773"
"2016","201605","2016-05","2","Exportaciones","sa","América del Sur","arg","Argentina","2080440","Aguacates Frescos o Secos","28432"
"2016","201605","2016-05","2","Exportaciones","sa","América del Sur","chl","Chile","2080440","Aguacates Frescos o Secos","698751"
"2016","201606","2016-06","2","Exportaciones","as","Asia","are","Emiratos Árabes Unidos","2080440","Aguacates Frescos o Secos","227"
"2016","201606","2016-06","2","Exportaciones","as","Asia","chn","China","2080440","Aguacates Frescos o Secos","885487"
"2016","201606","2016-06","2","Exportaciones","as","Asia","hkg","Hong Kong","2080440","Aguacates Frescos o Secos","510624"
"2016","201606","2016-06","2","Exportaciones","as","Asia","jpn","Japón","2080440","Aguacates Frescos o Secos","17089472"
"2016","201606","2016-06","2","Exportaciones","as","Asia","kor","Corea del Sur","2080440","Aguacates Frescos o Secos","59115"
"2016","201606","2016-06","2","Exportaciones","as","Asia","sgp","Singapur","2080440","Aguacates Frescos o Secos","44415"
"2016","201606","2016-06","2","Exportaciones","eu","Europa","esp","España","2080440","Aguacates Frescos o Secos","116841"
"2016","201606","2016-06","2","Exportaciones","eu","Europa","gbr","Reino Unido","2080440","Aguacates Frescos o Secos","112"
"2016","201606","2016-06","2","Exportaciones","eu","Europa","nld","Países Bajos","2080440","Aguacates Frescos o Secos","344311"
"2016","201606","2016-06","2","Exportaciones","na","América del Norte","can","Canadá","2080440","Aguacates Frescos o Secos","12248200"
"2016","201606","2016-06","2","Exportaciones","na","América del Norte","gtm","Guatemala","2080440","Aguacates Frescos o Secos","669521"
"2016","201606","2016-06","2","Exportaciones","na","América del Norte","hnd","Honduras","2080440","Aguacates Frescos o Secos","418910"
"2016","201606","2016-06","2","Exportaciones","na","América del Norte","pan","Panamá","2080440","Aguacates Frescos o Secos","53265"
"2016","201606","2016-06","2","Exportaciones","na","América del Norte","slv","El Salvador","2080440","Aguacates Frescos o Secos","613877"
"2016","201606","2016-06","2","Exportaciones","na","América del Norte","usa","Estados Unidos","2080440","Aguacates Frescos o Secos","91356187"
"2016","201606","2016-06","2","Exportaciones","sa","América del Sur","arg","Argentina","2080440","Aguacates Frescos o Secos","60727"
"2016","201607","2016-07","2","Exportaciones","as","Asia","are","Emiratos Árabes Unidos","2080440","Aguacates Frescos o Secos","36043"
"2016","201607","2016-07","2","Exportaciones","as","Asia","chn","China","2080440","Aguacates Frescos o Secos","5647660"
"2016","201607","2016-07","2","Exportaciones","as","Asia","hkg","Hong Kong","2080440","Aguacates Frescos o Secos","554321"
"2016","201607","2016-07","2","Exportaciones","as","Asia","jpn","Japón","2080440","Aguacates Frescos o Secos","16830646"
"2016","201607","2016-07","2","Exportaciones","as","Asia","kor","Corea del Sur","2080440","Aguacates Frescos o Secos","100255"
"2016","201607","2016-07","2","Exportaciones","eu","Europa","che","Suiza","2080440","Aguacates Frescos o Secos","66832"
"2016","201607","2016-07","2","Exportaciones","eu","Europa","deu","Alemania","2080440","Aguacates Frescos o Secos","949016"
"2016","201607","2016-07","2","Exportaciones","eu","Europa","esp","España","2080440","Aguacates Frescos o Secos","1646903"
"2016","201607","2016-07","2","Exportaciones","eu","Europa","fra","Francia","2080440","Aguacates Frescos o Secos","883703"
"2016","201607","2016-07","2","Exportaciones","eu","Europa","gbr","Reino Unido","2080440","Aguacates Frescos o Secos","447486"
"2016","201607","2016-07","2","Exportaciones","eu","Europa","nld","Países Bajos","2080440","Aguacates Frescos o Secos","4662990"
"2016","201607","2016-07","2","Exportaciones","na","América del Norte","can","Canadá","2080440","Aguacates Frescos o Secos","14544802"
"2016","201607","2016-07","2","Exportaciones","na","América del Norte","gtm","Guatemala","2080440","Aguacates Frescos o Secos","1309138"
"2016","201607","2016-07","2","Exportaciones","na","América del Norte","hnd","Honduras","2080440","Aguacates Frescos o Secos","502823"
"2016","201607","2016-07","2","Exportaciones","na","América del Norte","pan","Panamá","2080440","Aguacates Frescos o Secos","63288"
"2016","201607","2016-07","2","Exportaciones","na","América del Norte","slv","El Salvador","2080440","Aguacates Frescos o Secos","1435752"
"2016","201607","2016-07","2","Exportaciones","na","América del Norte","usa","Estados Unidos","2080440","Aguacates Frescos o Secos","134276227"
"2016","201608","2016-08","2","Exportaciones","as","Asia","are","Emiratos Árabes Unidos","2080440","Aguacates Frescos o Secos","116378"
"2016","201608","2016-08","2","Exportaciones","as","Asia","chn","China","2080440","Aguacates Frescos o Secos","4541348"
"2016","201608","2016-08","2","Exportaciones","as","Asia","hkg","Hong Kong","2080440","Aguacates Frescos o Secos","680551"
"2016","201608","2016-08","2","Exportaciones","as","Asia","jpn","Japón","2080440","Aguacates Frescos o Secos","15985974"
"2016","201608","2016-08","2","Exportaciones","as","Asia","kor","Corea del Sur","2080440","Aguacates Frescos o Secos","60663"
"2016","201608","2016-08","2","Exportaciones","as","Asia","kwt","Kuwait","2080440","Aguacates Frescos o Secos","16358"
"2016","201608","2016-08","2","Exportaciones","as","Asia","sau","Arabia Saudita","2080440","Aguacates Frescos o Secos","9306"
"2016","201608","2016-08","2","Exportaciones","as","Asia","sgp","Singapur","2080440","Aguacates Frescos o Secos","257620"
"2016","201608","2016-08","2","Exportaciones","eu","Europa","bel","Bélgica","2080440","Aguacates Frescos o Secos","60663"
"2016","201608","2016-08","2","Exportaciones","eu","Europa","che","Suiza","2080440","Aguacates Frescos o Secos","312828"
"2016","201608","2016-08","2","Exportaciones","eu","Europa","deu","Alemania","2080440","Aguacates Frescos o Secos","1235511"
"2016","201608","2016-08","2","Exportaciones","eu","Europa","esp","España","2080440","Aguacates Frescos o Secos","6286879"
"2016","201608","2016-08","2","Exportaciones","eu","Europa","fra","Francia","2080440","Aguacates Frescos o Secos","2865113"
"2016","201608","2016-08","2","Exportaciones","eu","Europa","gbr","Reino Unido","2080440","Aguacates Frescos o Secos","852097"
"2016","201608","2016-08","2","Exportaciones","eu","Europa","irl","Irlanda","2080440","Aguacates Frescos o Secos","37225"
"2016","201608","2016-08","2","Exportaciones","eu","Europa","nld","Países Bajos","2080440","Aguacates Frescos o Secos","5088124"
"2016","201608","2016-08","2","Exportaciones","na","América del Norte","can","Canadá","2080440","Aguacates Frescos o Secos","14048273"
"2016","201608","2016-08","2","Exportaciones","na","América del Norte","gtm","Guatemala","2080440","Aguacates Frescos o Secos","746453"
"2016","201608","2016-08","2","Exportaciones","na","América del Norte","hnd","Honduras","2080440","Aguacates Frescos o Secos","590637"
"2016","201608","2016-08","2","Exportaciones","na","América del Norte","pan","Panamá","2080440","Aguacates Frescos o Secos","2872"
"2016","201608","2016-08","2","Exportaciones","na","América del Norte","slv","El Salvador","2080440","Aguacates Frescos o Secos","1945983"
"2016","201608","2016-08","2","Exportaciones","na","América del Norte","usa","Estados Unidos","2080440","Aguacates Frescos o Secos","127152896"
"2016","201609","2016-09","2","Exportaciones","as","Asia","are","Emiratos Árabes Unidos","2080440","Aguacates Frescos o Secos","296630"
"2016","201609","2016-09","2","Exportaciones","as","Asia","bhr","Bahrein","2080440","Aguacates Frescos o Secos","22338"
"2016","201609","2016-09","2","Exportaciones","as","Asia","chn","China","2080440","Aguacates Frescos o Secos","1276335"
"2016","201609","2016-09","2","Exportaciones","as","Asia","hkg","Hong Kong","2080440","Aguacates Frescos o Secos","514956"
"2016","201609","2016-09","2","Exportaciones","as","Asia","jpn","Japón","2080440","Aguacates Frescos o Secos","19612981"
"2016","201609","2016-09","2","Exportaciones","as","Asia","kor","Corea del Sur","2080440","Aguacates Frescos o Secos","74559"
"2016","201609","2016-09","2","Exportaciones","as","Asia","kwt","Kuwait","2080440","Aguacates Frescos o Secos","45234"
"2016","201609","2016-09","2","Exportaciones","as","Asia","sau","Arabia Saudita","2080440","Aguacates Frescos o Secos","16520"
"2016","201609","2016-09","2","Exportaciones","as","Asia","sgp","Singapur","2080440","Aguacates Frescos o Secos","236710"
"2016","201609","2016-09","2","Exportaciones","eu","Europa","bel","Bélgica","2080440","Aguacates Frescos o Secos","7201"
"2016","201609","2016-09","2","Exportaciones","eu","Europa","che","Suiza","2080440","Aguacates Frescos o Secos","223661"
"2016","201609","2016-09","2","Exportaciones","eu","Europa","deu","Alemania","2080440","Aguacates Frescos o Secos","76492"
"2016","201609","2016-09","2","Exportaciones","eu","Europa","esp","España","2080440","Aguacates Frescos o Secos","5545582"
"2016","201609","2016-09","2","Exportaciones","eu","Europa","fra","Francia","2080440","Aguacates Frescos o Secos","4552128"
"2016","201609","2016-09","2","Exportaciones","eu","Europa","gbr","Reino Unido","2080440","Aguacates Frescos o Secos","241998"
"2016","201609","2016-09","2","Exportaciones","eu","Europa","nld","Países Bajos","2080440","Aguacates Frescos o Secos","2929791"
"2016","201609","2016-09","2","Exportaciones","eu","Europa","rus","Rusia","2080440","Aguacates Frescos o Secos","42"
"2016","201609","2016-09","2","Exportaciones","na","América del Norte","can","Canadá","2080440","Aguacates Frescos o Secos","19970985"
"2016","201609","2016-09","2","Exportaciones","na","América del Norte","gtm","Guatemala","2080440","Aguacates Frescos o Secos","1202036"
"2016","201609","2016-09","2","Exportaciones","na","América del Norte","hnd","Honduras","2080440","Aguacates Frescos o Secos","1291669"
"2016","201609","2016-09","2","Exportaciones","na","América del Norte","slv","El Salvador","2080440","Aguacates Frescos o Secos","2625543"
"2016","201609","2016-09","2","Exportaciones","na","América del Norte","usa","Estados Unidos","2080440","Aguacates Frescos o Secos","231294442"
"2016","201610","2016-10","2","Exportaciones","as","Asia","are","Emiratos Árabes Unidos","2080440","Aguacates Frescos o Secos","491654"
"2016","201610","2016-10","2","Exportaciones","as","Asia","bhr","Bahrein","2080440","Aguacates Frescos o Secos","59497"
"2016","201610","2016-10","2","Exportaciones","as","Asia","chn","China","2080440","Aguacates Frescos o Secos","1134522"
"2016","201610","2016-10","2","Exportaciones","as","Asia","hkg","Hong Kong","2080440","Aguacates Frescos o Secos","763311"
"2016","201610","2016-10","2","Exportaciones","as","Asia","jpn","Japón","2080440","Aguacates Frescos o Secos","21574027"
"2016","201610","2016-10","2","Exportaciones","as","Asia","kor","Corea del Sur","2080440","Aguacates Frescos o Secos","102379"
"2016","201610","2016-10","2","Exportaciones","as","Asia","kwt","Kuwait","2080440","Aguacates Frescos o Secos","194789"
"2016","201610","2016-10","2","Exportaciones","as","Asia","mys","Malasia","2080440","Aguacates Frescos o Secos","62511"
"2016","201610","2016-10","2","Exportaciones","as","Asia","sau","Arabia Saudita","2080440","Aguacates Frescos o Secos","57217"
"2016","201610","2016-10","2","Exportaciones","as","Asia","sgp","Singapur","2080440","Aguacates Frescos o Secos","603430"
"2016","201610","2016-10","2","Exportaciones","eu","Europa","che","Suiza","2080440","Aguacates Frescos o Secos","155333"
"2016","201610","2016-10","2","Exportaciones","eu","Europa","deu","Alemania","2080440","Aguacates Frescos o Secos","2240"
"2016","201610","2016-10","2","Exportaciones","eu","Europa","esp","España","2080440","Aguacates Frescos o Secos","6802173"
"2016","201610","2016-10","2","Exportaciones","eu","Europa","fra","Francia","2080440","Aguacates Frescos o Secos","6801974"
"2016","201610","2016-10","2","Exportaciones","eu","Europa","gbr","Reino Unido","2080440","Aguacates Frescos o Secos","147"
"2016","201610","2016-10","2","Exportaciones","eu","Europa","nld","Países Bajos","2080440","Aguacates Frescos o Secos","2080571"
"2016","201610","2016-10","2","Exportaciones","eu","Europa","prt","Portugal","2080440","Aguacates Frescos o Secos","12356"
"2016","201610","2016-10","2","Exportaciones","na","América del Norte","can","Canadá","2080440","Aguacates Frescos o Secos","20012266"
"2016","201610","2016-10","2","Exportaciones","na","América del Norte","gtm","Guatemala","2080440","Aguacates Frescos o Secos","710989"
"2016","201610","2016-10","2","Exportaciones","na","América del Norte","hnd","Honduras","2080440","Aguacates Frescos o Secos","1086628"
"2016","201610","2016-10","2","Exportaciones","na","América del Norte","pan","Panamá","2080440","Aguacates Frescos o Secos","36774"
"2016","201610","2016-10","2","Exportaciones","na","América del Norte","slv","El Salvador","2080440","Aguacates Frescos o Secos","2553734"
"2016","201610","2016-10","2","Exportaciones","na","América del Norte","usa","Estados Unidos","2080440","Aguacates Frescos o Secos","178627100"
"2016","201611","2016-11","2","Exportaciones","as","Asia","are","Emiratos Árabes Unidos","2080440","Aguacates Frescos o Secos","220179"
"2016","201611","2016-11","2","Exportaciones","as","Asia","bhr","Bahrein","2080440","Aguacates Frescos o Secos","57356"
"2016","201611","2016-11","2","Exportaciones","as","Asia","chn","China","2080440","Aguacates Frescos o Secos","1230597"
"2016","201611","2016-11","2","Exportaciones","as","Asia","hkg","Hong Kong","2080440","Aguacates Frescos o Secos","606044"
"2016","201611","2016-11","2","Exportaciones","as","Asia","jpn","Japón","2080440","Aguacates Frescos o Secos","14245291"
"2016","201611","2016-11","2","Exportaciones","as","Asia","kor","Corea del Sur","2080440","Aguacates Frescos o Secos","57129"
"2016","201611","2016-11","2","Exportaciones","as","Asia","kwt","Kuwait","2080440","Aguacates Frescos o Secos","127226"
"2016","201611","2016-11","2","Exportaciones","as","Asia","mys","Malasia","2080440","Aguacates Frescos o Secos","30086"
"2016","201611","2016-11","2","Exportaciones","as","Asia","sau","Arabia Saudita","2080440","Aguacates Frescos o Secos","19181"
"2016","201611","2016-11","2","Exportaciones","as","Asia","sgp","Singapur","2080440","Aguacates Frescos o Secos","373751"
"2016","201611","2016-11","2","Exportaciones","eu","Europa","che","Suiza","2080440","Aguacates Frescos o Secos","202921"
"2016","201611","2016-11","2","Exportaciones","eu","Europa","esp","España","2080440","Aguacates Frescos o Secos","2150684"
"2016","201611","2016-11","2","Exportaciones","eu","Europa","fra","Francia","2080440","Aguacates Frescos o Secos","5674063"
"2016","201611","2016-11","2","Exportaciones","eu","Europa","gbr","Reino Unido","2080440","Aguacates Frescos o Secos","192"
"2016","201611","2016-11","2","Exportaciones","eu","Europa","nld","Países Bajos","2080440","Aguacates Frescos o Secos","3155239"
"2016","201611","2016-11","2","Exportaciones","na","América del Norte","can","Canadá","2080440","Aguacates Frescos o Secos","14097664"
"2016","201611","2016-11","2","Exportaciones","na","América del Norte","gtm","Guatemala","2080440","Aguacates Frescos o Secos","627285"
"2016","201611","2016-11","2","Exportaciones","na","América del Norte","hnd","Honduras","2080440","Aguacates Frescos o Secos","1588894"
"2016","201611","2016-11","2","Exportaciones","na","América del Norte","slv","El Salvador","2080440","Aguacates Frescos o Secos","2745246"
"2016","201611","2016-11","2","Exportaciones","na","América del Norte","usa","Estados Unidos","2080440","Aguacates Frescos o Secos","163433751"
"2016","201611","2016-11","2","Exportaciones","sa","América del Sur","arg","Argentina","2080440","Aguacates Frescos o Secos","6080"
"2016","201612","2016-12","2","Exportaciones","as","Asia","are","Emiratos Árabes Unidos","2080440","Aguacates Frescos o Secos","154309"
"2016","201612","2016-12","2","Exportaciones","as","Asia","bhr","Bahrein","2080440","Aguacates Frescos o Secos","26934"
"2016","201612","2016-12","2","Exportaciones","as","Asia","chn","China","2080440","Aguacates Frescos o Secos","1680000"
"2016","201612","2016-12","2","Exportaciones","as","Asia","hkg","Hong Kong","2080440","Aguacates Frescos o Secos","443745"
"2016","201612","2016-12","2","Exportaciones","as","Asia","jpn","Japón","2080440","Aguacates Frescos o Secos","9977578"
"2016","201612","2016-12","2","Exportaciones","as","Asia","kor","Corea del Sur","2080440","Aguacates Frescos o Secos","233424"
"2016","201612","2016-12","2","Exportaciones","as","Asia","kwt","Kuwait","2080440","Aguacates Frescos o Secos","51894"
"2016","201612","2016-12","2","Exportaciones","as","Asia","mys","Malasia","2080440","Aguacates Frescos o Secos","39636"
"2016","201612","2016-12","2","Exportaciones","as","Asia","qat","Katar","2080440","Aguacates Frescos o Secos","2660"
"2016","201612","2016-12","2","Exportaciones","as","Asia","sau","Arabia Saudita","2080440","Aguacates Frescos o Secos","7196"
"2016","201612","2016-12","2","Exportaciones","as","Asia","sgp","Singapur","2080440","Aguacates Frescos o Secos","353667"
"2016","201612","2016-12","2","Exportaciones","eu","Europa","che","Suiza","2080440","Aguacates Frescos o Secos","44392"
"2016","201612","2016-12","2","Exportaciones","eu","Europa","deu","Alemania","2080440","Aguacates Frescos o Secos","39041"
"2016","201612","2016-12","2","Exportaciones","eu","Europa","esp","España","2080440","Aguacates Frescos o Secos","708456"
"2016","201612","2016-12","2","Exportaciones","eu","Europa","fra","Francia","2080440","Aguacates Frescos o Secos","2586674"
"2016","201612","2016-12","2","Exportaciones","eu","Europa","gbr","Reino Unido","2080440","Aguacates Frescos o Secos","480242"
"2016","201612","2016-12","2","Exportaciones","eu","Europa","nld","Países Bajos","2080440","Aguacates Frescos o Secos","2940839"
"2016","201612","2016-12","2","Exportaciones","na","América del Norte","can","Canadá","2080440","Aguacates Frescos o Secos","10429175"
"2016","201612","2016-12","2","Exportaciones","na","América del Norte","gtm","Guatemala","2080440","Aguacates Frescos o Secos","452421"
"2016","201612","2016-12","2","Exportaciones","na","América del Norte","hnd","Honduras","2080440","Aguacates Frescos o Secos","1422415"
"2016","201612","2016-12","2","Exportaciones","na","América del Norte","slv","El Salvador","2080440","Aguacates Frescos o Secos","2249082"
"2016","201612","2016-12","2","Exportaciones","na","América del Norte","usa","Estados Unidos","2080440","Aguacates Frescos o Secos","158043450"
"2017","201701","2017-01","2","Exportaciones","as","Asia","are","Emiratos Árabes Unidos","2080440","Aguacates Frescos o Secos","234334"
"2017","201701","2017-01","2","Exportaciones","as","Asia","bhr","Bahrein","2080440","Aguacates Frescos o Secos","30564"
"2017","201701","2017-01","2","Exportaciones","as","Asia","chn","China","2080440","Aguacates Frescos o Secos","370487"
"2017","201701","2017-01","2","Exportaciones","as","Asia","hkg","Hong Kong","2080440","Aguacates Frescos o Secos","356691"
"2017","201701","2017-01","2","Exportaciones","as","Asia","jpn","Japón","2080440","Aguacates Frescos o Secos","11209623"
"2017","201701","2017-01","2","Exportaciones","as","Asia","kor","Corea del Sur","2080440","Aguacates Frescos o Secos","171810"
"2017","201701","2017-01","2","Exportaciones","as","Asia","kwt","Kuwait","2080440","Aguacates Frescos o Secos","62457"
"2017","201701","2017-01","2","Exportaciones","as","Asia","mys","Malasia","2080440","Aguacates Frescos o Secos","13855"
"2017","201701","2017-01","2","Exportaciones","as","Asia","qat","Katar","2080440","Aguacates Frescos o Secos","3058"
"2017","201701","2017-01","2","Exportaciones","as","Asia","sau","Arabia Saudita","2080440","Aguacates Frescos o Secos","45548"
"2017","201701","2017-01","2","Exportaciones","as","Asia","sgp","Singapur","2080440","Aguacates Frescos o Secos","141869"
"2017","201701","2017-01","2","Exportaciones","eu","Europa","deu","Alemania","2080440","Aguacates Frescos o Secos","2638"
"2017","201701","2017-01","2","Exportaciones","eu","Europa","esp","España","2080440","Aguacates Frescos o Secos","2235997"
"2017","201701","2017-01","2","Exportaciones","eu","Europa","fra","Francia","2080440","Aguacates Frescos o Secos","2809410"
"2017","201701","2017-01","2","Exportaciones","eu","Europa","gbr","Reino Unido","2080440","Aguacates Frescos o Secos","290795"
"2017","201701","2017-01","2","Exportaciones","eu","Europa","nld","Países Bajos","2080440","Aguacates Frescos o Secos","2158976"
"2017","201701","2017-01","2","Exportaciones","na","América del Norte","can","Canadá","2080440","Aguacates Frescos o Secos","14849082"
"2017","201701","2017-01","2","Exportaciones","na","América del Norte","gtm","Guatemala","2080440","Aguacates Frescos o Secos","363708"
"2017","201701","2017-01","2","Exportaciones","na","América del Norte","hnd","Honduras","2080440","Aguacates Frescos o Secos","1759924"
"2017","201701","2017-01","2","Exportaciones","na","América del Norte","slv","El Salvador","2080440","Aguacates Frescos o Secos","3099043"
"2017","201701","2017-01","2","Exportaciones","na","América del Norte","usa","Estados Unidos","2080440","Aguacates Frescos o Secos","172829001"
"2017","201701","2017-01","2","Exportaciones","sa","América del Sur","arg","Argentina","2080440","Aguacates Frescos o Secos","144332"
"2017","201702","2017-02","2","Exportaciones","as","Asia","are","Emiratos Árabes Unidos","2080440","Aguacates Frescos o Secos","150614"
"2017","201702","2017-02","2","Exportaciones","as","Asia","bhr","Bahrein","2080440","Aguacates Frescos o Secos","35086"
"2017","201702","2017-02","2","Exportaciones","as","Asia","chn","China","2080440","Aguacates Frescos o Secos","1219668"
"2017","201702","2017-02","2","Exportaciones","as","Asia","hkg","Hong Kong","2080440","Aguacates Frescos o Secos","426088"
"2017","201702","2017-02","2","Exportaciones","as","Asia","jpn","Japón","2080440","Aguacates Frescos o Secos","12404859"
"2017","201702","2017-02","2","Exportaciones","as","Asia","kor","Corea del Sur","2080440","Aguacates Frescos o Secos","184755"
"2017","201702","2017-02","2","Exportaciones","as","Asia","kwt","Kuwait","2080440","Aguacates Frescos o Secos","65156"
"2017","201702","2017-02","2","Exportaciones","as","Asia","mys","Malasia","2080440","Aguacates Frescos o Secos","34035"
"2017","201702","2017-02","2","Exportaciones","as","Asia","qat","Katar","2080440","Aguacates Frescos o Secos","3691"
"2017","201702","2017-02","2","Exportaciones","as","Asia","sau","Arabia Saudita","2080440","Aguacates Frescos o Secos","41798"
"2017","201702","2017-02","2","Exportaciones","as","Asia","sgp","Singapur","2080440","Aguacates Frescos o Secos","430339"
"2017","201702","2017-02","2","Exportaciones","eu","Europa","che","Suiza","2080440","Aguacates Frescos o Secos","54758"
"2017","201702","2017-02","2","Exportaciones","eu","Europa","deu","Alemania","2080440","Aguacates Frescos o Secos","165668"
"2017","201702","2017-02","2","Exportaciones","eu","Europa","esp","España","2080440","Aguacates Frescos o Secos","2261768"
"2017","201702","2017-02","2","Exportaciones","eu","Europa","fra","Francia","2080440","Aguacates Frescos o Secos","3939488"
"2017","201702","2017-02","2","Exportaciones","eu","Europa","gbr","Reino Unido","2080440","Aguacates Frescos o Secos","319338"
"2017","201702","2017-02","2","Exportaciones","eu","Europa","nld","Países Bajos","2080440","Aguacates Frescos o Secos","1726694"
"2017","201702","2017-02","2","Exportaciones","eu","Europa","rus","Rusia","2080440","Aguacates Frescos o Secos","6948"
"2017","201702","2017-02","2","Exportaciones","na","América del Norte","can","Canadá","2080440","Aguacates Frescos o Secos","15028692"
"2017","201702","2017-02","2","Exportaciones","na","América del Norte","gtm","Guatemala","2080440","Aguacates Frescos o Secos","384860"
"2017","201702","2017-02","2","Exportaciones","na","América del Norte","hnd","Honduras","2080440","Aguacates Frescos o Secos","1887029"
"2017","201702","2017-02","2","Exportaciones","na","América del Norte","slv","El Salvador","2080440","Aguacates Frescos o Secos","2798846"
"2017","201702","2017-02","2","Exportaciones","na","América del Norte","usa","Estados Unidos","2080440","Aguacates Frescos o Secos","161032695"
"2017","201702","2017-02","2","Exportaciones","oc","Oceanía","nzl","Nueva Zelandia","2080440","Aguacates Frescos o Secos","6324"
"2017","201702","2017-02","2","Exportaciones","sa","América del Sur","arg","Argentina","2080440","Aguacates Frescos o Secos","116153"
"2017","201702","2017-02","2","Exportaciones","sa","América del Sur","chl","Chile","2080440","Aguacates Frescos o Secos","186674"
"2017","201703","2017-03","2","Exportaciones","as","Asia","are","Emiratos Árabes Unidos","2080440","Aguacates Frescos o Secos","128014"
"2017","201703","2017-03","2","Exportaciones","as","Asia","bhr","Bahrein","2080440","Aguacates Frescos o Secos","34485"
"2017","201703","2017-03","2","Exportaciones","as","Asia","chn","China","2080440","Aguacates Frescos o Secos","3522345"
"2017","201703","2017-03","2","Exportaciones","as","Asia","hkg","Hong Kong","2080440","Aguacates Frescos o Secos","315658"
"2017","201703","2017-03","2","Exportaciones","as","Asia","jpn","Japón","2080440","Aguacates Frescos o Secos","19687357"
"2017","201703","2017-03","2","Exportaciones","as","Asia","kor","Corea del Sur","2080440","Aguacates Frescos o Secos","224032"
"2017","201703","2017-03","2","Exportaciones","as","Asia","kwt","Kuwait","2080440","Aguacates Frescos o Secos","165743"
"2017","201703","2017-03","2","Exportaciones","as","Asia","mys","Malasia","2080440","Aguacates Frescos o Secos","34485"
"2017","201703","2017-03","2","Exportaciones","as","Asia","qat","Katar","2080440","Aguacates Frescos o Secos","11248"
"2017","201703","2017-03","2","Exportaciones","as","Asia","sau","Arabia Saudita","2080440","Aguacates Frescos o Secos","12546"
"2017","201703","2017-03","2","Exportaciones","as","Asia","sgp","Singapur","2080440","Aguacates Frescos o Secos","409984"
"2017","201703","2017-03","2","Exportaciones","eu","Europa","deu","Alemania","2080440","Aguacates Frescos o Secos","573553"
"2017","201703","2017-03","2","Exportaciones","eu","Europa","esp","España","2080440","Aguacates Frescos o Secos","554997"
"2017","201703","2017-03","2","Exportaciones","eu","Europa","fra","Francia","2080440","Aguacates Frescos o Secos","3045547"
"2017","201703","2017-03","2","Exportaciones","eu","Europa","gbr","Reino Unido","2080440","Aguacates Frescos o Secos","263173"
"2017","201703","2017-03","2","Exportaciones","eu","Europa","nld","Países Bajos","2080440","Aguacates Frescos o Secos","896553"
"2017","201703","2017-03","2","Exportaciones","na","América del Norte","can","Canadá","2080440","Aguacates Frescos o Secos","20976956"
"2017","201703","2017-03","2","Exportaciones","na","América del Norte","gtm","Guatemala","2080440","Aguacates Frescos o Secos","184162"
"2017","201703","2017-03","2","Exportaciones","na","América del Norte","hnd","Honduras","2080440","Aguacates Frescos o Secos","1737436"
"2017","201703","2017-03","2","Exportaciones","na","América del Norte","slv","El Salvador","2080440","Aguacates Frescos o Secos","2138634"
"2017","201703","2017-03","2","Exportaciones","na","América del Norte","usa","Estados Unidos","2080440","Aguacates Frescos o Secos","213246603"
"2017","201703","2017-03","2","Exportaciones","oc","Oceanía","nzl","Nueva Zelandia","2080440","Aguacates Frescos o Secos","35178"
"2017","201703","2017-03","2","Exportaciones","sa","América del Sur","arg","Argentina","2080440","Aguacates Frescos o Secos","1025200"
"2017","201703","2017-03","2","Exportaciones","sa","América del Sur","chl","Chile","2080440","Aguacates Frescos o Secos","281971"
"2017","201704","2017-04","2","Exportaciones","as","Asia","are","Emiratos Árabes Unidos","2080440","Aguacates Frescos o Secos","113901"
"2017","201704","2017-04","2","Exportaciones","as","Asia","bhr","Bahrein","2080440","Aguacates Frescos o Secos","16176"
"2017","201704","2017-04","2","Exportaciones","as","Asia","chn","China","2080440","Aguacates Frescos o Secos","1864571"
"2017","201704","2017-04","2","Exportaciones","as","Asia","hkg","Hong Kong","2080440","Aguacates Frescos o Secos","59659"
"2017","201704","2017-04","2","Exportaciones","as","Asia","jpn","Japón","2080440","Aguacates Frescos o Secos","14653011"
"2017","201704","2017-04","2","Exportaciones","as","Asia","kor","Corea del Sur","2080440","Aguacates Frescos o Secos","61188"
"2017","201704","2017-04","2","Exportaciones","as","Asia","kwt","Kuwait","2080440","Aguacates Frescos o Secos","82330"
"2017","201704","2017-04","2","Exportaciones","as","Asia","mys","Malasia","2080440","Aguacates Frescos o Secos","7853"
"2017","201704","2017-04","2","Exportaciones","as","Asia","sgp","Singapur","2080440","Aguacates Frescos o Secos","209571"
"2017","201704","2017-04","2","Exportaciones","eu","Europa","deu","Alemania","2080440","Aguacates Frescos o Secos","134615"
"2017","201704","2017-04","2","Exportaciones","eu","Europa","esp","España","2080440","Aguacates Frescos o Secos","26269"
"2017","201704","2017-04","2","Exportaciones","eu","Europa","fra","Francia","2080440","Aguacates Frescos o Secos","1256811"
"2017","201704","2017-04","2","Exportaciones","eu","Europa","gbr","Reino Unido","2080440","Aguacates Frescos o Secos","217"
"2017","201704","2017-04","2","Exportaciones","eu","Europa","nld","Países Bajos","2080440","Aguacates Frescos o Secos","613729"
"2017","201704","2017-04","2","Exportaciones","na","América del Norte","can","Canadá","2080440","Aguacates Frescos o Secos","16146185"
"2017","201704","2017-04","2","Exportaciones","na","América del Norte","gtm","Guatemala","2080440","Aguacates Frescos o Secos","66606"
"2017","201704","2017-04","2","Exportaciones","na","América del Norte","hnd","Honduras","2080440","Aguacates Frescos o Secos","715370"
"2017","201704","2017-04","2","Exportaciones","na","América del Norte","slv","El Salvador","2080440","Aguacates Frescos o Secos","1241425"
"2017","201704","2017-04","2","Exportaciones","na","América del Norte","usa","Estados Unidos","2080440","Aguacates Frescos o Secos","193171250"
"2017","201704","2017-04","2","Exportaciones","oc","Oceanía","nzl","Nueva Zelandia","2080440","Aguacates Frescos o Secos","36501"
"2017","201704","2017-04","2","Exportaciones","sa","América del Sur","arg","Argentina","2080440","Aguacates Frescos o Secos","290645"
"2017","201704","2017-04","2","Exportaciones","sa","América del Sur","chl","Chile","2080440","Aguacates Frescos o Secos","153002"
"2017","201705","2017-05","2","Exportaciones","as","Asia","are","Emiratos Árabes Unidos","2080440","Aguacates Frescos o Secos","100725"
"2017","201705","2017-05","2","Exportaciones","as","Asia","bhr","Bahrein","2080440","Aguacates Frescos o Secos","23351"
"2017","201705","2017-05","2","Exportaciones","as","Asia","chn","China","2080440","Aguacates Frescos o Secos","1303666"
"2017","201705","2017-05","2","Exportaciones","as","Asia","hkg","Hong Kong","2080440","Aguacates Frescos o Secos","124936"
"2017","201705","2017-05","2","Exportaciones","as","Asia","jpn","Japón","2080440","Aguacates Frescos o Secos","13908882"
"2017","201705","2017-05","2","Exportaciones","as","Asia","kwt","Kuwait","2080440","Aguacates Frescos o Secos","31741"
"2017","201705","2017-05","2","Exportaciones","as","Asia","mys","Malasia","2080440","Aguacates Frescos o Secos","8384"
"2017","201705","2017-05","2","Exportaciones","as","Asia","sau","Arabia Saudita","2080440","Aguacates Frescos o Secos","11247"
"2017","201705","2017-05","2","Exportaciones","as","Asia","sgp","Singapur","2080440","Aguacates Frescos o Secos","161178"
"2017","201705","2017-05","2","Exportaciones","eu","Europa","deu","Alemania","2080440","Aguacates Frescos o Secos","53"
"2017","201705","2017-05","2","Exportaciones","eu","Europa","esp","España","2080440","Aguacates Frescos o Secos","11129"
"2017","201705","2017-05","2","Exportaciones","eu","Europa","gbr","Reino Unido","2080440","Aguacates Frescos o Secos","378"
"2017","201705","2017-05","2","Exportaciones","na","América del Norte","can","Canadá","2080440","Aguacates Frescos o Secos","28786560"
"2017","201705","2017-05","2","Exportaciones","na","América del Norte","gtm","Guatemala","2080440","Aguacates Frescos o Secos","158986"
"2017","201705","2017-05","2","Exportaciones","na","América del Norte","hnd","Honduras","2080440","Aguacates Frescos o Secos","222977"
"2017","201705","2017-05","2","Exportaciones","na","América del Norte","slv","El Salvador","2080440","Aguacates Frescos o Secos","762866"
"2017","201705","2017-05","2","Exportaciones","na","América del Norte","usa","Estados Unidos","2080440","Aguacates Frescos o Secos","207061061"
"2017","201705","2017-05","2","Exportaciones","oc","Oceanía","nzl","Nueva Zelandia","2080440","Aguacates Frescos o Secos","35921"
"2017","201706","2017-06","2","Exportaciones","as","Asia","are","Emiratos Árabes Unidos","2080440","Aguacates Frescos o Secos","78985"
"2017","201706","2017-06","2","Exportaciones","as","Asia","bhr","Bahrein","2080440","Aguacates Frescos o Secos","24111"
"2017","201706","2017-06","2","Exportaciones","as","Asia","chn","China","2080440","Aguacates Frescos o Secos","714379"
"2017","201706","2017-06","2","Exportaciones","as","Asia","hkg","Hong Kong","2080440","Aguacates Frescos o Secos","176827"
"2017","201706","2017-06","2","Exportaciones","as","Asia","jpn","Japón","2080440","Aguacates Frescos o Secos","12224903"
"2017","201706","2017-06","2","Exportaciones","as","Asia","kor","Corea del Sur","2080440","Aguacates Frescos o Secos","42011"
"2017","201706","2017-06","2","Exportaciones","as","Asia","kwt","Kuwait","2080440","Aguacates Frescos o Secos","14779"
"2017","201706","2017-06","2","Exportaciones","as","Asia","sgp","Singapur","2080440","Aguacates Frescos o Secos","368076"
"2017","201706","2017-06","2","Exportaciones","eu","Europa","esp","España","2080440","Aguacates Frescos o Secos","40949"
"2017","201706","2017-06","2","Exportaciones","eu","Europa","gbr","Reino Unido","2080440","Aguacates Frescos o Secos","123"
"2017","201706","2017-06","2","Exportaciones","eu","Europa","ita","Italia","2080440","Aguacates Frescos o Secos","13855"
"2017","201706","2017-06","2","Exportaciones","eu","Europa","nld","Países Bajos","2080440","Aguacates Frescos o Secos","715413"
"2017","201706","2017-06","2","Exportaciones","na","América del Norte","can","Canadá","2080440","Aguacates Frescos o Secos","13965176"
"2017","201706","2017-06","2","Exportaciones","na","América del Norte","gtm","Guatemala","2080440","Aguacates Frescos o Secos","138243"
"2017","201706","2017-06","2","Exportaciones","na","América del Norte","hnd","Honduras","2080440","Aguacates Frescos o Secos","207345"
"2017","201706","2017-06","2","Exportaciones","na","América del Norte","slv","El Salvador","2080440","Aguacates Frescos o Secos","212814"
"2017","201706","2017-06","2","Exportaciones","na","América del Norte","usa","Estados Unidos","2080440","Aguacates Frescos o Secos","139381334"
"2017","201706","2017-06","2","Exportaciones","oc","Oceanía","nzl","Nueva Zelandia","2080440","Aguacates Frescos o Secos","13609"
"2017","201707","2017-07","2","Exportaciones","as","Asia","are","Emiratos Árabes Unidos","2080440","Aguacates Frescos o Secos","92974"
"2017","201707","2017-07","2","Exportaciones","as","Asia","chn","China","2080440","Aguacates Frescos o Secos","3161928"
"2017","201707","2017-07","2","Exportaciones","as","Asia","hkg","Hong Kong","2080440","Aguacates Frescos o Secos","585449"
"2017","201707","2017-07","2","Exportaciones","as","Asia","ind","India","2080440","Aguacates Frescos o Secos","1807"
"2017","201707","2017-07","2","Exportaciones","as","Asia","jpn","Japón","2080440","Aguacates Frescos o Secos","11956975"
"2017","201707","2017-07","2","Exportaciones","as","Asia","kor","Corea del Sur","2080440","Aguacates Frescos o Secos","119821"
"2017","201707","2017-07","2","Exportaciones","as","Asia","kwt","Kuwait","2080440","Aguacates Frescos o Secos","20243"
"2017","201707","2017-07","2","Exportaciones","as","Asia","mys","Malasia","2080440","Aguacates Frescos o Secos","32155"
"2017","201707","2017-07","2","Exportaciones","as","Asia","sgp","Singapur","2080440","Aguacates Frescos o Secos","350216"
"2017","201707","2017-07","2","Exportaciones","eu","Europa","bel","Bélgica","2080440","Aguacates Frescos o Secos","63622"
"2017","201707","2017-07","2","Exportaciones","eu","Europa","deu","Alemania","2080440","Aguacates Frescos o Secos","254488"
"2017","201707","2017-07","2","Exportaciones","eu","Europa","esp","España","2080440","Aguacates Frescos o Secos","2696321"
"2017","201707","2017-07","2","Exportaciones","eu","Europa","fra","Francia","2080440","Aguacates Frescos o Secos","2351624"
"2017","201707","2017-07","2","Exportaciones","eu","Europa","gbr","Reino Unido","2080440","Aguacates Frescos o Secos","1225348"
"2017","201707","2017-07","2","Exportaciones","eu","Europa","nld","Países Bajos","2080440","Aguacates Frescos o Secos","4019837"
"2017","201707","2017-07","2","Exportaciones","na","América del Norte","can","Canadá","2080440","Aguacates Frescos o Secos","14763979"
"2017","201707","2017-07","2","Exportaciones","na","América del Norte","gtm","Guatemala","2080440","Aguacates Frescos o Secos","251837"
"2017","201707","2017-07","2","Exportaciones","na","América del Norte","hnd","Honduras","2080440","Aguacates Frescos o Secos","340088"
"2017","201707","2017-07","2","Exportaciones","na","América del Norte","slv","El Salvador","2080440","Aguacates Frescos o Secos","886971"
"2017","201707","2017-07","2","Exportaciones","na","América del Norte","usa","Estados Unidos","2080440","Aguacates Frescos o Secos","132476990"
"2017","201707","2017-07","2","Exportaciones","oc","Oceanía","nzl","Nueva Zelandia","2080440","Aguacates Frescos o Secos","11437"
"2017","201708","2017-08","2","Exportaciones","as","Asia","are","Emiratos Árabes Unidos","2080440","Aguacates Frescos o Secos","280587"
"2017","201708","2017-08","2","Exportaciones","as","Asia","bhr","Bahrein","2080440","Aguacates Frescos o Secos","112728"
"2017","201708","2017-08","2","Exportaciones","as","Asia","chn","China","2080440","Aguacates Frescos o Secos","2222759"
"2017","201708","2017-08","2","Exportaciones","as","Asia","hkg","Hong Kong","2080440","Aguacates Frescos o Secos","619877"
"2017","201708","2017-08","2","Exportaciones","as","Asia","jpn","Japón","2080440","Aguacates Frescos o Secos","16517827"
"2017","201708","2017-08","2","Exportaciones","as","Asia","kaz","Kazajstán","2080440","Aguacates Frescos o Secos","46"
"2017","201708","2017-08","2","Exportaciones","as","Asia","kor","Corea del Sur","2080440","Aguacates Frescos o Secos","1460503"
"2017","201708","2017-08","2","Exportaciones","as","Asia","kwt","Kuwait","2080440","Aguacates Frescos o Secos","321430"
"2017","201708","2017-08","2","Exportaciones","as","Asia","mys","Malasia","2080440","Aguacates Frescos o Secos","58330"
"2017","201708","2017-08","2","Exportaciones","as","Asia","omn","Omán","2080440","Aguacates Frescos o Secos","13040"
"2017","201708","2017-08","2","Exportaciones","as","Asia","sau","Arabia Saudita","2080440","Aguacates Frescos o Secos","64108"
"2017","201708","2017-08","2","Exportaciones","as","Asia","sgp","Singapur","2080440","Aguacates Frescos o Secos","982623"
"2017","201708","2017-08","2","Exportaciones","eu","Europa","bel","Bélgica","2080440","Aguacates Frescos o Secos","192216"
"2017","201708","2017-08","2","Exportaciones","eu","Europa","che","Suiza","2080440","Aguacates Frescos o Secos","68578"
"2017","201708","2017-08","2","Exportaciones","eu","Europa","deu","Alemania","2080440","Aguacates Frescos o Secos","799977"
"2017","201708","2017-08","2","Exportaciones","eu","Europa","esp","España","2080440","Aguacates Frescos o Secos","8375177"
"2017","201708","2017-08","2","Exportaciones","eu","Europa","fra","Francia","2080440","Aguacates Frescos o Secos","3571519"
"2017","201708","2017-08","2","Exportaciones","eu","Europa","gbr","Reino Unido","2080440","Aguacates Frescos o Secos","193425"
"2017","201708","2017-08","2","Exportaciones","eu","Europa","nld","Países Bajos","2080440","Aguacates Frescos o Secos","12236645"
"2017","201708","2017-08","2","Exportaciones","eu","Europa","prt","Portugal","2080440","Aguacates Frescos o Secos","106604"
"2017","201708","2017-08","2","Exportaciones","na","América del Norte","can","Canadá","2080440","Aguacates Frescos o Secos","25493282"
"2017","201708","2017-08","2","Exportaciones","na","América del Norte","gtm","Guatemala","2080440","Aguacates Frescos o Secos","695631"
"2017","201708","2017-08","2","Exportaciones","na","América del Norte","hnd","Honduras","2080440","Aguacates Frescos o Secos","616873"
"2017","201708","2017-08","2","Exportaciones","na","América del Norte","pan","Panamá","2080440","Aguacates Frescos o Secos","2839"
"2017","201708","2017-08","2","Exportaciones","na","América del Norte","slv","El Salvador","2080440","Aguacates Frescos o Secos","843855"
"2017","201708","2017-08","2","Exportaciones","na","América del Norte","usa","Estados Unidos","2080440","Aguacates Frescos o Secos","223175180"
"2017","201709","2017-09","2","Exportaciones","as","Asia","are","Emiratos Árabes Unidos","2080440","Aguacates Frescos o Secos","271983"
"2017","201709","2017-09","2","Exportaciones","as","Asia","bhr","Bahrein","2080440","Aguacates Frescos o Secos","30471"
"2017","201709","2017-09","2","Exportaciones","as","Asia","chn","China","2080440","Aguacates Frescos o Secos","618255"
"2017","201709","2017-09","2","Exportaciones","as","Asia","hkg","Hong Kong","2080440","Aguacates Frescos o Secos","785435"
"2017","201709","2017-09","2","Exportaciones","as","Asia","jpn","Japón","2080440","Aguacates Frescos o Secos","20561936"
"2017","201709","2017-09","2","Exportaciones","as","Asia","kor","Corea del Sur","2080440","Aguacates Frescos o Secos","978271"
"2017","201709","2017-09","2","Exportaciones","as","Asia","kwt","Kuwait","2080440","Aguacates Frescos o Secos","383103"
"2017","201709","2017-09","2","Exportaciones","as","Asia","mys","Malasia","2080440","Aguacates Frescos o Secos","61115"
"2017","201709","2017-09","2","Exportaciones","as","Asia","qat","Katar","2080440","Aguacates Frescos o Secos","3824"
"2017","201709","2017-09","2","Exportaciones","as","Asia","sau","Arabia Saudita","2080440","Aguacates Frescos o Secos","122951"
"2017","201709","2017-09","2","Exportaciones","as","Asia","sgp","Singapur","2080440","Aguacates Frescos o Secos","820317"
"2017","201709","2017-09","2","Exportaciones","as","Asia","tur","Turquía","2080440","Aguacates Frescos o Secos","100"
"2017","201709","2017-09","2","Exportaciones","eu","Europa","deu","Alemania","2080440","Aguacates Frescos o Secos","423966"
"2017","201709","2017-09","2","Exportaciones","eu","Europa","esp","España","2080440","Aguacates Frescos o Secos","6267823"
"2017","201709","2017-09","2","Exportaciones","eu","Europa","fra","Francia","2080440","Aguacates Frescos o Secos","6894984"
"2017","201709","2017-09","2","Exportaciones","eu","Europa","gbr","Reino Unido","2080440","Aguacates Frescos o Secos","744849"
"2017","201709","2017-09","2","Exportaciones","eu","Europa","nld","Países Bajos","2080440","Aguacates Frescos o Secos","7637981"
"2017","201709","2017-09","2","Exportaciones","na","América del Norte","can","Canadá","2080440","Aguacates Frescos o Secos","29039727"
"2017","201709","2017-09","2","Exportaciones","na","América del Norte","gtm","Guatemala","2080440","Aguacates Frescos o Secos","756157"
"2017","201709","2017-09","2","Exportaciones","na","América del Norte","hnd","Honduras","2080440","Aguacates Frescos o Secos","910520"
"2017","201709","2017-09","2","Exportaciones","na","América del Norte","pan","Panamá","2080440","Aguacates Frescos o Secos","6323"
"2017","201709","2017-09","2","Exportaciones","na","América del Norte","slv","El Salvador","2080440","Aguacates Frescos o Secos","3064876"
"2017","201709","2017-09","2","Exportaciones","na","América del Norte","usa","Estados Unidos","2080440","Aguacates Frescos o Secos","240306757"
"2017","201710","2017-10","2","Exportaciones","as","Asia","are","Emiratos Árabes Unidos","2080440","Aguacates Frescos o Secos","275490"
"2017","201710","2017-10","2","Exportaciones","as","Asia","bhr","Bahrein","2080440","Aguacates Frescos o Secos","48566"
"2017","201710","2017-10","2","Exportaciones","as","Asia","chn","China","2080440","Aguacates Frescos o Secos","1594596"
"2017","201710","2017-10","2","Exportaciones","as","Asia","hkg","Hong Kong","2080440","Aguacates Frescos o Secos","800103"
"2017","201710","2017-10","2","Exportaciones","as","Asia","jpn","Japón","2080440","Aguacates Frescos o Secos","13164206"
"2017","201710","2017-10","2","Exportaciones","as","Asia","kor","Corea del Sur","2080440","Aguacates Frescos o Secos","1353364"
"2017","201710","2017-10","2","Exportaciones","as","Asia","kwt","Kuwait","2080440","Aguacates Frescos o Secos","166932"
"2017","201710","2017-10","2","Exportaciones","as","Asia","mys","Malasia","2080440","Aguacates Frescos o Secos","33011"
"2017","201710","2017-10","2","Exportaciones","as","Asia","sau","Arabia Saudita","2080440","Aguacates Frescos o Secos","37900"
"2017","201710","2017-10","2","Exportaciones","as","Asia","sgp","Singapur","2080440","Aguacates Frescos o Secos","576781"
"2017","201710","2017-10","2","Exportaciones","eu","Europa","deu","Alemania","2080440","Aguacates Frescos o Secos","358414"
"2017","201710","2017-10","2","Exportaciones","eu","Europa","esp","España","2080440","Aguacates Frescos o Secos","8400659"
"2017","201710","2017-10","2","Exportaciones","eu","Europa","fra","Francia","2080440","Aguacates Frescos o Secos","7416762"
"2017","201710","2017-10","2","Exportaciones","eu","Europa","gbr","Reino Unido","2080440","Aguacates Frescos o Secos","985337"
"2017","201710","2017-10","2","Exportaciones","eu","Europa","nld","Países Bajos","2080440","Aguacates Frescos o Secos","4541615"
"2017","201710","2017-10","2","Exportaciones","eu","Europa","rus","Rusia","2080440","Aguacates Frescos o Secos","1742"
"2017","201710","2017-10","2","Exportaciones","na","América del Norte","can","Canadá","2080440","Aguacates Frescos o Secos","19162664"
"2017","201710","2017-10","2","Exportaciones","na","América del Norte","gtm","Guatemala","2080440","Aguacates Frescos o Secos","716683"
"2017","201710","2017-10","2","Exportaciones","na","América del Norte","hnd","Honduras","2080440","Aguacates Frescos o Secos","1272548"
"2017","201710","2017-10","2","Exportaciones","na","América del Norte","pan","Panamá","2080440","Aguacates Frescos o Secos","3580"
"2017","201710","2017-10","2","Exportaciones","na","América del Norte","slv","El Salvador","2080440","Aguacates Frescos o Secos","2551918"
"2017","201710","2017-10","2","Exportaciones","na","América del Norte","usa","Estados Unidos","2080440","Aguacates Frescos o Secos","175346476"
"2017","201710","2017-10","2","Exportaciones","oc","Oceanía","nzl","Nueva Zelandia","2080440","Aguacates Frescos o Secos","14810"
"2017","201711","2017-11","2","Exportaciones","as","Asia","are","Emiratos Árabes Unidos","2080440","Aguacates Frescos o Secos","259861"
"2017","201711","2017-11","2","Exportaciones","as","Asia","bhr","Bahrein","2080440","Aguacates Frescos o Secos","108571"
"2017","201711","2017-11","2","Exportaciones","as","Asia","chn","China","2080440","Aguacates Frescos o Secos","3575803"
"2017","201711","2017-11","2","Exportaciones","as","Asia","hkg","Hong Kong","2080440","Aguacates Frescos o Secos","637235"
"2017","201711","2017-11","2","Exportaciones","as","Asia","jpn","Japón","2080440","Aguacates Frescos o Secos","12245738"
"2017","201711","2017-11","2","Exportaciones","as","Asia","kor","Corea del Sur","2080440","Aguacates Frescos o Secos","875459"
"2017","201711","2017-11","2","Exportaciones","as","Asia","kwt","Kuwait","2080440","Aguacates Frescos o Secos","87349"
"2017","201711","2017-11","2","Exportaciones","as","Asia","mys","Malasia","2080440","Aguacates Frescos o Secos","27776"
"2017","201711","2017-11","2","Exportaciones","as","Asia","qat","Katar","2080440","Aguacates Frescos o Secos","1394"
"2017","201711","2017-11","2","Exportaciones","as","Asia","sau","Arabia Saudita","2080440","Aguacates Frescos o Secos","52841"
"2017","201711","2017-11","2","Exportaciones","as","Asia","sgp","Singapur","2080440","Aguacates Frescos o Secos","349128"
"2017","201711","2017-11","2","Exportaciones","eu","Europa","bel","Bélgica","2080440","Aguacates Frescos o Secos","1"
"2017","201711","2017-11","2","Exportaciones","eu","Europa","deu","Alemania","2080440","Aguacates Frescos o Secos","93085"
"2017","201711","2017-11","2","Exportaciones","eu","Europa","dnk","Dinamarca","2080440","Aguacates Frescos o Secos","46538"
"2017","201711","2017-11","2","Exportaciones","eu","Europa","esp","España","2080440","Aguacates Frescos o Secos","5323947"
"2017","201711","2017-11","2","Exportaciones","eu","Europa","fra","Francia","2080440","Aguacates Frescos o Secos","6716718"
"2017","201711","2017-11","2","Exportaciones","eu","Europa","gbr","Reino Unido","2080440","Aguacates Frescos o Secos","1216564"
"2017","201711","2017-11","2","Exportaciones","eu","Europa","irl","Irlanda","2080440","Aguacates Frescos o Secos","7404"
"2017","201711","2017-11","2","Exportaciones","eu","Europa","ita","Italia","2080440","Aguacates Frescos o Secos","93025"
"2017","201711","2017-11","2","Exportaciones","eu","Europa","nld","Países Bajos","2080440","Aguacates Frescos o Secos","6074000"
"2017","201711","2017-11","2","Exportaciones","na","América del Norte","can","Canadá","2080440","Aguacates Frescos o Secos","15773436"
"2017","201711","2017-11","2","Exportaciones","na","América del Norte","gtm","Guatemala","2080440","Aguacates Frescos o Secos","474502"
"2017","201711","2017-11","2","Exportaciones","na","América del Norte","hnd","Honduras","2080440","Aguacates Frescos o Secos","1187986"
"2017","201711","2017-11","2","Exportaciones","na","América del Norte","pan","Panamá","2080440","Aguacates Frescos o Secos","5578"
"2017","201711","2017-11","2","Exportaciones","na","América del Norte","slv","El Salvador","2080440","Aguacates Frescos o Secos","2731582"
"2017","201711","2017-11","2","Exportaciones","na","América del Norte","usa","Estados Unidos","2080440","Aguacates Frescos o Secos","156989098"
"2017","201711","2017-11","2","Exportaciones","oc","Oceanía","nzl","Nueva Zelandia","2080440","Aguacates Frescos o Secos","33699"
"2017","201711","2017-11","2","Exportaciones","sa","América del Sur","arg","Argentina","2080440","Aguacates Frescos o Secos","454168"
"2017","201712","2017-12","2","Exportaciones","as","Asia","are","Emiratos Árabes Unidos","2080440","Aguacates Frescos o Secos","226615"
"2017","201712","2017-12","2","Exportaciones","as","Asia","bhr","Bahrein","2080440","Aguacates Frescos o Secos","84683"
"2017","201712","2017-12","2","Exportaciones","as","Asia","chn","China","2080440","Aguacates Frescos o Secos","3368890"
"2017","201712","2017-12","2","Exportaciones","as","Asia","hkg","Hong Kong","2080440","Aguacates Frescos o Secos","632601"
"2017","201712","2017-12","2","Exportaciones","as","Asia","jpn","Japón","2080440","Aguacates Frescos o Secos","10590994"
"2017","201712","2017-12","2","Exportaciones","as","Asia","kor","Corea del Sur","2080440","Aguacates Frescos o Secos","697072"
"2017","201712","2017-12","2","Exportaciones","as","Asia","kwt","Kuwait","2080440","Aguacates Frescos o Secos","146607"
"2017","201712","2017-12","2","Exportaciones","as","Asia","mys","Malasia","2080440","Aguacates Frescos o Secos","31298"
"2017","201712","2017-12","2","Exportaciones","as","Asia","qat","Katar","2080440","Aguacates Frescos o Secos","11212"
"2017","201712","2017-12","2","Exportaciones","as","Asia","sau","Arabia Saudita","2080440","Aguacates Frescos o Secos","22224"
"2017","201712","2017-12","2","Exportaciones","as","Asia","sgp","Singapur","2080440","Aguacates Frescos o Secos","362714"
"2017","201712","2017-12","2","Exportaciones","eu","Europa","deu","Alemania","2080440","Aguacates Frescos o Secos","10"
"2017","201712","2017-12","2","Exportaciones","eu","Europa","dnk","Dinamarca","2080440","Aguacates Frescos o Secos","106918"
"2017","201712","2017-12","2","Exportaciones","eu","Europa","emu","Comunidad Europea","2080440","Aguacates Frescos o Secos","7229"
"2017","201712","2017-12","2","Exportaciones","eu","Europa","esp","España","2080440","Aguacates Frescos o Secos","1583104"
"2017","201712","2017-12","2","Exportaciones","eu","Europa","fra","Francia","2080440","Aguacates Frescos o Secos","5070981"
"2017","201712","2017-12","2","Exportaciones","eu","Europa","gbr","Reino Unido","2080440","Aguacates Frescos o Secos","2050272"
"2017","201712","2017-12","2","Exportaciones","eu","Europa","ita","Italia","2080440","Aguacates Frescos o Secos","53459"
"2017","201712","2017-12","2","Exportaciones","eu","Europa","nld","Países Bajos","2080440","Aguacates Frescos o Secos","5544119"
"2017","201712","2017-12","2","Exportaciones","eu","Europa","rus","Rusia","2080440","Aguacates Frescos o Secos","2405"
"2017","201712","2017-12","2","Exportaciones","na","América del Norte","can","Canadá","2080440","Aguacates Frescos o Secos","16402915"
"2017","201712","2017-12","2","Exportaciones","na","América del Norte","gtm","Guatemala","2080440","Aguacates Frescos o Secos","747716"
"2017","201712","2017-12","2","Exportaciones","na","América del Norte","hnd","Honduras","2080440","Aguacates Frescos o Secos","1861024"
"2017","201712","2017-12","2","Exportaciones","na","América del Norte","pan","Panamá","2080440","Aguacates Frescos o Secos","3203"
"2017","201712","2017-12","2","Exportaciones","na","América del Norte","slv","El Salvador","2080440","Aguacates Frescos o Secos","3889943"
"2017","201712","2017-12","2","Exportaciones","na","América del Norte","usa","Estados Unidos","2080440","Aguacates Frescos o Secos","210808970"
"2017","201712","2017-12","2","Exportaciones","oc","Oceanía","nzl","Nueva Zelandia","2080440","Aguacates Frescos o Secos","12814"
"2017","201712","2017-12","2","Exportaciones","sa","América del Sur","arg","Argentina","2080440","Aguacates Frescos o Secos","848377"
"2018","201801","2018-01","2","Exportaciones","as","Asia","are","Emiratos Árabes Unidos","2080440","Aguacates Frescos o Secos","265370"
"2018","201801","2018-01","2","Exportaciones","as","Asia","bhr","Bahrein","2080440","Aguacates Frescos o Secos","66827"
"2018","201801","2018-01","2","Exportaciones","as","Asia","chn","China","2080440","Aguacates Frescos o Secos","1784057"
"2018","201801","2018-01","2","Exportaciones","as","Asia","hkg","Hong Kong","2080440","Aguacates Frescos o Secos","699599"
"2018","201801","2018-01","2","Exportaciones","as","Asia","jpn","Japón","2080440","Aguacates Frescos o Secos","13537043"
"2018","201801","2018-01","2","Exportaciones","as","Asia","kor","Corea del Sur","2080440","Aguacates Frescos o Secos","488208"
"2018","201801","2018-01","2","Exportaciones","as","Asia","kwt","Kuwait","2080440","Aguacates Frescos o Secos","76808"
"2018","201801","2018-01","2","Exportaciones","as","Asia","mys","Malasia","2080440","Aguacates Frescos o Secos","125230"
"2018","201801","2018-01","2","Exportaciones","as","Asia","qat","Katar","2080440","Aguacates Frescos o Secos","8501"
"2018","201801","2018-01","2","Exportaciones","as","Asia","sau","Arabia Saudita","2080440","Aguacates Frescos o Secos","51062"
"2018","201801","2018-01","2","Exportaciones","as","Asia","sgp","Singapur","2080440","Aguacates Frescos o Secos","27866704"
"2018","201801","2018-01","2","Exportaciones","eu","Europa","bel","Bélgica","2080440","Aguacates Frescos o Secos","2"
"2018","201801","2018-01","2","Exportaciones","eu","Europa","deu","Alemania","2080440","Aguacates Frescos o Secos","229935"
"2018","201801","2018-01","2","Exportaciones","eu","Europa","dnk","Dinamarca","2080440","Aguacates Frescos o Secos","91597"
"2018","201801","2018-01","2","Exportaciones","eu","Europa","esp","España","2080440","Aguacates Frescos o Secos","2320256"
"2018","201801","2018-01","2","Exportaciones","eu","Europa","fra","Francia","2080440","Aguacates Frescos o Secos","3877890"
"2018","201801","2018-01","2","Exportaciones","eu","Europa","gbr","Reino Unido","2080440","Aguacates Frescos o Secos","2270784"
"2018","201801","2018-01","2","Exportaciones","eu","Europa","ita","Italia","2080440","Aguacates Frescos o Secos","48899"
"2018","201801","2018-01","2","Exportaciones","eu","Europa","nld","Países Bajos","2080440","Aguacates Frescos o Secos","3050755"
"2018","201801","2018-01","2","Exportaciones","eu","Europa","rus","Rusia","2080440","Aguacates Frescos o Secos","4"
"2018","201801","2018-01","2","Exportaciones","na","América del Norte","can","Canadá","2080440","Aguacates Frescos o Secos","15986691"
"2018","201801","2018-01","2","Exportaciones","na","América del Norte","gtm","Guatemala","2080440","Aguacates Frescos o Secos","728351"
"2018","201801","2018-01","2","Exportaciones","na","América del Norte","hnd","Honduras","2080440","Aguacates Frescos o Secos","1686867"
"2018","201801","2018-01","2","Exportaciones","na","América del Norte","pan","Panamá","2080440","Aguacates Frescos o Secos","3643"
"2018","201801","2018-01","2","Exportaciones","na","América del Norte","slv","El Salvador","2080440","Aguacates Frescos o Secos","3513282"
"2018","201801","2018-01","2","Exportaciones","na","América del Norte","usa","Estados Unidos","2080440","Aguacates Frescos o Secos","199342554"
"2018","201801","2018-01","2","Exportaciones","sa","América del Sur","arg","Argentina","2080440","Aguacates Frescos o Secos","1105415"
"2018","201801","2018-01","2","Exportaciones","sa","América del Sur","chl","Chile","2080440","Aguacates Frescos o Secos","473947"
"2018","201802","2018-02","2","Exportaciones","as","Asia","are","Emiratos Árabes Unidos","2080440","Aguacates Frescos o Secos","161418"
"2018","201802","2018-02","2","Exportaciones","as","Asia","bhr","Bahrein","2080440","Aguacates Frescos o Secos","48864"
"2018","201802","2018-02","2","Exportaciones","as","Asia","chn","China","2080440","Aguacates Frescos o Secos","5555386"
"2018","201802","2018-02","2","Exportaciones","as","Asia","hkg","Hong Kong","2080440","Aguacates Frescos o Secos","660535"
"2018","201802","2018-02","2","Exportaciones","as","Asia","jpn","Japón","2080440","Aguacates Frescos o Secos","12871674"
"2018","201802","2018-02","2","Exportaciones","as","Asia","kor","Corea del Sur","2080440","Aguacates Frescos o Secos","317621"
"2018","201802","2018-02","2","Exportaciones","as","Asia","kwt","Kuwait","2080440","Aguacates Frescos o Secos","94805"
"2018","201802","2018-02","2","Exportaciones","as","Asia","mys","Malasia","2080440","Aguacates Frescos o Secos","28353"
"2018","201802","2018-02","2","Exportaciones","as","Asia","qat","Katar","2080440","Aguacates Frescos o Secos","8770"
"2018","201802","2018-02","2","Exportaciones","as","Asia","sau","Arabia Saudita","2080440","Aguacates Frescos o Secos","103280"
"2018","201802","2018-02","2","Exportaciones","as","Asia","sgp","Singapur","2080440","Aguacates Frescos o Secos","352657"
"2018","201802","2018-02","2","Exportaciones","as","Asia","twn","Taiwán (Región)","2080440","Aguacates Frescos o Secos","42349"
"2018","201802","2018-02","2","Exportaciones","eu","Europa","bel","Bélgica","2080440","Aguacates Frescos o Secos","10376"
"2018","201802","2018-02","2","Exportaciones","eu","Europa","che","Suiza","2080440","Aguacates Frescos o Secos","5148"
"2018","201802","2018-02","2","Exportaciones","eu","Europa","deu","Alemania","2080440","Aguacates Frescos o Secos","197554"
"2018","201802","2018-02","2","Exportaciones","eu","Europa","dnk","Dinamarca","2080440","Aguacates Frescos o Secos","42349"
"2018","201802","2018-02","2","Exportaciones","eu","Europa","esp","España","2080440","Aguacates Frescos o Secos","3908158"
"2018","201802","2018-02","2","Exportaciones","eu","Europa","fra","Francia","2080440","Aguacates Frescos o Secos","4617338"
"2018","201802","2018-02","2","Exportaciones","eu","Europa","gbr","Reino Unido","2080440","Aguacates Frescos o Secos","1633065"
"2018","201802","2018-02","2","Exportaciones","eu","Europa","grc","Grecia","2080440","Aguacates Frescos o Secos","30439"
"2018","201802","2018-02","2","Exportaciones","eu","Europa","nld","Países Bajos","2080440","Aguacates Frescos o Secos","1757761"
"2018","201802","2018-02","2","Exportaciones","eu","Europa","rus","Rusia","2080440","Aguacates Frescos o Secos","16"
"2018","201802","2018-02","2","Exportaciones","eu","Europa","swe","Suecia","2080440","Aguacates Frescos o Secos","4"
"2018","201802","2018-02","2","Exportaciones","na","América del Norte","can","Canadá","2080440","Aguacates Frescos o Secos","12457680"
"2018","201802","2018-02","2","Exportaciones","na","América del Norte","gtm","Guatemala","2080440","Aguacates Frescos o Secos","898161"
"2018","201802","2018-02","2","Exportaciones","na","América del Norte","hnd","Honduras","2080440","Aguacates Frescos o Secos","2126136"
"2018","201802","2018-02","2","Exportaciones","na","América del Norte","slv","El Salvador","2080440","Aguacates Frescos o Secos","3100085"
"2018","201802","2018-02","2","Exportaciones","na","América del Norte","usa","Estados Unidos","2080440","Aguacates Frescos o Secos","160668924"
"2018","201802","2018-02","2","Exportaciones","oc","Oceanía","nzl","Nueva Zelandia","2080440","Aguacates Frescos o Secos","5583"
"2018","201802","2018-02","2","Exportaciones","sa","América del Sur","arg","Argentina","2080440","Aguacates Frescos o Secos","1475837"
"2018","201802","2018-02","2","Exportaciones","sa","América del Sur","chl","Chile","2080440","Aguacates Frescos o Secos","1713035"
"2018","201803","2018-03","2","Exportaciones","as","Asia","are","Emiratos Árabes Unidos","2080440","Aguacates Frescos o Secos","188839"
"2018","201803","2018-03","2","Exportaciones","as","Asia","bhr","Bahrein","2080440","Aguacates Frescos o Secos","36474"
"2018","201803","2018-03","2","Exportaciones","as","Asia","chn","China","2080440","Aguacates Frescos o Secos","6097508"
"2018","201803","2018-03","2","Exportaciones","as","Asia","hkg","Hong Kong","2080440","Aguacates Frescos o Secos","771046"
"2018","201803","2018-03","2","Exportaciones","as","Asia","jpn","Japón","2080440","Aguacates Frescos o Secos","14706384"
"2018","201803","2018-03","2","Exportaciones","as","Asia","kwt","Kuwait","2080440","Aguacates Frescos o Secos","44779"
"2018","201803","2018-03","2","Exportaciones","as","Asia","mys","Malasia","2080440","Aguacates Frescos o Secos","50936"
"2018","201803","2018-03","2","Exportaciones","as","Asia","qat","Katar","2080440","Aguacates Frescos o Secos","5063"
"2018","201803","2018-03","2","Exportaciones","as","Asia","sau","Arabia Saudita","2080440","Aguacates Frescos o Secos","58046"
"2018","201803","2018-03","2","Exportaciones","as","Asia","sgp","Singapur","2080440","Aguacates Frescos o Secos","401352"
"2018","201803","2018-03","2","Exportaciones","eu","Europa","bel","Bélgica","2080440","Aguacates Frescos o Secos","6238"
"2018","201803","2018-03","2","Exportaciones","eu","Europa","dnk","Dinamarca","2080440","Aguacates Frescos o Secos","113"
"2018","201803","2018-03","2","Exportaciones","eu","Europa","esp","España","2080440","Aguacates Frescos o Secos","3344508"
"2018","201803","2018-03","2","Exportaciones","eu","Europa","fra","Francia","2080440","Aguacates Frescos o Secos","5572944"
"2018","201803","2018-03","2","Exportaciones","eu","Europa","gbr","Reino Unido","2080440","Aguacates Frescos o Secos","1173620"
"2018","201803","2018-03","2","Exportaciones","eu","Europa","irl","Irlanda","2080440","Aguacates Frescos o Secos","37973"
"2018","201803","2018-03","2","Exportaciones","eu","Europa","ita","Italia","2080440","Aguacates Frescos o Secos","6103"
"2018","201803","2018-03","2","Exportaciones","eu","Europa","nld","Países Bajos","2080440","Aguacates Frescos o Secos","1631204"
"2018","201803","2018-03","2","Exportaciones","eu","Europa","pol","Polonia","2080440","Aguacates Frescos o Secos","34492"
"2018","201803","2018-03","2","Exportaciones","na","América del Norte","can","Canadá","2080440","Aguacates Frescos o Secos","21182028"
"2018","201803","2018-03","2","Exportaciones","na","América del Norte","gtm","Guatemala","2080440","Aguacates Frescos o Secos","806900"
"2018","201803","2018-03","2","Exportaciones","na","América del Norte","hnd","Honduras","2080440","Aguacates Frescos o Secos","1986768"
"2018","201803","2018-03","2","Exportaciones","na","América del Norte","slv","El Salvador","2080440","Aguacates Frescos o Secos","3079858"
"2018","201803","2018-03","2","Exportaciones","na","América del Norte","usa","Estados Unidos","2080440","Aguacates Frescos o Secos","188494383"
"2018","201803","2018-03","2","Exportaciones","sa","América del Sur","arg","Argentina","2080440","Aguacates Frescos o Secos","1262019"
"2018","201803","2018-03","2","Exportaciones","sa","América del Sur","chl","Chile","2080440","Aguacates Frescos o Secos","2730623"
"2018","201804","2018-04","2","Exportaciones","as","Asia","are","Emiratos Árabes Unidos","2080440","Aguacates Frescos o Secos","230970"
"2018","201804","2018-04","2","Exportaciones","as","Asia","bhr","Bahrein","2080440","Aguacates Frescos o Secos","41803"
"2018","201804","2018-04","2","Exportaciones","as","Asia","chn","China","2080440","Aguacates Frescos o Secos","4694851"
"2018","201804","2018-04","2","Exportaciones","as","Asia","hkg","Hong Kong","2080440","Aguacates Frescos o Secos","284773"
"2018","201804","2018-04","2","Exportaciones","as","Asia","jpn","Japón","2080440","Aguacates Frescos o Secos","11933156"
"2018","201804","2018-04","2","Exportaciones","as","Asia","kor","Corea del Sur","2080440","Aguacates Frescos o Secos","305"
"2018","201804","2018-04","2","Exportaciones","as","Asia","kwt","Kuwait","2080440","Aguacates Frescos o Secos","57941"
"2018","201804","2018-04","2","Exportaciones","as","Asia","mys","Malasia","2080440","Aguacates Frescos o Secos","36502"
"2018","201804","2018-04","2","Exportaciones","as","Asia","qat","Katar","2080440","Aguacates Frescos o Secos","6326"
"2018","201804","2018-04","2","Exportaciones","as","Asia","sau","Arabia Saudita","2080440","Aguacates Frescos o Secos","118762"
"2018","201804","2018-04","2","Exportaciones","as","Asia","sgp","Singapur","2080440","Aguacates Frescos o Secos","104982"
"2018","201804","2018-04","2","Exportaciones","eu","Europa","esp","España","2080440","Aguacates Frescos o Secos","957946"
"2018","201804","2018-04","2","Exportaciones","eu","Europa","fra","Francia","2080440","Aguacates Frescos o Secos","1040175"
"2018","201804","2018-04","2","Exportaciones","eu","Europa","gbr","Reino Unido","2080440","Aguacates Frescos o Secos","89731"
"2018","201804","2018-04","2","Exportaciones","eu","Europa","irl","Irlanda","2080440","Aguacates Frescos o Secos","35269"
"2018","201804","2018-04","2","Exportaciones","eu","Europa","ita","Italia","2080440","Aguacates Frescos o Secos","31490"
"2018","201804","2018-04","2","Exportaciones","eu","Europa","nld","Países Bajos","2080440","Aguacates Frescos o Secos","650512"
"2018","201804","2018-04","2","Exportaciones","na","América del Norte","can","Canadá","2080440","Aguacates Frescos o Secos","18221175"
"2018","201804","2018-04","2","Exportaciones","na","América del Norte","cri","Costa Rica","2080440","Aguacates Frescos o Secos","48060"
"2018","201804","2018-04","2","Exportaciones","na","América del Norte","cub","Cuba","2080440","Aguacates Frescos o Secos","625"
"2018","201804","2018-04","2","Exportaciones","na","América del Norte","gtm","Guatemala","2080440","Aguacates Frescos o Secos","1295575"
"2018","201804","2018-04","2","Exportaciones","na","América del Norte","hnd","Honduras","2080440","Aguacates Frescos o Secos","2009117"
"2018","201804","2018-04","2","Exportaciones","na","América del Norte","nic","Nicaragua","2080440","Aguacates Frescos o Secos","64979"
"2018","201804","2018-04","2","Exportaciones","na","América del Norte","slv","El Salvador","2080440","Aguacates Frescos o Secos","2287938"
"2018","201804","2018-04","2","Exportaciones","na","América del Norte","usa","Estados Unidos","2080440","Aguacates Frescos o Secos","215549045"
"2018","201804","2018-04","2","Exportaciones","sa","América del Sur","arg","Argentina","2080440","Aguacates Frescos o Secos","248952"
"2018","201804","2018-04","2","Exportaciones","sa","América del Sur","chl","Chile","2080440","Aguacates Frescos o Secos","1881798"
"2018","201805","2018-05","2","Exportaciones","as","Asia","are","Emiratos Árabes Unidos","2080440","Aguacates Frescos o Secos","137725"
"2018","201805","2018-05","2","Exportaciones","as","Asia","bhr","Bahrein","2080440","Aguacates Frescos o Secos","36523"
"2018","201805","2018-05","2","Exportaciones","as","Asia","chn","China","2080440","Aguacates Frescos o Secos","2276156"
"2018","201805","2018-05","2","Exportaciones","as","Asia","hkg","Hong Kong","2080440","Aguacates Frescos o Secos","301323"
"2018","201805","2018-05","2","Exportaciones","as","Asia","jpn","Japón","2080440","Aguacates Frescos o Secos","13101415"
"2018","201805","2018-05","2","Exportaciones","as","Asia","kwt","Kuwait","2080440","Aguacates Frescos o Secos","21477"
"2018","201805","2018-05","2","Exportaciones","as","Asia","mys","Malasia","2080440","Aguacates Frescos o Secos","14570"
"2018","201805","2018-05","2","Exportaciones","as","Asia","sau","Arabia Saudita","2080440","Aguacates Frescos o Secos","49732"
"2018","201805","2018-05","2","Exportaciones","as","Asia","sgp","Singapur","2080440","Aguacates Frescos o Secos","53907"
"2018","201805","2018-05","2","Exportaciones","eu","Europa","esp","España","2080440","Aguacates Frescos o Secos","380624"
"2018","201805","2018-05","2","Exportaciones","eu","Europa","fra","Francia","2080440","Aguacates Frescos o Secos","97253"
"2018","201805","2018-05","2","Exportaciones","eu","Europa","gbr","Reino Unido","2080440","Aguacates Frescos o Secos","92"
"2018","201805","2018-05","2","Exportaciones","eu","Europa","irl","Irlanda","2080440","Aguacates Frescos o Secos","21661"
"2018","201805","2018-05","2","Exportaciones","eu","Europa","ita","Italia","2080440","Aguacates Frescos o Secos","6189"
"2018","201805","2018-05","2","Exportaciones","eu","Europa","nld","Países Bajos","2080440","Aguacates Frescos o Secos","154721"
"2018","201805","2018-05","2","Exportaciones","na","América del Norte","can","Canadá","2080440","Aguacates Frescos o Secos","16535198"
"2018","201805","2018-05","2","Exportaciones","na","América del Norte","gtm","Guatemala","2080440","Aguacates Frescos o Secos","432547"
"2018","201805","2018-05","2","Exportaciones","na","América del Norte","hnd","Honduras","2080440","Aguacates Frescos o Secos","1497205"
"2018","201805","2018-05","2","Exportaciones","na","América del Norte","pan","Panamá","2080440","Aguacates Frescos o Secos","20814"
"2018","201805","2018-05","2","Exportaciones","na","América del Norte","slv","El Salvador","2080440","Aguacates Frescos o Secos","476799"
"2018","201805","2018-05","2","Exportaciones","na","América del Norte","usa","Estados Unidos","2080440","Aguacates Frescos o Secos","184416296"
"2018","201805","2018-05","2","Exportaciones","sa","América del Sur","chl","Chile","2080440","Aguacates Frescos o Secos","1270925"
"2018","201806","2018-06","2","Exportaciones","as","Asia","are","Emiratos Árabes Unidos","2080440","Aguacates Frescos o Secos","183776"
"2018","201806","2018-06","2","Exportaciones","as","Asia","bhr","Bahrein","2080440","Aguacates Frescos o Secos","13174"
"2018","201806","2018-06","2","Exportaciones","as","Asia","chn","China","2080440","Aguacates Frescos o Secos","940182"
"2018","201806","2018-06","2","Exportaciones","as","Asia","hkg","Hong Kong","2080440","Aguacates Frescos o Secos","218162"
"2018","201806","2018-06","2","Exportaciones","as","Asia","jpn","Japón","2080440","Aguacates Frescos o Secos","11811477"
"2018","201806","2018-06","2","Exportaciones","as","Asia","kor","Corea del Sur","2080440","Aguacates Frescos o Secos","200"
"2018","201806","2018-06","2","Exportaciones","as","Asia","kwt","Kuwait","2080440","Aguacates Frescos o Secos","68019"
"2018","201806","2018-06","2","Exportaciones","as","Asia","mys","Malasia","2080440","Aguacates Frescos o Secos","2802"
"2018","201806","2018-06","2","Exportaciones","as","Asia","qat","Katar","2080440","Aguacates Frescos o Secos","2727"
"2018","201806","2018-06","2","Exportaciones","as","Asia","sau","Arabia Saudita","2080440","Aguacates Frescos o Secos","3188"
"2018","201806","2018-06","2","Exportaciones","as","Asia","sgp","Singapur","2080440","Aguacates Frescos o Secos","146630"
"2018","201806","2018-06","2","Exportaciones","as","Asia","tha","Tailandia","2080440","Aguacates Frescos o Secos","9563"
"2018","201806","2018-06","2","Exportaciones","eu","Europa","che","Suiza","2080440","Aguacates Frescos o Secos","22"
"2018","201806","2018-06","2","Exportaciones","eu","Europa","dnk","Dinamarca","2080440","Aguacates Frescos o Secos","46751"
"2018","201806","2018-06","2","Exportaciones","eu","Europa","esp","España","2080440","Aguacates Frescos o Secos","279228"
"2018","201806","2018-06","2","Exportaciones","eu","Europa","fra","Francia","2080440","Aguacates Frescos o Secos","66"
"2018","201806","2018-06","2","Exportaciones","eu","Europa","nld","Países Bajos","2080440","Aguacates Frescos o Secos","432950"
"2018","201806","2018-06","2","Exportaciones","na","América del Norte","can","Canadá","2080440","Aguacates Frescos o Secos","16475495"
"2018","201806","2018-06","2","Exportaciones","na","América del Norte","gtm","Guatemala","2080440","Aguacates Frescos o Secos","511417"
"2018","201806","2018-06","2","Exportaciones","na","América del Norte","hnd","Honduras","2080440","Aguacates Frescos o Secos","1042287"
"2018","201806","2018-06","2","Exportaciones","na","América del Norte","slv","El Salvador","2080440","Aguacates Frescos o Secos","815933"
"2018","201806","2018-06","2","Exportaciones","na","América del Norte","usa","Estados Unidos","2080440","Aguacates Frescos o Secos","133574325"
"2018","201807","2018-07","2","Exportaciones","as","Asia","are","Emiratos Árabes Unidos","2080440","Aguacates Frescos o Secos","133782"
"2018","201807","2018-07","2","Exportaciones","as","Asia","bhr","Bahrein","2080440","Aguacates Frescos o Secos","18423"
"2018","201807","2018-07","2","Exportaciones","as","Asia","chn","China","2080440","Aguacates Frescos o Secos","730411"
"2018","201807","2018-07","2","Exportaciones","as","Asia","hkg","Hong Kong","2080440","Aguacates Frescos o Secos","1112499"
"2018","201807","2018-07","2","Exportaciones","as","Asia","jpn","Japón","2080440","Aguacates Frescos o Secos","10997998"
"2018","201807","2018-07","2","Exportaciones","as","Asia","kor","Corea del Sur","2080440","Aguacates Frescos o Secos","188401"
"2018","201807","2018-07","2","Exportaciones","as","Asia","kwt","Kuwait","2080440","Aguacates Frescos o Secos","110749"
"2018","201807","2018-07","2","Exportaciones","as","Asia","mys","Malasia","2080440","Aguacates Frescos o Secos","28079"
"2018","201807","2018-07","2","Exportaciones","as","Asia","sau","Arabia Saudita","2080440","Aguacates Frescos o Secos","47455"
"2018","201807","2018-07","2","Exportaciones","as","Asia","sgp","Singapur","2080440","Aguacates Frescos o Secos","422176"
"2018","201807","2018-07","2","Exportaciones","eu","Europa","esp","España","2080440","Aguacates Frescos o Secos","320929"
"2018","201807","2018-07","2","Exportaciones","eu","Europa","gbr","Reino Unido","2080440","Aguacates Frescos o Secos","3882"
"2018","201807","2018-07","2","Exportaciones","eu","Europa","ita","Italia","2080440","Aguacates Frescos o Secos","10597"
"2018","201807","2018-07","2","Exportaciones","eu","Europa","nld","Países Bajos","2080440","Aguacates Frescos o Secos","841075"
"2018","201807","2018-07","2","Exportaciones","na","América del Norte","can","Canadá","2080440","Aguacates Frescos o Secos","18084661"
"2018","201807","2018-07","2","Exportaciones","na","América del Norte","gtm","Guatemala","2080440","Aguacates Frescos o Secos","698086"
"2018","201807","2018-07","2","Exportaciones","na","América del Norte","hnd","Honduras","2080440","Aguacates Frescos o Secos","862338"
"2018","201807","2018-07","2","Exportaciones","na","América del Norte","slv","El Salvador","2080440","Aguacates Frescos o Secos","1285542"
"2018","201807","2018-07","2","Exportaciones","na","América del Norte","usa","Estados Unidos","2080440","Aguacates Frescos o Secos","154384234"
"2018","201807","2018-07","2","Exportaciones","sa","América del Sur","bra","Brasil","2080440","Aguacates Frescos o Secos","7"
"2018","201808","2018-08","2","Exportaciones","as","Asia","are","Emiratos Árabes Unidos","2080440","Aguacates Frescos o Secos","394621"
"2018","201808","2018-08","2","Exportaciones","as","Asia","bhr","Bahrein","2080440","Aguacates Frescos o Secos","47702"
"2018","201808","2018-08","2","Exportaciones","as","Asia","chn","China","2080440","Aguacates Frescos o Secos","1196640"
"2018","201808","2018-08","2","Exportaciones","as","Asia","hkg","Hong Kong","2080440","Aguacates Frescos o Secos","1668631"
"2018","201808","2018-08","2","Exportaciones","as","Asia","jpn","Japón","2080440","Aguacates Frescos o Secos","17497280"
"2018","201808","2018-08","2","Exportaciones","as","Asia","kor","Corea del Sur","2080440","Aguacates Frescos o Secos","1155485"
"2018","201808","2018-08","2","Exportaciones","as","Asia","kwt","Kuwait","2080440","Aguacates Frescos o Secos","281930"
"2018","201808","2018-08","2","Exportaciones","as","Asia","mys","Malasia","2080440","Aguacates Frescos o Secos","3953"
"2018","201808","2018-08","2","Exportaciones","as","Asia","sau","Arabia Saudita","2080440","Aguacates Frescos o Secos","92753"
"2018","201808","2018-08","2","Exportaciones","as","Asia","sgp","Singapur","2080440","Aguacates Frescos o Secos","540213"
"2018","201808","2018-08","2","Exportaciones","eu","Europa","deu","Alemania","2080440","Aguacates Frescos o Secos","785795"
"2018","201808","2018-08","2","Exportaciones","eu","Europa","dnk","Dinamarca","2080440","Aguacates Frescos o Secos","141969"
"2018","201808","2018-08","2","Exportaciones","eu","Europa","esp","España","2080440","Aguacates Frescos o Secos","2667591"
"2018","201808","2018-08","2","Exportaciones","eu","Europa","fra","Francia","2080440","Aguacates Frescos o Secos","1056079"
"2018","201808","2018-08","2","Exportaciones","eu","Europa","gbr","Reino Unido","2080440","Aguacates Frescos o Secos","311121"
"2018","201808","2018-08","2","Exportaciones","eu","Europa","ita","Italia","2080440","Aguacates Frescos o Secos","9034"
"2018","201808","2018-08","2","Exportaciones","eu","Europa","nld","Países Bajos","2080440","Aguacates Frescos o Secos","6340475"
"2018","201808","2018-08","2","Exportaciones","na","América del Norte","can","Canadá","2080440","Aguacates Frescos o Secos","21403182"
"2018","201808","2018-08","2","Exportaciones","na","América del Norte","gtm","Guatemala","2080440","Aguacates Frescos o Secos","632204"
"2018","201808","2018-08","2","Exportaciones","na","América del Norte","hnd","Honduras","2080440","Aguacates Frescos o Secos","830436"
"2018","201808","2018-08","2","Exportaciones","na","América del Norte","slv","El Salvador","2080440","Aguacates Frescos o Secos","1625917"
"2018","201808","2018-08","2","Exportaciones","na","América del Norte","usa","Estados Unidos","2080440","Aguacates Frescos o Secos","193417619"
"2018","201808","2018-08","2","Exportaciones","oc","Oceanía","aus","Australia","2080440","Aguacates Frescos o Secos","22"
"2018","201808","2018-08","2","Exportaciones","oc","Oceanía","nzl","Nueva Zelandia","2080440","Aguacates Frescos o Secos","71845"
"2018","201809","2018-09","2","Exportaciones","as","Asia","are","Emiratos Árabes Unidos","2080440","Aguacates Frescos o Secos","234756"
"2018","201809","2018-09","2","Exportaciones","as","Asia","bhr","Bahrein","2080440","Aguacates Frescos o Secos","55344"
"2018","201809","2018-09","2","Exportaciones","as","Asia","chn","China","2080440","Aguacates Frescos o Secos","3631066"
"2018","201809","2018-09","2","Exportaciones","as","Asia","hkg","Hong Kong","2080440","Aguacates Frescos o Secos","844673"
"2018","201809","2018-09","2","Exportaciones","as","Asia","jpn","Japón","2080440","Aguacates Frescos o Secos","13565138"
"2018","201809","2018-09","2","Exportaciones","as","Asia","kor","Corea del Sur","2080440","Aguacates Frescos o Secos","1174516"
"2018","201809","2018-09","2","Exportaciones","as","Asia","kwt","Kuwait","2080440","Aguacates Frescos o Secos","175045"
"2018","201809","2018-09","2","Exportaciones","as","Asia","mys","Malasia","2080440","Aguacates Frescos o Secos","23354"
"2018","201809","2018-09","2","Exportaciones","as","Asia","qat","Katar","2080440","Aguacates Frescos o Secos","1557"
"2018","201809","2018-09","2","Exportaciones","as","Asia","sau","Arabia Saudita","2080440","Aguacates Frescos o Secos","110684"
"2018","201809","2018-09","2","Exportaciones","as","Asia","sgp","Singapur","2080440","Aguacates Frescos o Secos","469218"
"2018","201809","2018-09","2","Exportaciones","eu","Europa","deu","Alemania","2080440","Aguacates Frescos o Secos","51964"
"2018","201809","2018-09","2","Exportaciones","eu","Europa","esp","España","2080440","Aguacates Frescos o Secos","6046073"
"2018","201809","2018-09","2","Exportaciones","eu","Europa","fra","Francia","2080440","Aguacates Frescos o Secos","2942455"
"2018","201809","2018-09","2","Exportaciones","eu","Europa","gbr","Reino Unido","2080440","Aguacates Frescos o Secos","371402"
"2018","201809","2018-09","2","Exportaciones","eu","Europa","ita","Italia","2080440","Aguacates Frescos o Secos","6614"
"2018","201809","2018-09","2","Exportaciones","eu","Europa","nld","Países Bajos","2080440","Aguacates Frescos o Secos","6371445"
"2018","201809","2018-09","2","Exportaciones","eu","Europa","rus","Rusia","2080440","Aguacates Frescos o Secos","108"
"2018","201809","2018-09","2","Exportaciones","na","América del Norte","can","Canadá","2080440","Aguacates Frescos o Secos","16595803"
"2018","201809","2018-09","2","Exportaciones","na","América del Norte","gtm","Guatemala","2080440","Aguacates Frescos o Secos","512009"
"2018","201809","2018-09","2","Exportaciones","na","América del Norte","hnd","Honduras","2080440","Aguacates Frescos o Secos","834942"
"2018","201809","2018-09","2","Exportaciones","na","América del Norte","slv","El Salvador","2080440","Aguacates Frescos o Secos","1844237"
"2018","201809","2018-09","2","Exportaciones","na","América del Norte","usa","Estados Unidos","2080440","Aguacates Frescos o Secos","137578044"
"2018","201809","2018-09","2","Exportaciones","oc","Oceanía","nzl","Nueva Zelandia","2080440","Aguacates Frescos o Secos","8680"
"2018","201810","2018-10","2","Exportaciones","as","Asia","are","Emiratos Árabes Unidos","2080440","Aguacates Frescos o Secos","197937"
"2018","201810","2018-10","2","Exportaciones","as","Asia","bhr","Bahrein","2080440","Aguacates Frescos o Secos","35483"
"2018","201810","2018-10","2","Exportaciones","as","Asia","chn","China","2080440","Aguacates Frescos o Secos","3016487"
"2018","201810","2018-10","2","Exportaciones","as","Asia","hkg","Hong Kong","2080440","Aguacates Frescos o Secos","1063963"
"2018","201810","2018-10","2","Exportaciones","as","Asia","jpn","Japón","2080440","Aguacates Frescos o Secos","12082604"
"2018","201810","2018-10","2","Exportaciones","as","Asia","kor","Corea del Sur","2080440","Aguacates Frescos o Secos","1341181"
"2018","201810","2018-10","2","Exportaciones","as","Asia","kwt","Kuwait","2080440","Aguacates Frescos o Secos","111617"
"2018","201810","2018-10","2","Exportaciones","as","Asia","mys","Malasia","2080440","Aguacates Frescos o Secos","20276"
"2018","201810","2018-10","2","Exportaciones","as","Asia","sau","Arabia Saudita","2080440","Aguacates Frescos o Secos","60523"
"2018","201810","2018-10","2","Exportaciones","as","Asia","sgp","Singapur","2080440","Aguacates Frescos o Secos","285673"
"2018","201810","2018-10","2","Exportaciones","eu","Europa","che","Suiza","2080440","Aguacates Frescos o Secos","36207"
"2018","201810","2018-10","2","Exportaciones","eu","Europa","deu","Alemania","2080440","Aguacates Frescos o Secos","62481"
"2018","201810","2018-10","2","Exportaciones","eu","Europa","esp","España","2080440","Aguacates Frescos o Secos","5672753"
"2018","201810","2018-10","2","Exportaciones","eu","Europa","fra","Francia","2080440","Aguacates Frescos o Secos","4152618"
"2018","201810","2018-10","2","Exportaciones","eu","Europa","gbr","Reino Unido","2080440","Aguacates Frescos o Secos","1582342"
"2018","201810","2018-10","2","Exportaciones","eu","Europa","ita","Italia","2080440","Aguacates Frescos o Secos","13457"
"2018","201810","2018-10","2","Exportaciones","eu","Europa","nld","Países Bajos","2080440","Aguacates Frescos o Secos","1792369"
"2018","201810","2018-10","2","Exportaciones","na","América del Norte","can","Canadá","2080440","Aguacates Frescos o Secos","14710653"
"2018","201810","2018-10","2","Exportaciones","na","América del Norte","gtm","Guatemala","2080440","Aguacates Frescos o Secos","596735"
"2018","201810","2018-10","2","Exportaciones","na","América del Norte","hnd","Honduras","2080440","Aguacates Frescos o Secos","899848"
"2018","201810","2018-10","2","Exportaciones","na","América del Norte","slv","El Salvador","2080440","Aguacates Frescos o Secos","2866073"
"2018","201810","2018-10","2","Exportaciones","na","América del Norte","usa","Estados Unidos","2080440","Aguacates Frescos o Secos","153437506"
"2018","201810","2018-10","2","Exportaciones","oc","Oceanía","nzl","Nueva Zelandia","2080440","Aguacates Frescos o Secos","5237"
"2018","201811","2018-11","2","Exportaciones","as","Asia","are","Emiratos Árabes Unidos","2080440","Aguacates Frescos o Secos","384322"
"2018","201811","2018-11","2","Exportaciones","as","Asia","bhr","Bahrein","2080440","Aguacates Frescos o Secos","54617"
"2018","201811","2018-11","2","Exportaciones","as","Asia","chn","China","2080440","Aguacates Frescos o Secos","401984"
"2018","201811","2018-11","2","Exportaciones","as","Asia","hkg","Hong Kong","2080440","Aguacates Frescos o Secos","828570"
"2018","201811","2018-11","2","Exportaciones","as","Asia","jpn","Japón","2080440","Aguacates Frescos o Secos","14323775"
"2018","201811","2018-11","2","Exportaciones","as","Asia","kor","Corea del Sur","2080440","Aguacates Frescos o Secos","978864"
"2018","201811","2018-11","2","Exportaciones","as","Asia","kwt","Kuwait","2080440","Aguacates Frescos o Secos","165133"
"2018","201811","2018-11","2","Exportaciones","as","Asia","mys","Malasia","2080440","Aguacates Frescos o Secos","37484"
"2018","201811","2018-11","2","Exportaciones","as","Asia","qat","Katar","2080440","Aguacates Frescos o Secos","2875"
"2018","201811","2018-11","2","Exportaciones","as","Asia","sau","Arabia Saudita","2080440","Aguacates Frescos o Secos","35146"
"2018","201811","2018-11","2","Exportaciones","as","Asia","sgp","Singapur","2080440","Aguacates Frescos o Secos","462207"
"2018","201811","2018-11","2","Exportaciones","eu","Europa","esp","España","2080440","Aguacates Frescos o Secos","3920816"
"2018","201811","2018-11","2","Exportaciones","eu","Europa","fra","Francia","2080440","Aguacates Frescos o Secos","3939328"
"2018","201811","2018-11","2","Exportaciones","eu","Europa","gbr","Reino Unido","2080440","Aguacates Frescos o Secos","2296337"
"2018","201811","2018-11","2","Exportaciones","eu","Europa","irl","Irlanda","2080440","Aguacates Frescos o Secos","15263"
"2018","201811","2018-11","2","Exportaciones","eu","Europa","nld","Países Bajos","2080440","Aguacates Frescos o Secos","1762603"
"2018","201811","2018-11","2","Exportaciones","na","América del Norte","can","Canadá","2080440","Aguacates Frescos o Secos","17078024"
"2018","201811","2018-11","2","Exportaciones","na","América del Norte","gtm","Guatemala","2080440","Aguacates Frescos o Secos","522226"
"2018","201811","2018-11","2","Exportaciones","na","América del Norte","hnd","Honduras","2080440","Aguacates Frescos o Secos","1271510"
"2018","201811","2018-11","2","Exportaciones","na","América del Norte","slv","El Salvador","2080440","Aguacates Frescos o Secos","2186526"
"2018","201811","2018-11","2","Exportaciones","na","América del Norte","usa","Estados Unidos","2080440","Aguacates Frescos o Secos","136307740"
"2018","201811","2018-11","2","Exportaciones","oc","Oceanía","nzl","Nueva Zelandia","2080440","Aguacates Frescos o Secos","23813"
"2018","201812","2018-12","2","Exportaciones","as","Asia","are","Emiratos Árabes Unidos","2080440","Aguacates Frescos o Secos","250787"
"2018","201812","2018-12","2","Exportaciones","as","Asia","bhr","Bahrein","2080440","Aguacates Frescos o Secos","34576"
"2018","201812","2018-12","2","Exportaciones","as","Asia","chn","China","2080440","Aguacates Frescos o Secos","1347774"
"2018","201812","2018-12","2","Exportaciones","as","Asia","hkg","Hong Kong","2080440","Aguacates Frescos o Secos","830407"
"2018","201812","2018-12","2","Exportaciones","as","Asia","jpn","Japón","2080440","Aguacates Frescos o Secos","8354400"
"2018","201812","2018-12","2","Exportaciones","as","Asia","kor","Corea del Sur","2080440","Aguacates Frescos o Secos","1245311"
"2018","201812","2018-12","2","Exportaciones","as","Asia","kwt","Kuwait","2080440","Aguacates Frescos o Secos","98128"
"2018","201812","2018-12","2","Exportaciones","as","Asia","mys","Malasia","2080440","Aguacates Frescos o Secos","26465"
"2018","201812","2018-12","2","Exportaciones","as","Asia","qat","Katar","2080440","Aguacates Frescos o Secos","2167"
"2018","201812","2018-12","2","Exportaciones","as","Asia","sau","Arabia Saudita","2080440","Aguacates Frescos o Secos","58285"
"2018","201812","2018-12","2","Exportaciones","as","Asia","sgp","Singapur","2080440","Aguacates Frescos o Secos","430354"
"2018","201812","2018-12","2","Exportaciones","eu","Europa","deu","Alemania","2080440","Aguacates Frescos o Secos","107395"
"2018","201812","2018-12","2","Exportaciones","eu","Europa","esp","España","2080440","Aguacates Frescos o Secos","4485733"
"2018","201812","2018-12","2","Exportaciones","eu","Europa","fra","Francia","2080440","Aguacates Frescos o Secos","4524639"
"2018","201812","2018-12","2","Exportaciones","eu","Europa","gbr","Reino Unido","2080440","Aguacates Frescos o Secos","1107269"
"2018","201812","2018-12","2","Exportaciones","eu","Europa","irl","Irlanda","2080440","Aguacates Frescos o Secos","23013"
"2018","201812","2018-12","2","Exportaciones","eu","Europa","ita","Italia","2080440","Aguacates Frescos o Secos","2137"
"2018","201812","2018-12","2","Exportaciones","eu","Europa","nld","Países Bajos","2080440","Aguacates Frescos o Secos","2693588"
"2018","201812","2018-12","2","Exportaciones","na","América del Norte","can","Canadá","2080440","Aguacates Frescos o Secos","13195151"
"2018","201812","2018-12","2","Exportaciones","na","América del Norte","gtm","Guatemala","2080440","Aguacates Frescos o Secos","464951"
"2018","201812","2018-12","2","Exportaciones","na","América del Norte","hnd","Honduras","2080440","Aguacates Frescos o Secos","1073722"
"2018","201812","2018-12","2","Exportaciones","na","América del Norte","slv","El Salvador","2080440","Aguacates Frescos o Secos","2335029"
"2018","201812","2018-12","2","Exportaciones","na","América del Norte","usa","Estados Unidos","2080440","Aguacates Frescos o Secos","168849730"
"2018","201812","2018-12","2","Exportaciones","oc","Oceanía","nzl","Nueva Zelandia","2080440","Aguacates Frescos o Secos","8668"
"2019","201901","2019-01","2","Exportaciones","as","Asia","are","Emiratos Árabes Unidos","2080440","Aguacates Frescos o Secos","264557"
"2019","201901","2019-01","2","Exportaciones","as","Asia","bhr","Bahrein","2080440","Aguacates Frescos o Secos","50613"
"2019","201901","2019-01","2","Exportaciones","as","Asia","chn","China","2080440","Aguacates Frescos o Secos","1381293"
"2019","201901","2019-01","2","Exportaciones","as","Asia","hkg","Hong Kong","2080440","Aguacates Frescos o Secos","434151"
"2019","201901","2019-01","2","Exportaciones","as","Asia","jpn","Japón","2080440","Aguacates Frescos o Secos","11803667"
"2019","201901","2019-01","2","Exportaciones","as","Asia","kor","Corea del Sur","2080440","Aguacates Frescos o Secos","1259720"
"2019","201901","2019-01","2","Exportaciones","as","Asia","kwt","Kuwait","2080440","Aguacates Frescos o Secos","115795"
"2019","201901","2019-01","2","Exportaciones","as","Asia","mys","Malasia","2080440","Aguacates Frescos o Secos","63966"
"2019","201901","2019-01","2","Exportaciones","as","Asia","omn","Omán","2080440","Aguacates Frescos o Secos","2239"
"2019","201901","2019-01","2","Exportaciones","as","Asia","qat","Katar","2080440","Aguacates Frescos o Secos","4478"
"2019","201901","2019-01","2","Exportaciones","as","Asia","sau","Arabia Saudita","2080440","Aguacates Frescos o Secos","52238"
"2019","201901","2019-01","2","Exportaciones","as","Asia","sgp","Singapur","2080440","Aguacates Frescos o Secos","561135"
"2019","201901","2019-01","2","Exportaciones","eu","Europa","che","Suiza","2080440","Aguacates Frescos o Secos","39232"
"2019","201901","2019-01","2","Exportaciones","eu","Europa","deu","Alemania","2080440","Aguacates Frescos o Secos","147945"
"2019","201901","2019-01","2","Exportaciones","eu","Europa","esp","España","2080440","Aguacates Frescos o Secos","4356810"
"2019","201901","2019-01","2","Exportaciones","eu","Europa","fra","Francia","2080440","Aguacates Frescos o Secos","4434726"
"2019","201901","2019-01","2","Exportaciones","eu","Europa","gbr","Reino Unido","2080440","Aguacates Frescos o Secos","1080522"
"2019","201901","2019-01","2","Exportaciones","eu","Europa","irl","Irlanda","2080440","Aguacates Frescos o Secos","74727"
"2019","201901","2019-01","2","Exportaciones","eu","Europa","ita","Italia","2080440","Aguacates Frescos o Secos","1058"
"2019","201901","2019-01","2","Exportaciones","eu","Europa","nld","Países Bajos","2080440","Aguacates Frescos o Secos","1243147"
"2019","201901","2019-01","2","Exportaciones","na","América del Norte","can","Canadá","2080440","Aguacates Frescos o Secos","14343347"
"2019","201901","2019-01","2","Exportaciones","na","América del Norte","gtm","Guatemala","2080440","Aguacates Frescos o Secos","588389"
"2019","201901","2019-01","2","Exportaciones","na","América del Norte","hnd","Honduras","2080440","Aguacates Frescos o Secos","1199365"
"2019","201901","2019-01","2","Exportaciones","na","América del Norte","slv","El Salvador","2080440","Aguacates Frescos o Secos","2165081"
"2019","201901","2019-01","2","Exportaciones","na","América del Norte","usa","Estados Unidos","2080440","Aguacates Frescos o Secos","189623634"
"2019","201901","2019-01","2","Exportaciones","oc","Oceanía","nzl","Nueva Zelandia","2080440","Aguacates Frescos o Secos","8628"
"2019","201902","2019-02","2","Exportaciones","as","Asia","are","Emiratos Árabes Unidos","2080440","Aguacates Frescos o Secos","275176"
"2019","201902","2019-02","2","Exportaciones","as","Asia","bhr","Bahrein","2080440","Aguacates Frescos o Secos","36454"
"2019","201902","2019-02","2","Exportaciones","as","Asia","chn","China","2080440","Aguacates Frescos o Secos","3497212"
"2019","201902","2019-02","2","Exportaciones","as","Asia","hkg","Hong Kong","2080440","Aguacates Frescos o Secos","649791"
"2019","201902","2019-02","2","Exportaciones","as","Asia","jpn","Japón","2080440","Aguacates Frescos o Secos","12430536"
"2019","201902","2019-02","2","Exportaciones","as","Asia","kor","Corea del Sur","2080440","Aguacates Frescos o Secos","1136465"
"2019","201902","2019-02","2","Exportaciones","as","Asia","kwt","Kuwait","2080440","Aguacates Frescos o Secos","115725"
"2019","201902","2019-02","2","Exportaciones","as","Asia","mys","Malasia","2080440","Aguacates Frescos o Secos","26219"
"2019","201902","2019-02","2","Exportaciones","as","Asia","omn","Omán","2080440","Aguacates Frescos o Secos","3771"
"2019","201902","2019-02","2","Exportaciones","as","Asia","qat","Katar","2080440","Aguacates Frescos o Secos","2209"
"2019","201902","2019-02","2","Exportaciones","as","Asia","sau","Arabia Saudita","2080440","Aguacates Frescos o Secos","16175"
"2019","201902","2019-02","2","Exportaciones","as","Asia","sgp","Singapur","2080440","Aguacates Frescos o Secos","512411"
"2019","201902","2019-02","2","Exportaciones","eu","Europa","deu","Alemania","2080440","Aguacates Frescos o Secos","36589"
"2019","201902","2019-02","2","Exportaciones","eu","Europa","esp","España","2080440","Aguacates Frescos o Secos","2898089"
"2019","201902","2019-02","2","Exportaciones","eu","Europa","fra","Francia","2080440","Aguacates Frescos o Secos","3267973"
"2019","201902","2019-02","2","Exportaciones","eu","Europa","gbr","Reino Unido","2080440","Aguacates Frescos o Secos","940053"
"2019","201902","2019-02","2","Exportaciones","eu","Europa","ita","Italia","2080440","Aguacates Frescos o Secos","269"
"2019","201902","2019-02","2","Exportaciones","eu","Europa","nld","Países Bajos","2080440","Aguacates Frescos o Secos","1863797"
"2019","201902","2019-02","2","Exportaciones","na","América del Norte","can","Canadá","2080440","Aguacates Frescos o Secos","14129884"
"2019","201902","2019-02","2","Exportaciones","na","América del Norte","gtm","Guatemala","2080440","Aguacates Frescos o Secos","539847"
"2019","201902","2019-02","2","Exportaciones","na","América del Norte","hnd","Honduras","2080440","Aguacates Frescos o Secos","1376809"
"2019","201902","2019-02","2","Exportaciones","na","América del Norte","pan","Panamá","2080440","Aguacates Frescos o Secos","38405"
"2019","201902","2019-02","2","Exportaciones","na","América del Norte","slv","El Salvador","2080440","Aguacates Frescos o Secos","1801852"
"2019","201902","2019-02","2","Exportaciones","na","América del Norte","usa","Estados Unidos","2080440","Aguacates Frescos o Secos","148219490"
"2019","201902","2019-02","2","Exportaciones","oc","Oceanía","nzl","Nueva Zelandia","2080440","Aguacates Frescos o Secos","4419"
"2019","201902","2019-02","2","Exportaciones","sa","América del Sur","arg","Argentina","2080440","Aguacates Frescos o Secos","470232"
"2019","201902","2019-02","2","Exportaciones","sa","América del Sur","chl","Chile","2080440","Aguacates Frescos o Secos","470585"
"2019","201903","2019-03","2","Exportaciones","as","Asia","are","Emiratos Árabes Unidos","2080440","Aguacates Frescos o Secos","319967"
"2019","201903","2019-03","2","Exportaciones","as","Asia","bhr","Bahrein","2080440","Aguacates Frescos o Secos","46980"
"2019","201903","2019-03","2","Exportaciones","as","Asia","chn","China","2080440","Aguacates Frescos o Secos","3808290"
"2019","201903","2019-03","2","Exportaciones","as","Asia","hkg","Hong Kong","2080440","Aguacates Frescos o Secos","981424"
"2019","201903","2019-03","2","Exportaciones","as","Asia","jpn","Japón","2080440","Aguacates Frescos o Secos","19572415"
"2019","201903","2019-03","2","Exportaciones","as","Asia","kor","Corea del Sur","2080440","Aguacates Frescos o Secos","573383"
"2019","201903","2019-03","2","Exportaciones","as","Asia","kwt","Kuwait","2080440","Aguacates Frescos o Secos","77945"
"2019","201903","2019-03","2","Exportaciones","as","Asia","mys","Malasia","2080440","Aguacates Frescos o Secos","37014"
"2019","201903","2019-03","2","Exportaciones","as","Asia","omn","Omán","2080440","Aguacates Frescos o Secos","2553"
"2019","201903","2019-03","2","Exportaciones","as","Asia","qat","Katar","2080440","Aguacates Frescos o Secos","2372"
"2019","201903","2019-03","2","Exportaciones","as","Asia","sau","Arabia Saudita","2080440","Aguacates Frescos o Secos","36630"
"2019","201903","2019-03","2","Exportaciones","as","Asia","sgp","Singapur","2080440","Aguacates Frescos o Secos","562127"
"2019","201903","2019-03","2","Exportaciones","eu","Europa","che","Suiza","2080440","Aguacates Frescos o Secos","84940"
"2019","201903","2019-03","2","Exportaciones","eu","Europa","deu","Alemania","2080440","Aguacates Frescos o Secos","42599"
"2019","201903","2019-03","2","Exportaciones","eu","Europa","esp","España","2080440","Aguacates Frescos o Secos","2109441"
"2019","201903","2019-03","2","Exportaciones","eu","Europa","fra","Francia","2080440","Aguacates Frescos o Secos","3304375"
"2019","201903","2019-03","2","Exportaciones","eu","Europa","gbr","Reino Unido","2080440","Aguacates Frescos o Secos","591288"
"2019","201903","2019-03","2","Exportaciones","eu","Europa","irl","Irlanda","2080440","Aguacates Frescos o Secos","13554"
"2019","201903","2019-03","2","Exportaciones","eu","Europa","ita","Italia","2080440","Aguacates Frescos o Secos","1662"
"2019","201903","2019-03","2","Exportaciones","eu","Europa","nld","Países Bajos","2080440","Aguacates Frescos o Secos","1555042"
"2019","201903","2019-03","2","Exportaciones","na","América del Norte","can","Canadá","2080440","Aguacates Frescos o Secos","15150424"
"2019","201903","2019-03","2","Exportaciones","na","América del Norte","gtm","Guatemala","2080440","Aguacates Frescos o Secos","1227167"
"2019","201903","2019-03","2","Exportaciones","na","América del Norte","hnd","Honduras","2080440","Aguacates Frescos o Secos","1308662"
"2019","201903","2019-03","2","Exportaciones","na","América del Norte","slv","El Salvador","2080440","Aguacates Frescos o Secos","2149073"
"2019","201903","2019-03","2","Exportaciones","na","América del Norte","usa","Estados Unidos","2080440","Aguacates Frescos o Secos","187700209"
"2019","201903","2019-03","2","Exportaciones","oc","Oceanía","nzl","Nueva Zelandia","2080440","Aguacates Frescos o Secos","28946"
"2019","201903","2019-03","2","Exportaciones","sa","América del Sur","arg","Argentina","2080440","Aguacates Frescos o Secos","471032"
"2019","201903","2019-03","2","Exportaciones","sa","América del Sur","chl","Chile","2080440","Aguacates Frescos o Secos","2525408"
"2019","201904","2019-04","2","Exportaciones","as","Asia","are","Emiratos Árabes Unidos","2080440","Aguacates Frescos o Secos","392081"
"2019","201904","2019-04","2","Exportaciones","as","Asia","bhr","Bahrein","2080440","Aguacates Frescos o Secos","87153"
"2019","201904","2019-04","2","Exportaciones","as","Asia","chn","China","2080440","Aguacates Frescos o Secos","449220"
"2019","201904","2019-04","2","Exportaciones","as","Asia","hkg","Hong Kong","2080440","Aguacates Frescos o Secos","279506"
"2019","201904","2019-04","2","Exportaciones","as","Asia","jpn","Japón","2080440","Aguacates Frescos o Secos","17764621"
"2019","201904","2019-04","2","Exportaciones","as","Asia","kor","Corea del Sur","2080440","Aguacates Frescos o Secos","139474"
"2019","201904","2019-04","2","Exportaciones","as","Asia","kwt","Kuwait","2080440","Aguacates Frescos o Secos","288468"
"2019","201904","2019-04","2","Exportaciones","as","Asia","mys","Malasia","2080440","Aguacates Frescos o Secos","36188"
"2019","201904","2019-04","2","Exportaciones","as","Asia","qat","Katar","2080440","Aguacates Frescos o Secos","4343"
"2019","201904","2019-04","2","Exportaciones","as","Asia","sau","Arabia Saudita","2080440","Aguacates Frescos o Secos","77524"
"2019","201904","2019-04","2","Exportaciones","as","Asia","sgp","Singapur","2080440","Aguacates Frescos o Secos","143614"
"2019","201904","2019-04","2","Exportaciones","eu","Europa","che","Suiza","2080440","Aguacates Frescos o Secos","146824"
"2019","201904","2019-04","2","Exportaciones","eu","Europa","esp","España","2080440","Aguacates Frescos o Secos","207124"
"2019","201904","2019-04","2","Exportaciones","eu","Europa","fra","Francia","2080440","Aguacates Frescos o Secos","681376"
"2019","201904","2019-04","2","Exportaciones","eu","Europa","gbr","Reino Unido","2080440","Aguacates Frescos o Secos","28382"
"2019","201904","2019-04","2","Exportaciones","eu","Europa","swe","Suecia","2080440","Aguacates Frescos o Secos","2338"
"2019","201904","2019-04","2","Exportaciones","na","América del Norte","can","Canadá","2080440","Aguacates Frescos o Secos","26500729"
"2019","201904","2019-04","2","Exportaciones","na","América del Norte","gtm","Guatemala","2080440","Aguacates Frescos o Secos","1327366"
"2019","201904","2019-04","2","Exportaciones","na","América del Norte","hnd","Honduras","2080440","Aguacates Frescos o Secos","1398085"
"2019","201904","2019-04","2","Exportaciones","na","América del Norte","slv","El Salvador","2080440","Aguacates Frescos o Secos","1673693"
"2019","201904","2019-04","2","Exportaciones","na","América del Norte","usa","Estados Unidos","2080440","Aguacates Frescos o Secos","371619974"
"2019","201904","2019-04","2","Exportaciones","oc","Oceanía","nzl","Nueva Zelandia","2080440","Aguacates Frescos o Secos","25355"
"2019","201904","2019-04","2","Exportaciones","sa","América del Sur","arg","Argentina","2080440","Aguacates Frescos o Secos","64309"
"2019","201905","2019-05","2","Exportaciones","as","Asia","are","Emiratos Árabes Unidos","2080440","Aguacates Frescos o Secos","266337"
"2019","201905","2019-05","2","Exportaciones","as","Asia","bhr","Bahrein","2080440","Aguacates Frescos o Secos","70384"
"2019","201905","2019-05","2","Exportaciones","as","Asia","hkg","Hong Kong","2080440","Aguacates Frescos o Secos","212915"
"2019","201905","2019-05","2","Exportaciones","as","Asia","jpn","Japón","2080440","Aguacates Frescos o Secos","16086417"
"2019","201905","2019-05","2","Exportaciones","as","Asia","kor","Corea del Sur","2080440","Aguacates Frescos o Secos","288"
"2019","201905","2019-05","2","Exportaciones","as","Asia","kwt","Kuwait","2080440","Aguacates Frescos o Secos","201327"
"2019","201905","2019-05","2","Exportaciones","as","Asia","omn","Omán","2080440","Aguacates Frescos o Secos","13205"
"2019","201905","2019-05","2","Exportaciones","as","Asia","sau","Arabia Saudita","2080440","Aguacates Frescos o Secos","60251"
"2019","201905","2019-05","2","Exportaciones","as","Asia","sgp","Singapur","2080440","Aguacates Frescos o Secos","104313"
"2019","201905","2019-05","2","Exportaciones","eu","Europa","esp","España","2080440","Aguacates Frescos o Secos","82646"
"2019","201905","2019-05","2","Exportaciones","eu","Europa","gbr","Reino Unido","2080440","Aguacates Frescos o Secos","23533"
"2019","201905","2019-05","2","Exportaciones","eu","Europa","nld","Países Bajos","2080440","Aguacates Frescos o Secos","112"
"2019","201905","2019-05","2","Exportaciones","eu","Europa","swe","Suecia","2080440","Aguacates Frescos o Secos","4686"
"2019","201905","2019-05","2","Exportaciones","na","América del Norte","can","Canadá","2080440","Aguacates Frescos o Secos","24191821"
"2019","201905","2019-05","2","Exportaciones","na","América del Norte","cri","Costa Rica","2080440","Aguacates Frescos o Secos","19"
"2019","201905","2019-05","2","Exportaciones","na","América del Norte","gtm","Guatemala","2080440","Aguacates Frescos o Secos","899884"
"2019","201905","2019-05","2","Exportaciones","na","América del Norte","hnd","Honduras","2080440","Aguacates Frescos o Secos","544030"
"2019","201905","2019-05","2","Exportaciones","na","América del Norte","slv","El Salvador","2080440","Aguacates Frescos o Secos","476926"
"2019","201905","2019-05","2","Exportaciones","na","América del Norte","usa","Estados Unidos","2080440","Aguacates Frescos o Secos","222225619"
"2019","201905","2019-05","2","Exportaciones","oc","Oceanía","nzl","Nueva Zelandia","2080440","Aguacates Frescos o Secos","32799"
"2019","201906","2019-06","2","Exportaciones","as","Asia","are","Emiratos Árabes Unidos","2080440","Aguacates Frescos o Secos","457277"
"2019","201906","2019-06","2","Exportaciones","as","Asia","bhr","Bahrein","2080440","Aguacates Frescos o Secos","86577"
"2019","201906","2019-06","2","Exportaciones","as","Asia","chn","China","2080440","Aguacates Frescos o Secos","269772"
"2019","201906","2019-06","2","Exportaciones","as","Asia","hkg","Hong Kong","2080440","Aguacates Frescos o Secos","1047083"
"2019","201906","2019-06","2","Exportaciones","as","Asia","jpn","Japón","2080440","Aguacates Frescos o Secos","19445578"
"2019","201906","2019-06","2","Exportaciones","as","Asia","kor","Corea del Sur","2080440","Aguacates Frescos o Secos","182080"
"2019","201906","2019-06","2","Exportaciones","as","Asia","kwt","Kuwait","2080440","Aguacates Frescos o Secos","344626"
"2019","201906","2019-06","2","Exportaciones","as","Asia","sau","Arabia Saudita","2080440","Aguacates Frescos o Secos","183114"
"2019","201906","2019-06","2","Exportaciones","as","Asia","sgp","Singapur","2080440","Aguacates Frescos o Secos","59492"
"2019","201906","2019-06","2","Exportaciones","eu","Europa","deu","Alemania","2080440","Aguacates Frescos o Secos","92"
"2019","201906","2019-06","2","Exportaciones","eu","Europa","esp","España","2080440","Aguacates Frescos o Secos","429708"
"2019","201906","2019-06","2","Exportaciones","eu","Europa","fra","Francia","2080440","Aguacates Frescos o Secos","96766"
"2019","201906","2019-06","2","Exportaciones","eu","Europa","gbr","Reino Unido","2080440","Aguacates Frescos o Secos","207"
"2019","201906","2019-06","2","Exportaciones","eu","Europa","nld","Países Bajos","2080440","Aguacates Frescos o Secos","125758"
"2019","201906","2019-06","2","Exportaciones","na","América del Norte","can","Canadá","2080440","Aguacates Frescos o Secos","24613108"
"2019","201906","2019-06","2","Exportaciones","na","América del Norte","gtm","Guatemala","2080440","Aguacates Frescos o Secos","488867"
"2019","201906","2019-06","2","Exportaciones","na","América del Norte","hnd","Honduras","2080440","Aguacates Frescos o Secos","306791"
"2019","201906","2019-06","2","Exportaciones","na","América del Norte","slv","El Salvador","2080440","Aguacates Frescos o Secos","844499"
"2019","201906","2019-06","2","Exportaciones","na","América del Norte","usa","Estados Unidos","2080440","Aguacates Frescos o Secos","163071477"
"2019","201906","2019-06","2","Exportaciones","oc","Oceanía","nzl","Nueva Zelandia","2080440","Aguacates Frescos o Secos","5388"
"2019","201907","2019-07","2","Exportaciones","as","Asia","are","Emiratos Árabes Unidos","2080440","Aguacates Frescos o Secos","416911"
"2019","201907","2019-07","2","Exportaciones","as","Asia","bhr","Bahrein","2080440","Aguacates Frescos o Secos","70252"
"2019","201907","2019-07","2","Exportaciones","as","Asia","chn","China","2080440","Aguacates Frescos o Secos","878258"
"2019","201907","2019-07","2","Exportaciones","as","Asia","hkg","Hong Kong","2080440","Aguacates Frescos o Secos","1747816"
"2019","201907","2019-07","2","Exportaciones","as","Asia","jpn","Japón","2080440","Aguacates Frescos o Secos","22097847"
"2019","201907","2019-07","2","Exportaciones","as","Asia","kor","Corea del Sur","2080440","Aguacates Frescos o Secos","1793671"
"2019","201907","2019-07","2","Exportaciones","as","Asia","kwt","Kuwait","2080440","Aguacates Frescos o Secos","376628"
"2019","201907","2019-07","2","Exportaciones","as","Asia","omn","Omán","2080440","Aguacates Frescos o Secos","9678"
"2019","201907","2019-07","2","Exportaciones","as","Asia","sau","Arabia Saudita","2080440","Aguacates Frescos o Secos","126754"
"2019","201907","2019-07","2","Exportaciones","as","Asia","sgp","Singapur","2080440","Aguacates Frescos o Secos","503316"
"2019","201907","2019-07","2","Exportaciones","eu","Europa","deu","Alemania","2080440","Aguacates Frescos o Secos","976303"
"2019","201907","2019-07","2","Exportaciones","eu","Europa","esp","España","2080440","Aguacates Frescos o Secos","4936394"
"2019","201907","2019-07","2","Exportaciones","eu","Europa","fra","Francia","2080440","Aguacates Frescos o Secos","1951660"
"2019","201907","2019-07","2","Exportaciones","eu","Europa","gbr","Reino Unido","2080440","Aguacates Frescos o Secos","2449826"
"2019","201907","2019-07","2","Exportaciones","eu","Europa","nld","Países Bajos","2080440","Aguacates Frescos o Secos","2421493"
"2019","201907","2019-07","2","Exportaciones","na","América del Norte","can","Canadá","2080440","Aguacates Frescos o Secos","23400491"
"2019","201907","2019-07","2","Exportaciones","na","América del Norte","gtm","Guatemala","2080440","Aguacates Frescos o Secos","79913"
"2019","201907","2019-07","2","Exportaciones","na","América del Norte","hnd","Honduras","2080440","Aguacates Frescos o Secos","85802"
"2019","201907","2019-07","2","Exportaciones","na","América del Norte","slv","El Salvador","2080440","Aguacates Frescos o Secos","264287"
"2019","201907","2019-07","2","Exportaciones","na","América del Norte","usa","Estados Unidos","2080440","Aguacates Frescos o Secos","192842697"
"2019","201907","2019-07","2","Exportaciones","oc","Oceanía","nzl","Nueva Zelandia","2080440","Aguacates Frescos o Secos","31454"
"2019","201908","2019-08","2","Exportaciones","as","Asia","are","Emiratos Árabes Unidos","2080440","Aguacates Frescos o Secos","530734"
"2019","201908","2019-08","2","Exportaciones","as","Asia","bhr","Bahrein","2080440","Aguacates Frescos o Secos","80736"
"2019","201908","2019-08","2","Exportaciones","as","Asia","chn","China","2080440","Aguacates Frescos o Secos","2426650"
"2019","201908","2019-08","2","Exportaciones","as","Asia","hkg","Hong Kong","2080440","Aguacates Frescos o Secos","959682"
"2019","201908","2019-08","2","Exportaciones","as","Asia","jpn","Japón","2080440","Aguacates Frescos o Secos","13337316"
"2019","201908","2019-08","2","Exportaciones","as","Asia","kor","Corea del Sur","2080440","Aguacates Frescos o Secos","904529"
"2019","201908","2019-08","2","Exportaciones","as","Asia","kwt","Kuwait","2080440","Aguacates Frescos o Secos","266779"
"2019","201908","2019-08","2","Exportaciones","as","Asia","sau","Arabia Saudita","2080440","Aguacates Frescos o Secos","187935"
"2019","201908","2019-08","2","Exportaciones","as","Asia","sgp","Singapur","2080440","Aguacates Frescos o Secos","619364"
"2019","201908","2019-08","2","Exportaciones","eu","Europa","deu","Alemania","2080440","Aguacates Frescos o Secos","1697331"
"2019","201908","2019-08","2","Exportaciones","eu","Europa","esp","España","2080440","Aguacates Frescos o Secos","10050947"
"2019","201908","2019-08","2","Exportaciones","eu","Europa","fra","Francia","2080440","Aguacates Frescos o Secos","3266077"
"2019","201908","2019-08","2","Exportaciones","eu","Europa","gbr","Reino Unido","2080440","Aguacates Frescos o Secos","2377770"
"2019","201908","2019-08","2","Exportaciones","eu","Europa","ita","Italia","2080440","Aguacates Frescos o Secos","76"
"2019","201908","2019-08","2","Exportaciones","eu","Europa","nld","Países Bajos","2080440","Aguacates Frescos o Secos","8770107"
"2019","201908","2019-08","2","Exportaciones","eu","Europa","prt","Portugal","2080440","Aguacates Frescos o Secos","18319"
"2019","201908","2019-08","2","Exportaciones","na","América del Norte","can","Canadá","2080440","Aguacates Frescos o Secos","19278161"
"2019","201908","2019-08","2","Exportaciones","na","América del Norte","gtm","Guatemala","2080440","Aguacates Frescos o Secos","132937"
"2019","201908","2019-08","2","Exportaciones","na","América del Norte","hnd","Honduras","2080440","Aguacates Frescos o Secos","285845"
"2019","201908","2019-08","2","Exportaciones","na","América del Norte","slv","El Salvador","2080440","Aguacates Frescos o Secos","860894"
"2019","201908","2019-08","2","Exportaciones","na","América del Norte","usa","Estados Unidos","2080440","Aguacates Frescos o Secos","183228907"
"2019","201908","2019-08","2","Exportaciones","oc","Oceanía","nzl","Nueva Zelandia","2080440","Aguacates Frescos o Secos","20000"
"2019","201909","2019-09","2","Exportaciones","as","Asia","are","Emiratos Árabes Unidos","2080440","Aguacates Frescos o Secos","458999"
"2019","201909","2019-09","2","Exportaciones","as","Asia","bhr","Bahrein","2080440","Aguacates Frescos o Secos","89014"
"2019","201909","2019-09","2","Exportaciones","as","Asia","chn","China","2080440","Aguacates Frescos o Secos","1316236"
"2019","201909","2019-09","2","Exportaciones","as","Asia","hkg","Hong Kong","2080440","Aguacates Frescos o Secos","642361"
"2019","201909","2019-09","2","Exportaciones","as","Asia","jpn","Japón","2080440","Aguacates Frescos o Secos","13599911"
"2019","201909","2019-09","2","Exportaciones","as","Asia","kor","Corea del Sur","2080440","Aguacates Frescos o Secos","837327"
"2019","201909","2019-09","2","Exportaciones","as","Asia","kwt","Kuwait","2080440","Aguacates Frescos o Secos","204374"
"2019","201909","2019-09","2","Exportaciones","as","Asia","mys","Malasia","2080440","Aguacates Frescos o Secos","40569"
"2019","201909","2019-09","2","Exportaciones","as","Asia","omn","Omán","2080440","Aguacates Frescos o Secos","6120"
"2019","201909","2019-09","2","Exportaciones","as","Asia","qat","Katar","2080440","Aguacates Frescos o Secos","5687"
"2019","201909","2019-09","2","Exportaciones","as","Asia","sau","Arabia Saudita","2080440","Aguacates Frescos o Secos","96946"
"2019","201909","2019-09","2","Exportaciones","as","Asia","sgp","Singapur","2080440","Aguacates Frescos o Secos","187843"
"2019","201909","2019-09","2","Exportaciones","eu","Europa","and","Andorra","2080440","Aguacates Frescos o Secos","656"
"2019","201909","2019-09","2","Exportaciones","eu","Europa","che","Suiza","2080440","Aguacates Frescos o Secos","99579"
"2019","201909","2019-09","2","Exportaciones","eu","Europa","deu","Alemania","2080440","Aguacates Frescos o Secos","1916428"
"2019","201909","2019-09","2","Exportaciones","eu","Europa","esp","España","2080440","Aguacates Frescos o Secos","9916084"
"2019","201909","2019-09","2","Exportaciones","eu","Europa","fra","Francia","2080440","Aguacates Frescos o Secos","6654866"
"2019","201909","2019-09","2","Exportaciones","eu","Europa","gbr","Reino Unido","2080440","Aguacates Frescos o Secos","1515478"
"2019","201909","2019-09","2","Exportaciones","eu","Europa","ita","Italia","2080440","Aguacates Frescos o Secos","150877"
"2019","201909","2019-09","2","Exportaciones","eu","Europa","nld","Países Bajos","2080440","Aguacates Frescos o Secos","9510984"
"2019","201909","2019-09","2","Exportaciones","eu","Europa","prt","Portugal","2080440","Aguacates Frescos o Secos","17409"
"2019","201909","2019-09","2","Exportaciones","na","América del Norte","can","Canadá","2080440","Aguacates Frescos o Secos","16026119"
"2019","201909","2019-09","2","Exportaciones","na","América del Norte","gtm","Guatemala","2080440","Aguacates Frescos o Secos","503736"
"2019","201909","2019-09","2","Exportaciones","na","América del Norte","hnd","Honduras","2080440","Aguacates Frescos o Secos","915320"
"2019","201909","2019-09","2","Exportaciones","na","América del Norte","pan","Panamá","2080440","Aguacates Frescos o Secos","9180"
"2019","201909","2019-09","2","Exportaciones","na","América del Norte","slv","El Salvador","2080440","Aguacates Frescos o Secos","1783733"
"2019","201909","2019-09","2","Exportaciones","na","América del Norte","usa","Estados Unidos","2080440","Aguacates Frescos o Secos","178724878"
"2019","201909","2019-09","2","Exportaciones","oc","Oceanía","aus","Australia","2080440","Aguacates Frescos o Secos","12"
"2019","201909","2019-09","2","Exportaciones","oc","Oceanía","nzl","Nueva Zelandia","2080440","Aguacates Frescos o Secos","7542"
"2019","201910","2019-10","2","Exportaciones","as","Asia","are","Emiratos Árabes Unidos","2080440","Aguacates Frescos o Secos","597684"
"2019","201910","2019-10","2","Exportaciones","as","Asia","bhr","Bahrein","2080440","Aguacates Frescos o Secos","60887"
"2019","201910","2019-10","2","Exportaciones","as","Asia","chn","China","2080440","Aguacates Frescos o Secos","1978153"
"2019","201910","2019-10","2","Exportaciones","as","Asia","hkg","Hong Kong","2080440","Aguacates Frescos o Secos","597541"
"2019","201910","2019-10","2","Exportaciones","as","Asia","jpn","Japón","2080440","Aguacates Frescos o Secos","13877975"
"2019","201910","2019-10","2","Exportaciones","as","Asia","kor","Corea del Sur","2080440","Aguacates Frescos o Secos","863667"
"2019","201910","2019-10","2","Exportaciones","as","Asia","kwt","Kuwait","2080440","Aguacates Frescos o Secos","149560"
"2019","201910","2019-10","2","Exportaciones","as","Asia","mys","Malasia","2080440","Aguacates Frescos o Secos","5425"
"2019","201910","2019-10","2","Exportaciones","as","Asia","omn","Omán","2080440","Aguacates Frescos o Secos","2712"
"2019","201910","2019-10","2","Exportaciones","as","Asia","qat","Katar","2080440","Aguacates Frescos o Secos","1260"
"2019","201910","2019-10","2","Exportaciones","as","Asia","sau","Arabia Saudita","2080440","Aguacates Frescos o Secos","52942"
"2019","201910","2019-10","2","Exportaciones","as","Asia","sgp","Singapur","2080440","Aguacates Frescos o Secos","152642"
"2019","201910","2019-10","2","Exportaciones","eu","Europa","bel","Bélgica","2080440","Aguacates Frescos o Secos","7201"
"2019","201910","2019-10","2","Exportaciones","eu","Europa","che","Suiza","2080440","Aguacates Frescos o Secos","179857"
"2019","201910","2019-10","2","Exportaciones","eu","Europa","deu","Alemania","2080440","Aguacates Frescos o Secos","1763350"
"2019","201910","2019-10","2","Exportaciones","eu","Europa","esp","España","2080440","Aguacates Frescos o Secos","14416554"
"2019","201910","2019-10","2","Exportaciones","eu","Europa","fra","Francia","2080440","Aguacates Frescos o Secos","7683188"
"2019","201910","2019-10","2","Exportaciones","eu","Europa","gbr","Reino Unido","2080440","Aguacates Frescos o Secos","2290986"
"2019","201910","2019-10","2","Exportaciones","eu","Europa","irl","Irlanda","2080440","Aguacates Frescos o Secos","34566"
"2019","201910","2019-10","2","Exportaciones","eu","Europa","ita","Italia","2080440","Aguacates Frescos o Secos","269735"
"2019","201910","2019-10","2","Exportaciones","eu","Europa","nld","Países Bajos","2080440","Aguacates Frescos o Secos","8915035"
"2019","201910","2019-10","2","Exportaciones","na","América del Norte","can","Canadá","2080440","Aguacates Frescos o Secos","15006188"
"2019","201910","2019-10","2","Exportaciones","na","América del Norte","gtm","Guatemala","2080440","Aguacates Frescos o Secos","403084"
"2019","201910","2019-10","2","Exportaciones","na","América del Norte","hnd","Honduras","2080440","Aguacates Frescos o Secos","1052423"
"2019","201910","2019-10","2","Exportaciones","na","América del Norte","pan","Panamá","2080440","Aguacates Frescos o Secos","19407"
"2019","201910","2019-10","2","Exportaciones","na","América del Norte","slv","El Salvador","2080440","Aguacates Frescos o Secos","2348604"
"2019","201910","2019-10","2","Exportaciones","na","América del Norte","usa","Estados Unidos","2080440","Aguacates Frescos o Secos","213251341"
"2019","201910","2019-10","2","Exportaciones","oc","Oceanía","nzl","Nueva Zelandia","2080440","Aguacates Frescos o Secos","18492"
"2019","201911","2019-11","2","Exportaciones","as","Asia","are","Emiratos Árabes Unidos","2080440","Aguacates Frescos o Secos","590184"
"2019","201911","2019-11","2","Exportaciones","as","Asia","bhr","Bahrein","2080440","Aguacates Frescos o Secos","53896"
"2019","201911","2019-11","2","Exportaciones","as","Asia","chn","China","2080440","Aguacates Frescos o Secos","1478932"
"2019","201911","2019-11","2","Exportaciones","as","Asia","hkg","Hong Kong","2080440","Aguacates Frescos o Secos","629048"
"2019","201911","2019-11","2","Exportaciones","as","Asia","jpn","Japón","2080440","Aguacates Frescos o Secos","13172648"
"2019","201911","2019-11","2","Exportaciones","as","Asia","kor","Corea del Sur","2080440","Aguacates Frescos o Secos","1136183"
"2019","201911","2019-11","2","Exportaciones","as","Asia","kwt","Kuwait","2080440","Aguacates Frescos o Secos","85678"
"2019","201911","2019-11","2","Exportaciones","as","Asia","mys","Malasia","2080440","Aguacates Frescos o Secos","13801"
"2019","201911","2019-11","2","Exportaciones","as","Asia","omn","Omán","2080440","Aguacates Frescos o Secos","18401"
"2019","201911","2019-11","2","Exportaciones","as","Asia","qat","Katar","2080440","Aguacates Frescos o Secos","11882"
"2019","201911","2019-11","2","Exportaciones","as","Asia","sau","Arabia Saudita","2080440","Aguacates Frescos o Secos","43025"
"2019","201911","2019-11","2","Exportaciones","as","Asia","sgp","Singapur","2080440","Aguacates Frescos o Secos","146036"
"2019","201911","2019-11","2","Exportaciones","eu","Europa","che","Suiza","2080440","Aguacates Frescos o Secos","127973"
"2019","201911","2019-11","2","Exportaciones","eu","Europa","deu","Alemania","2080440","Aguacates Frescos o Secos","777450"
"2019","201911","2019-11","2","Exportaciones","eu","Europa","esp","España","2080440","Aguacates Frescos o Secos","8897312"
"2019","201911","2019-11","2","Exportaciones","eu","Europa","fra","Francia","2080440","Aguacates Frescos o Secos","6853417"
"2019","201911","2019-11","2","Exportaciones","eu","Europa","gbr","Reino Unido","2080440","Aguacates Frescos o Secos","1859298"
"2019","201911","2019-11","2","Exportaciones","eu","Europa","ita","Italia","2080440","Aguacates Frescos o Secos","230064"
"2019","201911","2019-11","2","Exportaciones","eu","Europa","nld","Países Bajos","2080440","Aguacates Frescos o Secos","9069720"
"2019","201911","2019-11","2","Exportaciones","eu","Europa","swe","Suecia","2080440","Aguacates Frescos o Secos","242"
"2019","201911","2019-11","2","Exportaciones","na","América del Norte","can","Canadá","2080440","Aguacates Frescos o Secos","15255187"
"2019","201911","2019-11","2","Exportaciones","na","América del Norte","gtm","Guatemala","2080440","Aguacates Frescos o Secos","340101"
"2019","201911","2019-11","2","Exportaciones","na","América del Norte","hnd","Honduras","2080440","Aguacates Frescos o Secos","1602494"
"2019","201911","2019-11","2","Exportaciones","na","América del Norte","pan","Panamá","2080440","Aguacates Frescos o Secos","57468"
"2019","201911","2019-11","2","Exportaciones","na","América del Norte","slv","El Salvador","2080440","Aguacates Frescos o Secos","2764842"
"2019","201911","2019-11","2","Exportaciones","na","América del Norte","usa","Estados Unidos","2080440","Aguacates Frescos o Secos","158688609"
"2019","201911","2019-11","2","Exportaciones","oc","Oceanía","nzl","Nueva Zelandia","2080440","Aguacates Frescos o Secos","11771"
"2019","201911","2019-11","2","Exportaciones","sa","América del Sur","arg","Argentina","2080440","Aguacates Frescos o Secos","214043"
"2019","201912","2019-12","2","Exportaciones","af","África","nga","Nigeria","2080440","Aguacates Frescos o Secos","24"
"2019","201912","2019-12","2","Exportaciones","as","Asia","are","Emiratos Árabes Unidos","2080440","Aguacates Frescos o Secos","587813"
"2019","201912","2019-12","2","Exportaciones","as","Asia","bhr","Bahrein","2080440","Aguacates Frescos o Secos","72435"
"2019","201912","2019-12","2","Exportaciones","as","Asia","chn","China","2080440","Aguacates Frescos o Secos","1139459"
"2019","201912","2019-12","2","Exportaciones","as","Asia","hkg","Hong Kong","2080440","Aguacates Frescos o Secos","833913"
"2019","201912","2019-12","2","Exportaciones","as","Asia","jpn","Japón","2080440","Aguacates Frescos o Secos","11442478"
"2019","201912","2019-12","2","Exportaciones","as","Asia","kor","Corea del Sur","2080440","Aguacates Frescos o Secos","1284019"
"2019","201912","2019-12","2","Exportaciones","as","Asia","kwt","Kuwait","2080440","Aguacates Frescos o Secos","132686"
"2019","201912","2019-12","2","Exportaciones","as","Asia","mys","Malasia","2080440","Aguacates Frescos o Secos","77647"
"2019","201912","2019-12","2","Exportaciones","as","Asia","omn","Omán","2080440","Aguacates Frescos o Secos","13808"
"2019","201912","2019-12","2","Exportaciones","as","Asia","qat","Katar","2080440","Aguacates Frescos o Secos","8615"
"2019","201912","2019-12","2","Exportaciones","as","Asia","sau","Arabia Saudita","2080440","Aguacates Frescos o Secos","90904"
"2019","201912","2019-12","2","Exportaciones","as","Asia","sgp","Singapur","2080440","Aguacates Frescos o Secos","368746"
"2019","201912","2019-12","2","Exportaciones","eu","Europa","che","Suiza","2080440","Aguacates Frescos o Secos","44139"
"2019","201912","2019-12","2","Exportaciones","eu","Europa","deu","Alemania","2080440","Aguacates Frescos o Secos","131949"
"2019","201912","2019-12","2","Exportaciones","eu","Europa","esp","España","2080440","Aguacates Frescos o Secos","2296482"
"2019","201912","2019-12","2","Exportaciones","eu","Europa","fra","Francia","2080440","Aguacates Frescos o Secos","2163709"
"2019","201912","2019-12","2","Exportaciones","eu","Europa","gbr","Reino Unido","2080440","Aguacates Frescos o Secos","2136737"
"2019","201912","2019-12","2","Exportaciones","eu","Europa","ita","Italia","2080440","Aguacates Frescos o Secos","68855"
"2019","201912","2019-12","2","Exportaciones","eu","Europa","nld","Países Bajos","2080440","Aguacates Frescos o Secos","2589806"
"2019","201912","2019-12","2","Exportaciones","na","América del Norte","can","Canadá","2080440","Aguacates Frescos o Secos","18334053"
"2019","201912","2019-12","2","Exportaciones","na","América del Norte","gtm","Guatemala","2080440","Aguacates Frescos o Secos","349966"
"2019","201912","2019-12","2","Exportaciones","na","América del Norte","hnd","Honduras","2080440","Aguacates Frescos o Secos","1495980"
"2019","201912","2019-12","2","Exportaciones","na","América del Norte","pan","Panamá","2080440","Aguacates Frescos o Secos","128784"
"2019","201912","2019-12","2","Exportaciones","na","América del Norte","slv","El Salvador","2080440","Aguacates Frescos o Secos","2815923"
"2019","201912","2019-12","2","Exportaciones","na","América del Norte","usa","Estados Unidos","2080440","Aguacates Frescos o Secos","214812716"
"2020","202001","2020-01","2","Exportaciones","af","África","mar","Marruecos","2080440","Aguacates Frescos o Secos","28"
"2020","202001","2020-01","2","Exportaciones","as","Asia","are","Emiratos Árabes Unidos","2080440","Aguacates Frescos o Secos","576847"
"2020","202001","2020-01","2","Exportaciones","as","Asia","bhr","Bahrein","2080440","Aguacates Frescos o Secos","55419"
"2020","202001","2020-01","2","Exportaciones","as","Asia","chn","China","2080440","Aguacates Frescos o Secos","1506611"
"2020","202001","2020-01","2","Exportaciones","as","Asia","hkg","Hong Kong","2080440","Aguacates Frescos o Secos","798301"
"2020","202001","2020-01","2","Exportaciones","as","Asia","jpn","Japón","2080440","Aguacates Frescos o Secos","13710909"
"2020","202001","2020-01","2","Exportaciones","as","Asia","kor","Corea del Sur","2080440","Aguacates Frescos o Secos","1343130"
"2020","202001","2020-01","2","Exportaciones","as","Asia","kwt","Kuwait","2080440","Aguacates Frescos o Secos","180350"
"2020","202001","2020-01","2","Exportaciones","as","Asia","mys","Malasia","2080440","Aguacates Frescos o Secos","149025"
"2020","202001","2020-01","2","Exportaciones","as","Asia","omn","Omán","2080440","Aguacates Frescos o Secos","8601"
"2020","202001","2020-01","2","Exportaciones","as","Asia","sau","Arabia Saudita","2080440","Aguacates Frescos o Secos","173772"
"2020","202001","2020-01","2","Exportaciones","as","Asia","sgp","Singapur","2080440","Aguacates Frescos o Secos","537159"
"2020","202001","2020-01","2","Exportaciones","eu","Europa","deu","Alemania","2080440","Aguacates Frescos o Secos","15017"
"2020","202001","2020-01","2","Exportaciones","eu","Europa","esp","España","2080440","Aguacates Frescos o Secos","1871450"
"2020","202001","2020-01","2","Exportaciones","eu","Europa","fra","Francia","2080440","Aguacates Frescos o Secos","2555441"
"2020","202001","2020-01","2","Exportaciones","eu","Europa","gbr","Reino Unido","2080440","Aguacates Frescos o Secos","2049534"
"2020","202001","2020-01","2","Exportaciones","eu","Europa","irl","Irlanda","2080440","Aguacates Frescos o Secos","23745"
"2020","202001","2020-01","2","Exportaciones","eu","Europa","ita","Italia","2080440","Aguacates Frescos o Secos","94228"
"2020","202001","2020-01","2","Exportaciones","eu","Europa","nld","Países Bajos","2080440","Aguacates Frescos o Secos","1064453"
"2020","202001","2020-01","2","Exportaciones","na","América del Norte","can","Canadá","2080440","Aguacates Frescos o Secos","19126207"
"2020","202001","2020-01","2","Exportaciones","na","América del Norte","gtm","Guatemala","2080440","Aguacates Frescos o Secos","295405"
"2020","202001","2020-01","2","Exportaciones","na","América del Norte","hnd","Honduras","2080440","Aguacates Frescos o Secos","2601663"
"2020","202001","2020-01","2","Exportaciones","na","América del Norte","pan","Panamá","2080440","Aguacates Frescos o Secos","55819"
"2020","202001","2020-01","2","Exportaciones","na","América del Norte","slv","El Salvador","2080440","Aguacates Frescos o Secos","4105326"
"2020","202001","2020-01","2","Exportaciones","na","América del Norte","usa","Estados Unidos","2080440","Aguacates Frescos o Secos","240806415"
"2020","202001","2020-01","2","Exportaciones","oc","Oceanía","nzl","Nueva Zelandia","2080440","Aguacates Frescos o Secos","4472"
"2020","202001","2020-01","2","Exportaciones","sa","América del Sur","arg","Argentina","2080440","Aguacates Frescos o Secos","260069"
"2020","202002","2020-02","2","Exportaciones","as","Asia","are","Emiratos Árabes Unidos","2080440","Aguacates Frescos o Secos","927736"
"2020","202002","2020-02","2","Exportaciones","as","Asia","bhr","Bahrein","2080440","Aguacates Frescos o Secos","94536"
"2020","202002","2020-02","2","Exportaciones","as","Asia","chn","China","2080440","Aguacates Frescos o Secos","990315"
"2020","202002","2020-02","2","Exportaciones","as","Asia","hkg","Hong Kong","2080440","Aguacates Frescos o Secos","383099"
"2020","202002","2020-02","2","Exportaciones","as","Asia","jpn","Japón","2080440","Aguacates Frescos o Secos","18302342"
"2020","202002","2020-02","2","Exportaciones","as","Asia","kor","Corea del Sur","2080440","Aguacates Frescos o Secos","626896"
"2020","202002","2020-02","2","Exportaciones","as","Asia","kwt","Kuwait","2080440","Aguacates Frescos o Secos","269657"
"2020","202002","2020-02","2","Exportaciones","as","Asia","mys","Malasia","2080440","Aguacates Frescos o Secos","139058"
"2020","202002","2020-02","2","Exportaciones","as","Asia","omn","Omán","2080440","Aguacates Frescos o Secos","3652"
"2020","202002","2020-02","2","Exportaciones","as","Asia","qat","Katar","2080440","Aguacates Frescos o Secos","10181"
"2020","202002","2020-02","2","Exportaciones","as","Asia","sau","Arabia Saudita","2080440","Aguacates Frescos o Secos","221733"
"2020","202002","2020-02","2","Exportaciones","as","Asia","sgp","Singapur","2080440","Aguacates Frescos o Secos","368768"
"2020","202002","2020-02","2","Exportaciones","eu","Europa","bel","Bélgica","2080440","Aguacates Frescos o Secos","121892"
"2020","202002","2020-02","2","Exportaciones","eu","Europa","che","Suiza","2080440","Aguacates Frescos o Secos","121823"
"2020","202002","2020-02","2","Exportaciones","eu","Europa","deu","Alemania","2080440","Aguacates Frescos o Secos","260"
"2020","202002","2020-02","2","Exportaciones","eu","Europa","esp","España","2080440","Aguacates Frescos o Secos","1884997"
"2020","202002","2020-02","2","Exportaciones","eu","Europa","fra","Francia","2080440","Aguacates Frescos o Secos","3024786"
"2020","202002","2020-02","2","Exportaciones","eu","Europa","gbr","Reino Unido","2080440","Aguacates Frescos o Secos","1218980"
"2020","202002","2020-02","2","Exportaciones","eu","Europa","ita","Italia","2080440","Aguacates Frescos o Secos","205000"
"2020","202002","2020-02","2","Exportaciones","eu","Europa","nld","Países Bajos","2080440","Aguacates Frescos o Secos","1769317"
"2020","202002","2020-02","2","Exportaciones","eu","Europa","rus","Rusia","2080440","Aguacates Frescos o Secos","5127"
"2020","202002","2020-02","2","Exportaciones","na","América del Norte","can","Canadá","2080440","Aguacates Frescos o Secos","20517332"
"2020","202002","2020-02","2","Exportaciones","na","América del Norte","gtm","Guatemala","2080440","Aguacates Frescos o Secos","374564"
"2020","202002","2020-02","2","Exportaciones","na","América del Norte","hnd","Honduras","2080440","Aguacates Frescos o Secos","2441729"
"2020","202002","2020-02","2","Exportaciones","na","América del Norte","pan","Panamá","2080440","Aguacates Frescos o Secos","83572"
"2020","202002","2020-02","2","Exportaciones","na","América del Norte","slv","El Salvador","2080440","Aguacates Frescos o Secos","2874411"
"2020","202002","2020-02","2","Exportaciones","na","América del Norte","usa","Estados Unidos","2080440","Aguacates Frescos o Secos","216070126"
"2020","202002","2020-02","2","Exportaciones","sa","América del Sur","arg","Argentina","2080440","Aguacates Frescos o Secos","1190529"
"2020","202002","2020-02","2","Exportaciones","sa","América del Sur","chl","Chile","2080440","Aguacates Frescos o Secos","426622"
"2020","202003","2020-03","2","Exportaciones","as","Asia","are","Emiratos Árabes Unidos","2080440","Aguacates Frescos o Secos","664076"
"2020","202003","2020-03","2","Exportaciones","as","Asia","bhr","Bahrein","2080440","Aguacates Frescos o Secos","107279"
"2020","202003","2020-03","2","Exportaciones","as","Asia","chn","China","2080440","Aguacates Frescos o Secos","1217761"
"2020","202003","2020-03","2","Exportaciones","as","Asia","hkg","Hong Kong","2080440","Aguacates Frescos o Secos","116748"
"2020","202003","2020-03","2","Exportaciones","as","Asia","jpn","Japón","2080440","Aguacates Frescos o Secos","20533168"
"2020","202003","2020-03","2","Exportaciones","as","Asia","kwt","Kuwait","2080440","Aguacates Frescos o Secos","141754"
"2020","202003","2020-03","2","Exportaciones","as","Asia","mys","Malasia","2080440","Aguacates Frescos o Secos","123948"
"2020","202003","2020-03","2","Exportaciones","as","Asia","omn","Omán","2080440","Aguacates Frescos o Secos","9485"
"2020","202003","2020-03","2","Exportaciones","as","Asia","sau","Arabia Saudita","2080440","Aguacates Frescos o Secos","149332"
"2020","202003","2020-03","2","Exportaciones","as","Asia","sgp","Singapur","2080440","Aguacates Frescos o Secos","758826"
"2020","202003","2020-03","2","Exportaciones","eu","Europa","bel","Bélgica","2080440","Aguacates Frescos o Secos","105"
"2020","202003","2020-03","2","Exportaciones","eu","Europa","che","Suiza","2080440","Aguacates Frescos o Secos","130220"
"2020","202003","2020-03","2","Exportaciones","eu","Europa","deu","Alemania","2080440","Aguacates Frescos o Secos","148"
"2020","202003","2020-03","2","Exportaciones","eu","Europa","esp","España","2080440","Aguacates Frescos o Secos","1185198"
"2020","202003","2020-03","2","Exportaciones","eu","Europa","fra","Francia","2080440","Aguacates Frescos o Secos","2272830"
"2020","202003","2020-03","2","Exportaciones","eu","Europa","gbr","Reino Unido","2080440","Aguacates Frescos o Secos","549732"
"2020","202003","2020-03","2","Exportaciones","eu","Europa","ita","Italia","2080440","Aguacates Frescos o Secos","320861"
"2020","202003","2020-03","2","Exportaciones","eu","Europa","nld","Países Bajos","2080440","Aguacates Frescos o Secos","388735"
"2020","202003","2020-03","2","Exportaciones","na","América del Norte","can","Canadá","2080440","Aguacates Frescos o Secos","23319632"
"2020","202003","2020-03","2","Exportaciones","na","América del Norte","gtm","Guatemala","2080440","Aguacates Frescos o Secos","602428"
"2020","202003","2020-03","2","Exportaciones","na","América del Norte","hnd","Honduras","2080440","Aguacates Frescos o Secos","2499098"
"2020","202003","2020-03","2","Exportaciones","na","América del Norte","pan","Panamá","2080440","Aguacates Frescos o Secos","82553"
"2020","202003","2020-03","2","Exportaciones","na","América del Norte","slv","El Salvador","2080440","Aguacates Frescos o Secos","2729464"
"2020","202003","2020-03","2","Exportaciones","na","América del Norte","usa","Estados Unidos","2080440","Aguacates Frescos o Secos","300065504"
"2020","202003","2020-03","2","Exportaciones","sa","América del Sur","arg","Argentina","2080440","Aguacates Frescos o Secos","407987"
"2020","202003","2020-03","2","Exportaciones","sa","América del Sur","chl","Chile","2080440","Aguacates Frescos o Secos","234574"
"2020","202004","2020-04","2","Exportaciones","as","Asia","are","Emiratos Árabes Unidos","2080440","Aguacates Frescos o Secos","273998"
"2020","202004","2020-04","2","Exportaciones","as","Asia","bhr","Bahrein","2080440","Aguacates Frescos o Secos","71072"
"2020","202004","2020-04","2","Exportaciones","as","Asia","hkg","Hong Kong","2080440","Aguacates Frescos o Secos","34136"
"2020","202004","2020-04","2","Exportaciones","as","Asia","jpn","Japón","2080440","Aguacates Frescos o Secos","12608107"
"2020","202004","2020-04","2","Exportaciones","as","Asia","kwt","Kuwait","2080440","Aguacates Frescos o Secos","59215"
"2020","202004","2020-04","2","Exportaciones","as","Asia","sau","Arabia Saudita","2080440","Aguacates Frescos o Secos","87314"
"2020","202004","2020-04","2","Exportaciones","as","Asia","sgp","Singapur","2080440","Aguacates Frescos o Secos","43187"
"2020","202004","2020-04","2","Exportaciones","eu","Europa","esp","España","2080440","Aguacates Frescos o Secos","257692"
"2020","202004","2020-04","2","Exportaciones","eu","Europa","fra","Francia","2080440","Aguacates Frescos o Secos","286991"
"2020","202004","2020-04","2","Exportaciones","eu","Europa","ita","Italia","2080440","Aguacates Frescos o Secos","113396"
"2020","202004","2020-04","2","Exportaciones","na","América del Norte","can","Canadá","2080440","Aguacates Frescos o Secos","18298012"
"2020","202004","2020-04","2","Exportaciones","na","América del Norte","gtm","Guatemala","2080440","Aguacates Frescos o Secos","457363"
"2020","202004","2020-04","2","Exportaciones","na","América del Norte","hnd","Honduras","2080440","Aguacates Frescos o Secos","1630378"
"2020","202004","2020-04","2","Exportaciones","na","América del Norte","pan","Panamá","2080440","Aguacates Frescos o Secos","14949"
"2020","202004","2020-04","2","Exportaciones","na","América del Norte","slv","El Salvador","2080440","Aguacates Frescos o Secos","2207489"
"2020","202004","2020-04","2","Exportaciones","na","América del Norte","usa","Estados Unidos","2080440","Aguacates Frescos o Secos","178977668"
"2020","202004","2020-04","2","Exportaciones","oc","Oceanía","nzl","Nueva Zelandia","2080440","Aguacates Frescos o Secos","6174"
"2020","202005","2020-05","2","Exportaciones","as","Asia","are","Emiratos Árabes Unidos","2080440","Aguacates Frescos o Secos","347433"
"2020","202005","2020-05","2","Exportaciones","as","Asia","bhr","Bahrein","2080440","Aguacates Frescos o Secos","80277"
"2020","202005","2020-05","2","Exportaciones","as","Asia","hkg","Hong Kong","2080440","Aguacates Frescos o Secos","285367"
"2020","202005","2020-05","2","Exportaciones","as","Asia","jpn","Japón","2080440","Aguacates Frescos o Secos","9165943"
"2020","202005","2020-05","2","Exportaciones","as","Asia","kwt","Kuwait","2080440","Aguacates Frescos o Secos","80605"
"2020","202005","2020-05","2","Exportaciones","as","Asia","omn","Omán","2080440","Aguacates Frescos o Secos","4307"
"2020","202005","2020-05","2","Exportaciones","as","Asia","sau","Arabia Saudita","2080440","Aguacates Frescos o Secos","43576"
"2020","202005","2020-05","2","Exportaciones","as","Asia","sgp","Singapur","2080440","Aguacates Frescos o Secos","24655"
"2020","202005","2020-05","2","Exportaciones","eu","Europa","esp","España","2080440","Aguacates Frescos o Secos","1151148"
"2020","202005","2020-05","2","Exportaciones","eu","Europa","fra","Francia","2080440","Aguacates Frescos o Secos","415"
"2020","202005","2020-05","2","Exportaciones","eu","Europa","gbr","Reino Unido","2080440","Aguacates Frescos o Secos","81732"
"2020","202005","2020-05","2","Exportaciones","eu","Europa","ita","Italia","2080440","Aguacates Frescos o Secos","113286"
"2020","202005","2020-05","2","Exportaciones","eu","Europa","nld","Países Bajos","2080440","Aguacates Frescos o Secos","75589"
"2020","202005","2020-05","2","Exportaciones","eu","Europa","swe","Suecia","2080440","Aguacates Frescos o Secos","2"
"2020","202005","2020-05","2","Exportaciones","na","América del Norte","can","Canadá","2080440","Aguacates Frescos o Secos","16103319"
"2020","202005","2020-05","2","Exportaciones","na","América del Norte","gtm","Guatemala","2080440","Aguacates Frescos o Secos","379233"
"2020","202005","2020-05","2","Exportaciones","na","América del Norte","hnd","Honduras","2080440","Aguacates Frescos o Secos","1358861"
"2020","202005","2020-05","2","Exportaciones","na","América del Norte","pan","Panamá","2080440","Aguacates Frescos o Secos","49631"
"2020","202005","2020-05","2","Exportaciones","na","América del Norte","slv","El Salvador","2080440","Aguacates Frescos o Secos","545431"
"2020","202005","2020-05","2","Exportaciones","na","América del Norte","usa","Estados Unidos","2080440","Aguacates Frescos o Secos","186052058"
"2020","202005","2020-05","2","Exportaciones","oc","Oceanía","nzl","Nueva Zelandia","2080440","Aguacates Frescos o Secos","15587"
"2020","202005","2020-05","2","Exportaciones","sa","América del Sur","ven","Venezuela","2080440","Aguacates Frescos o Secos","15"
"2020","202006","2020-06","2","Exportaciones","as","Asia","are","Emiratos Árabes Unidos","2080440","Aguacates Frescos o Secos","299942"
"2020","202006","2020-06","2","Exportaciones","as","Asia","bhr","Bahrein","2080440","Aguacates Frescos o Secos","67917"
"2020","202006","2020-06","2","Exportaciones","as","Asia","hkg","Hong Kong","2080440","Aguacates Frescos o Secos","673632"
"2020","202006","2020-06","2","Exportaciones","as","Asia","jpn","Japón","2080440","Aguacates Frescos o Secos","10855308"
"2020","202006","2020-06","2","Exportaciones","as","Asia","kwt","Kuwait","2080440","Aguacates Frescos o Secos","113029"
"2020","202006","2020-06","2","Exportaciones","as","Asia","mys","Malasia","2080440","Aguacates Frescos o Secos","15921"
"2020","202006","2020-06","2","Exportaciones","as","Asia","sau","Arabia Saudita","2080440","Aguacates Frescos o Secos","24569"
"2020","202006","2020-06","2","Exportaciones","as","Asia","sgp","Singapur","2080440","Aguacates Frescos o Secos","216034"
"2020","202006","2020-06","2","Exportaciones","eu","Europa","esp","España","2080440","Aguacates Frescos o Secos","501687"
"2020","202006","2020-06","2","Exportaciones","eu","Europa","fra","Francia","2080440","Aguacates Frescos o Secos","123"
"2020","202006","2020-06","2","Exportaciones","eu","Europa","gbr","Reino Unido","2080440","Aguacates Frescos o Secos","264488"
"2020","202006","2020-06","2","Exportaciones","eu","Europa","lie","Liechtenstein","2080440","Aguacates Frescos o Secos","13602"
"2020","202006","2020-06","2","Exportaciones","eu","Europa","nld","Países Bajos","2080440","Aguacates Frescos o Secos","457394"
"2020","202006","2020-06","2","Exportaciones","na","América del Norte","can","Canadá","2080440","Aguacates Frescos o Secos","20365113"
"2020","202006","2020-06","2","Exportaciones","na","América del Norte","gtm","Guatemala","2080440","Aguacates Frescos o Secos","416040"
"2020","202006","2020-06","2","Exportaciones","na","América del Norte","hnd","Honduras","2080440","Aguacates Frescos o Secos","1146527"
"2020","202006","2020-06","2","Exportaciones","na","América del Norte","pan","Panamá","2080440","Aguacates Frescos o Secos","90512"
"2020","202006","2020-06","2","Exportaciones","na","América del Norte","slv","El Salvador","2080440","Aguacates Frescos o Secos","1089407"
"2020","202006","2020-06","2","Exportaciones","na","América del Norte","usa","Estados Unidos","2080440","Aguacates Frescos o Secos","191194072"
"2020","202006","2020-06","2","Exportaciones","oc","Oceanía","nzl","Nueva Zelandia","2080440","Aguacates Frescos o Secos","13291"
"2020","202007","2020-07","2","Exportaciones","as","Asia","are","Emiratos Árabes Unidos","2080440","Aguacates Frescos o Secos","367430"
"2020","202007","2020-07","2","Exportaciones","as","Asia","bhr","Bahrein","2080440","Aguacates Frescos o Secos","52215"
"2020","202007","2020-07","2","Exportaciones","as","Asia","chn","China","2080440","Aguacates Frescos o Secos","189041"
"2020","202007","2020-07","2","Exportaciones","as","Asia","hkg","Hong Kong","2080440","Aguacates Frescos o Secos","994550"
"2020","202007","2020-07","2","Exportaciones","as","Asia","jpn","Japón","2080440","Aguacates Frescos o Secos","12334826"
"2020","202007","2020-07","2","Exportaciones","as","Asia","kor","Corea del Sur","2080440","Aguacates Frescos o Secos","566873"
"2020","202007","2020-07","2","Exportaciones","as","Asia","kwt","Kuwait","2080440","Aguacates Frescos o Secos","182790"
"2020","202007","2020-07","2","Exportaciones","as","Asia","mys","Malasia","2080440","Aguacates Frescos o Secos","46654"
"2020","202007","2020-07","2","Exportaciones","as","Asia","sau","Arabia Saudita","2080440","Aguacates Frescos o Secos","54530"
"2020","202007","2020-07","2","Exportaciones","as","Asia","sgp","Singapur","2080440","Aguacates Frescos o Secos","429710"
"2020","202007","2020-07","2","Exportaciones","eu","Europa","esp","España","2080440","Aguacates Frescos o Secos","1966122"
"2020","202007","2020-07","2","Exportaciones","eu","Europa","fra","Francia","2080440","Aguacates Frescos o Secos","231651"
"2020","202007","2020-07","2","Exportaciones","eu","Europa","gbr","Reino Unido","2080440","Aguacates Frescos o Secos","349313"
"2020","202007","2020-07","2","Exportaciones","eu","Europa","ita","Italia","2080440","Aguacates Frescos o Secos","47992"
"2020","202007","2020-07","2","Exportaciones","eu","Europa","lie","Liechtenstein","2080440","Aguacates Frescos o Secos","12336"
"2020","202007","2020-07","2","Exportaciones","eu","Europa","mlt","Malta","2080440","Aguacates Frescos o Secos","103"
"2020","202007","2020-07","2","Exportaciones","eu","Europa","nld","Países Bajos","2080440","Aguacates Frescos o Secos","616789"
"2020","202007","2020-07","2","Exportaciones","na","América del Norte","can","Canadá","2080440","Aguacates Frescos o Secos","15364208"
"2020","202007","2020-07","2","Exportaciones","na","América del Norte","gtm","Guatemala","2080440","Aguacates Frescos o Secos","751280"
"2020","202007","2020-07","2","Exportaciones","na","América del Norte","hnd","Honduras","2080440","Aguacates Frescos o Secos","1037707"
"2020","202007","2020-07","2","Exportaciones","na","América del Norte","pan","Panamá","2080440","Aguacates Frescos o Secos","14914"
"2020","202007","2020-07","2","Exportaciones","na","América del Norte","slv","El Salvador","2080440","Aguacates Frescos o Secos","1358465"
"2020","202007","2020-07","2","Exportaciones","na","América del Norte","usa","Estados Unidos","2080440","Aguacates Frescos o Secos","108985162"
"2020","202007","2020-07","2","Exportaciones","sa","América del Sur","arg","Argentina","2080440","Aguacates Frescos o Secos","47992"
"2020","202008","2020-08","2","Exportaciones","as","Asia","are","Emiratos Árabes Unidos","2080440","Aguacates Frescos o Secos","371196"
"2020","202008","2020-08","2","Exportaciones","as","Asia","bhr","Bahrein","2080440","Aguacates Frescos o Secos","74727"
"2020","202008","2020-08","2","Exportaciones","as","Asia","chn","China","2080440","Aguacates Frescos o Secos","1103458"
"2020","202008","2020-08","2","Exportaciones","as","Asia","hkg","Hong Kong","2080440","Aguacates Frescos o Secos","933277"
"2020","202008","2020-08","2","Exportaciones","as","Asia","jpn","Japón","2080440","Aguacates Frescos o Secos","13135342"
"2020","202008","2020-08","2","Exportaciones","as","Asia","kor","Corea del Sur","2080440","Aguacates Frescos o Secos","793006"
"2020","202008","2020-08","2","Exportaciones","as","Asia","kwt","Kuwait","2080440","Aguacates Frescos o Secos","250188"
"2020","202008","2020-08","2","Exportaciones","as","Asia","mys","Malasia","2080440","Aguacates Frescos o Secos","211706"
"2020","202008","2020-08","2","Exportaciones","as","Asia","omn","Omán","2080440","Aguacates Frescos o Secos","2776"
"2020","202008","2020-08","2","Exportaciones","as","Asia","sau","Arabia Saudita","2080440","Aguacates Frescos o Secos","141287"
"2020","202008","2020-08","2","Exportaciones","as","Asia","sgp","Singapur","2080440","Aguacates Frescos o Secos","444513"
"2020","202008","2020-08","2","Exportaciones","eu","Europa","che","Suiza","2080440","Aguacates Frescos o Secos","1228"
"2020","202008","2020-08","2","Exportaciones","eu","Europa","deu","Alemania","2080440","Aguacates Frescos o Secos","232981"
"2020","202008","2020-08","2","Exportaciones","eu","Europa","esp","España","2080440","Aguacates Frescos o Secos","5616574"
"2020","202008","2020-08","2","Exportaciones","eu","Europa","fra","Francia","2080440","Aguacates Frescos o Secos","2416959"
"2020","202008","2020-08","2","Exportaciones","eu","Europa","gbr","Reino Unido","2080440","Aguacates Frescos o Secos","1913826"
"2020","202008","2020-08","2","Exportaciones","eu","Europa","ita","Italia","2080440","Aguacates Frescos o Secos","150899"
"2020","202008","2020-08","2","Exportaciones","eu","Europa","nld","Países Bajos","2080440","Aguacates Frescos o Secos","4170228"
"2020","202008","2020-08","2","Exportaciones","eu","Europa","rou","Rumania","2080440","Aguacates Frescos o Secos","136862"
"2020","202008","2020-08","2","Exportaciones","eu","Europa","rus","Rusia","2080440","Aguacates Frescos o Secos","46322"
"2020","202008","2020-08","2","Exportaciones","na","América del Norte","can","Canadá","2080440","Aguacates Frescos o Secos","12496114"
"2020","202008","2020-08","2","Exportaciones","na","América del Norte","gtm","Guatemala","2080440","Aguacates Frescos o Secos","503599"
"2020","202008","2020-08","2","Exportaciones","na","América del Norte","hnd","Honduras","2080440","Aguacates Frescos o Secos","978698"
"2020","202008","2020-08","2","Exportaciones","na","América del Norte","pan","Panamá","2080440","Aguacates Frescos o Secos","47361"
"2020","202008","2020-08","2","Exportaciones","na","América del Norte","slv","El Salvador","2080440","Aguacates Frescos o Secos","2501415"
"2020","202008","2020-08","2","Exportaciones","na","América del Norte","usa","Estados Unidos","2080440","Aguacates Frescos o Secos","154924206"
"2020","202008","2020-08","2","Exportaciones","sa","América del Sur","arg","Argentina","2080440","Aguacates Frescos o Secos","196520"
"2020","202009","2020-09","2","Exportaciones","as","Asia","are","Emiratos Árabes Unidos","2080440","Aguacates Frescos o Secos","411453"
"2020","202009","2020-09","2","Exportaciones","as","Asia","bhr","Bahrein","2080440","Aguacates Frescos o Secos","68757"
"2020","202009","2020-09","2","Exportaciones","as","Asia","chn","China","2080440","Aguacates Frescos o Secos","2117919"
"2020","202009","2020-09","2","Exportaciones","as","Asia","hkg","Hong Kong","2080440","Aguacates Frescos o Secos","1072681"
"2020","202009","2020-09","2","Exportaciones","as","Asia","jpn","Japón","2080440","Aguacates Frescos o Secos","12751488"
"2020","202009","2020-09","2","Exportaciones","as","Asia","kor","Corea del Sur","2080440","Aguacates Frescos o Secos","1034796"
"2020","202009","2020-09","2","Exportaciones","as","Asia","kwt","Kuwait","2080440","Aguacates Frescos o Secos","254420"
"2020","202009","2020-09","2","Exportaciones","as","Asia","mys","Malasia","2080440","Aguacates Frescos o Secos","104661"
"2020","202009","2020-09","2","Exportaciones","as","Asia","omn","Omán","2080440","Aguacates Frescos o Secos","2497"
"2020","202009","2020-09","2","Exportaciones","as","Asia","sau","Arabia Saudita","2080440","Aguacates Frescos o Secos","93358"
"2020","202009","2020-09","2","Exportaciones","as","Asia","sgp","Singapur","2080440","Aguacates Frescos o Secos","349384"
"2020","202009","2020-09","2","Exportaciones","eu","Europa","bel","Bélgica","2080440","Aguacates Frescos o Secos","294485"
"2020","202009","2020-09","2","Exportaciones","eu","Europa","che","Suiza","2080440","Aguacates Frescos o Secos","416251"
"2020","202009","2020-09","2","Exportaciones","eu","Europa","deu","Alemania","2080440","Aguacates Frescos o Secos","539967"
"2020","202009","2020-09","2","Exportaciones","eu","Europa","esp","España","2080440","Aguacates Frescos o Secos","16352421"
"2020","202009","2020-09","2","Exportaciones","eu","Europa","fra","Francia","2080440","Aguacates Frescos o Secos","4647023"
"2020","202009","2020-09","2","Exportaciones","eu","Europa","gbr","Reino Unido","2080440","Aguacates Frescos o Secos","1805557"
"2020","202009","2020-09","2","Exportaciones","eu","Europa","irl","Irlanda","2080440","Aguacates Frescos o Secos","166654"
"2020","202009","2020-09","2","Exportaciones","eu","Europa","ita","Italia","2080440","Aguacates Frescos o Secos","235588"
"2020","202009","2020-09","2","Exportaciones","eu","Europa","lie","Liechtenstein","2080440","Aguacates Frescos o Secos","1326"
"2020","202009","2020-09","2","Exportaciones","eu","Europa","mlt","Malta","2080440","Aguacates Frescos o Secos","631"
"2020","202009","2020-09","2","Exportaciones","eu","Europa","nld","Países Bajos","2080440","Aguacates Frescos o Secos","9533475"
"2020","202009","2020-09","2","Exportaciones","na","América del Norte","can","Canadá","2080440","Aguacates Frescos o Secos","15471871"
"2020","202009","2020-09","2","Exportaciones","na","América del Norte","gtm","Guatemala","2080440","Aguacates Frescos o Secos","760941"
"2020","202009","2020-09","2","Exportaciones","na","América del Norte","hnd","Honduras","2080440","Aguacates Frescos o Secos","1101027"
"2020","202009","2020-09","2","Exportaciones","na","América del Norte","pan","Panamá","2080440","Aguacates Frescos o Secos","3745"
"2020","202009","2020-09","2","Exportaciones","na","América del Norte","slv","El Salvador","2080440","Aguacates Frescos o Secos","2233590"
"2020","202009","2020-09","2","Exportaciones","na","América del Norte","usa","Estados Unidos","2080440","Aguacates Frescos o Secos","164838947"
"2020","202009","2020-09","2","Exportaciones","oc","Oceanía","nzl","Nueva Zelandia","2080440","Aguacates Frescos o Secos","9942"
"2020","202009","2020-09","2","Exportaciones","sa","América del Sur","arg","Argentina","2080440","Aguacates Frescos o Secos","418706"
"2020","202010","2020-10","2","Exportaciones","as","Asia","are","Emiratos Árabes Unidos","2080440","Aguacates Frescos o Secos","735669"
"2020","202010","2020-10","2","Exportaciones","as","Asia","bhr","Bahrein","2080440","Aguacates Frescos o Secos","82782"
"2020","202010","2020-10","2","Exportaciones","as","Asia","chn","China","2080440","Aguacates Frescos o Secos","1439899"
"2020","202010","2020-10","2","Exportaciones","as","Asia","hkg","Hong Kong","2080440","Aguacates Frescos o Secos","785282"
"2020","202010","2020-10","2","Exportaciones","as","Asia","jpn","Japón","2080440","Aguacates Frescos o Secos","11607852"
"2020","202010","2020-10","2","Exportaciones","as","Asia","kor","Corea del Sur","2080440","Aguacates Frescos o Secos","2502717"
"2020","202010","2020-10","2","Exportaciones","as","Asia","kwt","Kuwait","2080440","Aguacates Frescos o Secos","191320"
"2020","202010","2020-10","2","Exportaciones","as","Asia","mys","Malasia","2080440","Aguacates Frescos o Secos","115159"
"2020","202010","2020-10","2","Exportaciones","as","Asia","omn","Omán","2080440","Aguacates Frescos o Secos","4184"
"2020","202010","2020-10","2","Exportaciones","as","Asia","qat","Katar","2080440","Aguacates Frescos o Secos","4606"
"2020","202010","2020-10","2","Exportaciones","as","Asia","sau","Arabia Saudita","2080440","Aguacates Frescos o Secos","130145"
"2020","202010","2020-10","2","Exportaciones","as","Asia","sgp","Singapur","2080440","Aguacates Frescos o Secos","348909"
"2020","202010","2020-10","2","Exportaciones","eu","Europa","bel","Bélgica","2080440","Aguacates Frescos o Secos","490742"
"2020","202010","2020-10","2","Exportaciones","eu","Europa","che","Suiza","2080440","Aguacates Frescos o Secos","1087853"
"2020","202010","2020-10","2","Exportaciones","eu","Europa","deu","Alemania","2080440","Aguacates Frescos o Secos","486475"
"2020","202010","2020-10","2","Exportaciones","eu","Europa","esp","España","2080440","Aguacates Frescos o Secos","17132354"
"2020","202010","2020-10","2","Exportaciones","eu","Europa","fra","Francia","2080440","Aguacates Frescos o Secos","6756166"
"2020","202010","2020-10","2","Exportaciones","eu","Europa","gbr","Reino Unido","2080440","Aguacates Frescos o Secos","3447947"
"2020","202010","2020-10","2","Exportaciones","eu","Europa","irl","Irlanda","2080440","Aguacates Frescos o Secos","362153"
"2020","202010","2020-10","2","Exportaciones","eu","Europa","ita","Italia","2080440","Aguacates Frescos o Secos","608322"
"2020","202010","2020-10","2","Exportaciones","eu","Europa","lie","Liechtenstein","2080440","Aguacates Frescos o Secos","3445"
"2020","202010","2020-10","2","Exportaciones","eu","Europa","ltu","Lituania","2080440","Aguacates Frescos o Secos","19742"
"2020","202010","2020-10","2","Exportaciones","eu","Europa","nld","Países Bajos","2080440","Aguacates Frescos o Secos","11402161"
"2020","202010","2020-10","2","Exportaciones","eu","Europa","rou","Rumania","2080440","Aguacates Frescos o Secos","147406"
"2020","202010","2020-10","2","Exportaciones","eu","Europa","rus","Rusia","2080440","Aguacates Frescos o Secos","93"
"2020","202010","2020-10","2","Exportaciones","na","América del Norte","can","Canadá","2080440","Aguacates Frescos o Secos","14591128"
"2020","202010","2020-10","2","Exportaciones","na","América del Norte","gtm","Guatemala","2080440","Aguacates Frescos o Secos","466675"
"2020","202010","2020-10","2","Exportaciones","na","América del Norte","hnd","Honduras","2080440","Aguacates Frescos o Secos","1607410"
"2020","202010","2020-10","2","Exportaciones","na","América del Norte","pan","Panamá","2080440","Aguacates Frescos o Secos","9759"
"2020","202010","2020-10","2","Exportaciones","na","América del Norte","slv","El Salvador","2080440","Aguacates Frescos o Secos","2921516"
"2020","202010","2020-10","2","Exportaciones","na","América del Norte","usa","Estados Unidos","2080440","Aguacates Frescos o Secos","161594153"
"2020","202010","2020-10","2","Exportaciones","oc","Oceanía","nzl","Nueva Zelandia","2080440","Aguacates Frescos o Secos","8292"
"2020","202010","2020-10","2","Exportaciones","sa","América del Sur","arg","Argentina","2080440","Aguacates Frescos o Secos","281047"
"2020","202011","2020-11","2","Exportaciones","as","Asia","are","Emiratos Árabes Unidos","2080440","Aguacates Frescos o Secos","593234"
"2020","202011","2020-11","2","Exportaciones","as","Asia","bhr","Bahrein","2080440","Aguacates Frescos o Secos","65885"
"2020","202011","2020-11","2","Exportaciones","as","Asia","chn","China","2080440","Aguacates Frescos o Secos","1704030"
"2020","202011","2020-11","2","Exportaciones","as","Asia","hkg","Hong Kong","2080440","Aguacates Frescos o Secos","826113"
"2020","202011","2020-11","2","Exportaciones","as","Asia","jpn","Japón","2080440","Aguacates Frescos o Secos","12276363"
"2020","202011","2020-11","2","Exportaciones","as","Asia","kor","Corea del Sur","2080440","Aguacates Frescos o Secos","1962756"
"2020","202011","2020-11","2","Exportaciones","as","Asia","kwt","Kuwait","2080440","Aguacates Frescos o Secos","89250"
"2020","202011","2020-11","2","Exportaciones","as","Asia","mys","Malasia","2080440","Aguacates Frescos o Secos","108994"
"2020","202011","2020-11","2","Exportaciones","as","Asia","omn","Omán","2080440","Aguacates Frescos o Secos","5631"
"2020","202011","2020-11","2","Exportaciones","as","Asia","qat","Katar","2080440","Aguacates Frescos o Secos","11102"
"2020","202011","2020-11","2","Exportaciones","as","Asia","sau","Arabia Saudita","2080440","Aguacates Frescos o Secos","53723"
"2020","202011","2020-11","2","Exportaciones","as","Asia","sgp","Singapur","2080440","Aguacates Frescos o Secos","367969"
"2020","202011","2020-11","2","Exportaciones","eu","Europa","bel","Bélgica","2080440","Aguacates Frescos o Secos","262986"
"2020","202011","2020-11","2","Exportaciones","eu","Europa","che","Suiza","2080440","Aguacates Frescos o Secos","104100"
"2020","202011","2020-11","2","Exportaciones","eu","Europa","deu","Alemania","2080440","Aguacates Frescos o Secos","68629"
"2020","202011","2020-11","2","Exportaciones","eu","Europa","esp","España","2080440","Aguacates Frescos o Secos","7110884"
"2020","202011","2020-11","2","Exportaciones","eu","Europa","fra","Francia","2080440","Aguacates Frescos o Secos","3901321"
"2020","202011","2020-11","2","Exportaciones","eu","Europa","gbr","Reino Unido","2080440","Aguacates Frescos o Secos","2326146"
"2020","202011","2020-11","2","Exportaciones","eu","Europa","irl","Irlanda","2080440","Aguacates Frescos o Secos","65747"
"2020","202011","2020-11","2","Exportaciones","eu","Europa","ita","Italia","2080440","Aguacates Frescos o Secos","474932"
"2020","202011","2020-11","2","Exportaciones","eu","Europa","nld","Países Bajos","2080440","Aguacates Frescos o Secos","2279144"
"2020","202011","2020-11","2","Exportaciones","eu","Europa","prt","Portugal","2080440","Aguacates Frescos o Secos","33741"
"2020","202011","2020-11","2","Exportaciones","eu","Europa","rou","Rumania","2080440","Aguacates Frescos o Secos","87413"
"2020","202011","2020-11","2","Exportaciones","eu","Europa","rus","Rusia","2080440","Aguacates Frescos o Secos","47"
"2020","202011","2020-11","2","Exportaciones","na","América del Norte","can","Canadá","2080440","Aguacates Frescos o Secos","10849228"
"2020","202011","2020-11","2","Exportaciones","na","América del Norte","gtm","Guatemala","2080440","Aguacates Frescos o Secos","319506"
"2020","202011","2020-11","2","Exportaciones","na","América del Norte","hnd","Honduras","2080440","Aguacates Frescos o Secos","1564899"
"2020","202011","2020-11","2","Exportaciones","na","América del Norte","pan","Panamá","2080440","Aguacates Frescos o Secos","16744"
"2020","202011","2020-11","2","Exportaciones","na","América del Norte","slv","El Salvador","2080440","Aguacates Frescos o Secos","2600974"
"2020","202011","2020-11","2","Exportaciones","na","América del Norte","usa","Estados Unidos","2080440","Aguacates Frescos o Secos","148204214"
"2020","202011","2020-11","2","Exportaciones","sa","América del Sur","arg","Argentina","2080440","Aguacates Frescos o Secos","155619"
"2020","202011","2020-11","2","Exportaciones","sa","América del Sur","ury","Uruguay","2080440","Aguacates Frescos o Secos","16138"
"2020","202012","2020-12","2","Exportaciones","as","Asia","are","Emiratos Árabes Unidos","2080440","Aguacates Frescos o Secos","515946"
"2020","202012","2020-12","2","Exportaciones","as","Asia","bhr","Bahrein","2080440","Aguacates Frescos o Secos","83973"
"2020","202012","2020-12","2","Exportaciones","as","Asia","brn","Brunéi","2080440","Aguacates Frescos o Secos","10829"
"2020","202012","2020-12","2","Exportaciones","as","Asia","chn","China","2080440","Aguacates Frescos o Secos","2249350"
"2020","202012","2020-12","2","Exportaciones","as","Asia","hkg","Hong Kong","2080440","Aguacates Frescos o Secos","1095519"
"2020","202012","2020-12","2","Exportaciones","as","Asia","jpn","Japón","2080440","Aguacates Frescos o Secos","9164861"
"2020","202012","2020-12","2","Exportaciones","as","Asia","kor","Corea del Sur","2080440","Aguacates Frescos o Secos","1868070"
"2020","202012","2020-12","2","Exportaciones","as","Asia","kwt","Kuwait","2080440","Aguacates Frescos o Secos","85324"
"2020","202012","2020-12","2","Exportaciones","as","Asia","mys","Malasia","2080440","Aguacates Frescos o Secos","143392"
"2020","202012","2020-12","2","Exportaciones","as","Asia","omn","Omán","2080440","Aguacates Frescos o Secos","1979"
"2020","202012","2020-12","2","Exportaciones","as","Asia","qat","Katar","2080440","Aguacates Frescos o Secos","10507"
"2020","202012","2020-12","2","Exportaciones","as","Asia","sau","Arabia Saudita","2080440","Aguacates Frescos o Secos","84398"
"2020","202012","2020-12","2","Exportaciones","as","Asia","sgp","Singapur","2080440","Aguacates Frescos o Secos","487335"
"2020","202012","2020-12","2","Exportaciones","as","Asia","tur","Turquía","2080440","Aguacates Frescos o Secos","13134"
"2020","202012","2020-12","2","Exportaciones","eu","Europa","bel","Bélgica","2080440","Aguacates Frescos o Secos","439728"
"2020","202012","2020-12","2","Exportaciones","eu","Europa","che","Suiza","2080440","Aguacates Frescos o Secos","33023"
"2020","202012","2020-12","2","Exportaciones","eu","Europa","deu","Alemania","2080440","Aguacates Frescos o Secos","309117"
"2020","202012","2020-12","2","Exportaciones","eu","Europa","esp","España","2080440","Aguacates Frescos o Secos","4170424"
"2020","202012","2020-12","2","Exportaciones","eu","Europa","fra","Francia","2080440","Aguacates Frescos o Secos","3707885"
"2020","202012","2020-12","2","Exportaciones","eu","Europa","gbr","Reino Unido","2080440","Aguacates Frescos o Secos","2488801"
"2020","202012","2020-12","2","Exportaciones","eu","Europa","ita","Italia","2080440","Aguacates Frescos o Secos","475400"
"2020","202012","2020-12","2","Exportaciones","eu","Europa","lie","Liechtenstein","2080440","Aguacates Frescos o Secos","2101"
"2020","202012","2020-12","2","Exportaciones","eu","Europa","nld","Países Bajos","2080440","Aguacates Frescos o Secos","2098867"
"2020","202012","2020-12","2","Exportaciones","na","América del Norte","can","Canadá","2080440","Aguacates Frescos o Secos","12950478"
"2020","202012","2020-12","2","Exportaciones","na","América del Norte","gtm","Guatemala","2080440","Aguacates Frescos o Secos","389649"
"2020","202012","2020-12","2","Exportaciones","na","América del Norte","hnd","Honduras","2080440","Aguacates Frescos o Secos","1712514"
"2020","202012","2020-12","2","Exportaciones","na","América del Norte","pan","Panamá","2080440","Aguacates Frescos o Secos","9894"
"2020","202012","2020-12","2","Exportaciones","na","América del Norte","slv","El Salvador","2080440","Aguacates Frescos o Secos","2913900"
"2020","202012","2020-12","2","Exportaciones","na","América del Norte","usa","Estados Unidos","2080440","Aguacates Frescos o Secos","163876679"
"2020","202012","2020-12","2","Exportaciones","oc","Oceanía","nzl","Nueva Zelandia","2080440","Aguacates Frescos o Secos","4597"
"2020","202012","2020-12","2","Exportaciones","sa","América del Sur","arg","Argentina","2080440","Aguacates Frescos o Secos","748478"
"2020","202012","2020-12","2","Exportaciones","sa","América del Sur","chl","Chile","2080440","Aguacates Frescos o Secos","1851687"
"2020","202012","2020-12","2","Exportaciones","sa","América del Sur","ury","Uruguay","2080440","Aguacates Frescos o Secos","48634"
"2021","202101","2021-01","2","Exportaciones","af","África","zaf","Sudáfrica","2080440","Aguacates Frescos o Secos","47127"
"2021","202101","2021-01","2","Exportaciones","as","Asia","are","Emiratos Árabes Unidos","2080440","Aguacates Frescos o Secos","577743"
"2021","202101","2021-01","2","Exportaciones","as","Asia","bhr","Bahrein","2080440","Aguacates Frescos o Secos","84457"
"2021","202101","2021-01","2","Exportaciones","as","Asia","chn","China","2080440","Aguacates Frescos o Secos","1445264"
"2021","202101","2021-01","2","Exportaciones","as","Asia","hkg","Hong Kong","2080440","Aguacates Frescos o Secos","762873"
"2021","202101","2021-01","2","Exportaciones","as","Asia","jpn","Japón","2080440","Aguacates Frescos o Secos","9832388"
"2021","202101","2021-01","2","Exportaciones","as","Asia","kor","Corea del Sur","2080440","Aguacates Frescos o Secos","1748563"
"2021","202101","2021-01","2","Exportaciones","as","Asia","kwt","Kuwait","2080440","Aguacates Frescos o Secos","99185"
"2021","202101","2021-01","2","Exportaciones","as","Asia","mys","Malasia","2080440","Aguacates Frescos o Secos","190735"
"2021","202101","2021-01","2","Exportaciones","as","Asia","omn","Omán","2080440","Aguacates Frescos o Secos","5526"
"2021","202101","2021-01","2","Exportaciones","as","Asia","qat","Katar","2080440","Aguacates Frescos o Secos","15167"
"2021","202101","2021-01","2","Exportaciones","as","Asia","sau","Arabia Saudita","2080440","Aguacates Frescos o Secos","28590"
"2021","202101","2021-01","2","Exportaciones","as","Asia","sgp","Singapur","2080440","Aguacates Frescos o Secos","458878"
"2021","202101","2021-01","2","Exportaciones","eu","Europa","bel","Bélgica","2080440","Aguacates Frescos o Secos","896379"
"2021","202101","2021-01","2","Exportaciones","eu","Europa","che","Suiza","2080440","Aguacates Frescos o Secos","111388"
"2021","202101","2021-01","2","Exportaciones","eu","Europa","deu","Alemania","2080440","Aguacates Frescos o Secos","109952"
"2021","202101","2021-01","2","Exportaciones","eu","Europa","esp","España","2080440","Aguacates Frescos o Secos","7381500"
"2021","202101","2021-01","2","Exportaciones","eu","Europa","fra","Francia","2080440","Aguacates Frescos o Secos","3997708"
"2021","202101","2021-01","2","Exportaciones","eu","Europa","gbr","Reino Unido","2080440","Aguacates Frescos o Secos","1281471"
"2021","202101","2021-01","2","Exportaciones","eu","Europa","ita","Italia","2080440","Aguacates Frescos o Secos","669231"
"2021","202101","2021-01","2","Exportaciones","eu","Europa","nld","Países Bajos","2080440","Aguacates Frescos o Secos","2684484"
"2021","202101","2021-01","2","Exportaciones","eu","Europa","prt","Portugal","2080440","Aguacates Frescos o Secos","36907"
"2021","202101","2021-01","2","Exportaciones","eu","Europa","rou","Rumania","2080440","Aguacates Frescos o Secos","60361"
"2021","202101","2021-01","2","Exportaciones","na","América del Norte","can","Canadá","2080440","Aguacates Frescos o Secos","15276539"
"2021","202101","2021-01","2","Exportaciones","na","América del Norte","gtm","Guatemala","2080440","Aguacates Frescos o Secos","320692"
"2021","202101","2021-01","2","Exportaciones","na","América del Norte","hnd","Honduras","2080440","Aguacates Frescos o Secos","2617720"
"2021","202101","2021-01","2","Exportaciones","na","América del Norte","pan","Panamá","2080440","Aguacates Frescos o Secos","13363"
"2021","202101","2021-01","2","Exportaciones","na","América del Norte","slv","El Salvador","2080440","Aguacates Frescos o Secos","3477083"
"2021","202101","2021-01","2","Exportaciones","na","América del Norte","usa","Estados Unidos","2080440","Aguacates Frescos o Secos","194784629"
"2021","202101","2021-01","2","Exportaciones","sa","América del Sur","arg","Argentina","2080440","Aguacates Frescos o Secos","1339698"
"2021","202101","2021-01","2","Exportaciones","sa","América del Sur","bra","Brasil","2080440","Aguacates Frescos o Secos","37617"
"2021","202101","2021-01","2","Exportaciones","sa","América del Sur","chl","Chile","2080440","Aguacates Frescos o Secos","2949063"
"2021","202101","2021-01","2","Exportaciones","sa","América del Sur","ury","Uruguay","2080440","Aguacates Frescos o Secos","123665"
"2021","202102","2021-02","2","Exportaciones","as","Asia","are","Emiratos Árabes Unidos","2080440","Aguacates Frescos o Secos","723418"
"2021","202102","2021-02","2","Exportaciones","as","Asia","bhr","Bahrein","2080440","Aguacates Frescos o Secos","90882"
"2021","202102","2021-02","2","Exportaciones","as","Asia","chn","China","2080440","Aguacates Frescos o Secos","3318605"
"2021","202102","2021-02","2","Exportaciones","as","Asia","hkg","Hong Kong","2080440","Aguacates Frescos o Secos","888496"
"2021","202102","2021-02","2","Exportaciones","as","Asia","jpn","Japón","2080440","Aguacates Frescos o Secos","13432706"
"2021","202102","2021-02","2","Exportaciones","as","Asia","kor","Corea del Sur","2080440","Aguacates Frescos o Secos","2046303"
"2021","202102","2021-02","2","Exportaciones","as","Asia","kwt","Kuwait","2080440","Aguacates Frescos o Secos","155350"
"2021","202102","2021-02","2","Exportaciones","as","Asia","mys","Malasia","2080440","Aguacates Frescos o Secos","213342"
"2021","202102","2021-02","2","Exportaciones","as","Asia","omn","Omán","2080440","Aguacates Frescos o Secos","2688"
"2021","202102","2021-02","2","Exportaciones","as","Asia","qat","Katar","2080440","Aguacates Frescos o Secos","11166"
"2021","202102","2021-02","2","Exportaciones","as","Asia","sau","Arabia Saudita","2080440","Aguacates Frescos o Secos","157576"
"2021","202102","2021-02","2","Exportaciones","as","Asia","sgp","Singapur","2080440","Aguacates Frescos o Secos","330673"
"2021","202102","2021-02","2","Exportaciones","eu","Europa","bel","Bélgica","2080440","Aguacates Frescos o Secos","400526"
"2021","202102","2021-02","2","Exportaciones","eu","Europa","che","Suiza","2080440","Aguacates Frescos o Secos","896219"
"2021","202102","2021-02","2","Exportaciones","eu","Europa","esp","España","2080440","Aguacates Frescos o Secos","8380499"
"2021","202102","2021-02","2","Exportaciones","eu","Europa","fra","Francia","2080440","Aguacates Frescos o Secos","4696895"
"2021","202102","2021-02","2","Exportaciones","eu","Europa","gbr","Reino Unido","2080440","Aguacates Frescos o Secos","1166274"
"2021","202102","2021-02","2","Exportaciones","eu","Europa","ita","Italia","2080440","Aguacates Frescos o Secos","509334"
"2021","202102","2021-02","2","Exportaciones","eu","Europa","lie","Liechtenstein","2080440","Aguacates Frescos o Secos","4281"
"2021","202102","2021-02","2","Exportaciones","eu","Europa","nld","Países Bajos","2080440","Aguacates Frescos o Secos","4254216"
"2021","202102","2021-02","2","Exportaciones","eu","Europa","pol","Polonia","2080440","Aguacates Frescos o Secos","37671"
"2021","202102","2021-02","2","Exportaciones","eu","Europa","rou","Rumania","2080440","Aguacates Frescos o Secos","88338"
"2021","202102","2021-02","2","Exportaciones","na","América del Norte","can","Canadá","2080440","Aguacates Frescos o Secos","17620384"
"2021","202102","2021-02","2","Exportaciones","na","América del Norte","gtm","Guatemala","2080440","Aguacates Frescos o Secos","436660"
"2021","202102","2021-02","2","Exportaciones","na","América del Norte","hnd","Honduras","2080440","Aguacates Frescos o Secos","3185047"
"2021","202102","2021-02","2","Exportaciones","na","América del Norte","pan","Panamá","2080440","Aguacates Frescos o Secos","17469"
"2021","202102","2021-02","2","Exportaciones","na","América del Norte","slv","El Salvador","2080440","Aguacates Frescos o Secos","3284545"
"2021","202102","2021-02","2","Exportaciones","na","América del Norte","usa","Estados Unidos","2080440","Aguacates Frescos o Secos","205090370"
"2021","202102","2021-02","2","Exportaciones","oc","Oceanía","nzl","Nueva Zelandia","2080440","Aguacates Frescos o Secos","6719"
"2021","202102","2021-02","2","Exportaciones","sa","América del Sur","arg","Argentina","2080440","Aguacates Frescos o Secos","1498614"
"2021","202102","2021-02","2","Exportaciones","sa","América del Sur","chl","Chile","2080440","Aguacates Frescos o Secos","347108"
"2021","202102","2021-02","2","Exportaciones","sa","América del Sur","col","Colombia","2080440","Aguacates Frescos o Secos","121195"
"2021","202102","2021-02","2","Exportaciones","sa","América del Sur","ury","Uruguay","2080440","Aguacates Frescos o Secos","132099"
"2021","202103","2021-03","2","Exportaciones","as","Asia","are","Emiratos Árabes Unidos","2080440","Aguacates Frescos o Secos","796810"
"2021","202103","2021-03","2","Exportaciones","as","Asia","bhr","Bahrein","2080440","Aguacates Frescos o Secos","136772"
"2021","202103","2021-03","2","Exportaciones","as","Asia","chn","China","2080440","Aguacates Frescos o Secos","1450214"
"2021","202103","2021-03","2","Exportaciones","as","Asia","hkg","Hong Kong","2080440","Aguacates Frescos o Secos","357903"
"2021","202103","2021-03","2","Exportaciones","as","Asia","jpn","Japón","2080440","Aguacates Frescos o Secos","17964639"
"2021","202103","2021-03","2","Exportaciones","as","Asia","kaz","Kazajstán","2080440","Aguacates Frescos o Secos","4399"
"2021","202103","2021-03","2","Exportaciones","as","Asia","kor","Corea del Sur","2080440","Aguacates Frescos o Secos","78048"
"2021","202103","2021-03","2","Exportaciones","as","Asia","kwt","Kuwait","2080440","Aguacates Frescos o Secos","111991"
"2021","202103","2021-03","2","Exportaciones","as","Asia","mys","Malasia","2080440","Aguacates Frescos o Secos","176492"
"2021","202103","2021-03","2","Exportaciones","as","Asia","omn","Omán","2080440","Aguacates Frescos o Secos","11325"
"2021","202103","2021-03","2","Exportaciones","as","Asia","qat","Katar","2080440","Aguacates Frescos o Secos","6843"
"2021","202103","2021-03","2","Exportaciones","as","Asia","sau","Arabia Saudita","2080440","Aguacates Frescos o Secos","260509"
"2021","202103","2021-03","2","Exportaciones","as","Asia","sgp","Singapur","2080440","Aguacates Frescos o Secos","166035"
"2021","202103","2021-03","2","Exportaciones","eu","Europa","bel","Bélgica","2080440","Aguacates Frescos o Secos","405610"
"2021","202103","2021-03","2","Exportaciones","eu","Europa","che","Suiza","2080440","Aguacates Frescos o Secos","300669"
"2021","202103","2021-03","2","Exportaciones","eu","Europa","esp","España","2080440","Aguacates Frescos o Secos","2989118"
"2021","202103","2021-03","2","Exportaciones","eu","Europa","fra","Francia","2080440","Aguacates Frescos o Secos","3448246"
"2021","202103","2021-03","2","Exportaciones","eu","Europa","gbr","Reino Unido","2080440","Aguacates Frescos o Secos","1161375"
"2021","202103","2021-03","2","Exportaciones","eu","Europa","ita","Italia","2080440","Aguacates Frescos o Secos","744581"
"2021","202103","2021-03","2","Exportaciones","eu","Europa","lie","Liechtenstein","2080440","Aguacates Frescos o Secos","2736"
"2021","202103","2021-03","2","Exportaciones","eu","Europa","nld","Países Bajos","2080440","Aguacates Frescos o Secos","1577257"
"2021","202103","2021-03","2","Exportaciones","na","América del Norte","can","Canadá","2080440","Aguacates Frescos o Secos","16728901"
"2021","202103","2021-03","2","Exportaciones","na","América del Norte","gtm","Guatemala","2080440","Aguacates Frescos o Secos","423767"
"2021","202103","2021-03","2","Exportaciones","na","América del Norte","hnd","Honduras","2080440","Aguacates Frescos o Secos","4072243"
"2021","202103","2021-03","2","Exportaciones","na","América del Norte","pan","Panamá","2080440","Aguacates Frescos o Secos","19330"
"2021","202103","2021-03","2","Exportaciones","na","América del Norte","slv","El Salvador","2080440","Aguacates Frescos o Secos","3522127"
"2021","202103","2021-03","2","Exportaciones","na","América del Norte","usa","Estados Unidos","2080440","Aguacates Frescos o Secos","247152748"
"2021","202103","2021-03","2","Exportaciones","oc","Oceanía","nzl","Nueva Zelandia","2080440","Aguacates Frescos o Secos","12431"
"2021","202103","2021-03","2","Exportaciones","sa","América del Sur","arg","Argentina","2080440","Aguacates Frescos o Secos","1042424"
"2021","202103","2021-03","2","Exportaciones","sa","América del Sur","ury","Uruguay","2080440","Aguacates Frescos o Secos","196990"
"2021","202104","2021-04","2","Exportaciones","as","Asia","are","Emiratos Árabes Unidos","2080440","Aguacates Frescos o Secos","611474"
"2021","202104","2021-04","2","Exportaciones","as","Asia","bhr","Bahrein","2080440","Aguacates Frescos o Secos","95339"
"2021","202104","2021-04","2","Exportaciones","as","Asia","chn","China","2080440","Aguacates Frescos o Secos","162265"
"2021","202104","2021-04","2","Exportaciones","as","Asia","hkg","Hong Kong","2080440","Aguacates Frescos o Secos","5077"
"2021","202104","2021-04","2","Exportaciones","as","Asia","jpn","Japón","2080440","Aguacates Frescos o Secos","9275040"
"2021","202104","2021-04","2","Exportaciones","as","Asia","kwt","Kuwait","2080440","Aguacates Frescos o Secos","52054"
"2021","202104","2021-04","2","Exportaciones","as","Asia","mys","Malasia","2080440","Aguacates Frescos o Secos","24932"
"2021","202104","2021-04","2","Exportaciones","as","Asia","omn","Omán","2080440","Aguacates Frescos o Secos","2975"
"2021","202104","2021-04","2","Exportaciones","as","Asia","qat","Katar","2080440","Aguacates Frescos o Secos","21743"
"2021","202104","2021-04","2","Exportaciones","as","Asia","sau","Arabia Saudita","2080440","Aguacates Frescos o Secos","132077"
"2021","202104","2021-04","2","Exportaciones","as","Asia","sgp","Singapur","2080440","Aguacates Frescos o Secos","84801"
"2021","202104","2021-04","2","Exportaciones","eu","Europa","esp","España","2080440","Aguacates Frescos o Secos","1008392"
"2021","202104","2021-04","2","Exportaciones","eu","Europa","fra","Francia","2080440","Aguacates Frescos o Secos","2471372"
"2021","202104","2021-04","2","Exportaciones","eu","Europa","gbr","Reino Unido","2080440","Aguacates Frescos o Secos","5866"
"2021","202104","2021-04","2","Exportaciones","eu","Europa","ita","Italia","2080440","Aguacates Frescos o Secos","669732"
"2021","202104","2021-04","2","Exportaciones","eu","Europa","nld","Países Bajos","2080440","Aguacates Frescos o Secos","284339"
"2021","202104","2021-04","2","Exportaciones","na","América del Norte","can","Canadá","2080440","Aguacates Frescos o Secos","13775234"
"2021","202104","2021-04","2","Exportaciones","na","América del Norte","gtm","Guatemala","2080440","Aguacates Frescos o Secos","408365"
"2021","202104","2021-04","2","Exportaciones","na","América del Norte","hnd","Honduras","2080440","Aguacates Frescos o Secos","3165986"
"2021","202104","2021-04","2","Exportaciones","na","América del Norte","pan","Panamá","2080440","Aguacates Frescos o Secos","13385"
"2021","202104","2021-04","2","Exportaciones","na","América del Norte","slv","El Salvador","2080440","Aguacates Frescos o Secos","2262775"
"2021","202104","2021-04","2","Exportaciones","na","América del Norte","usa","Estados Unidos","2080440","Aguacates Frescos o Secos","204628738"
"2021","202104","2021-04","2","Exportaciones","oc","Oceanía","nzl","Nueva Zelandia","2080440","Aguacates Frescos o Secos","5949"
"2021","202104","2021-04","2","Exportaciones","sa","América del Sur","arg","Argentina","2080440","Aguacates Frescos o Secos","97735"
"2021","202105","2021-05","2","Exportaciones","as","Asia","are","Emiratos Árabes Unidos","2080440","Aguacates Frescos o Secos","511539"
"2021","202105","2021-05","2","Exportaciones","as","Asia","bhr","Bahrein","2080440","Aguacates Frescos o Secos","157100"
"2021","202105","2021-05","2","Exportaciones","as","Asia","chn","China","2080440","Aguacates Frescos o Secos","95547"
"2021","202105","2021-05","2","Exportaciones","as","Asia","hkg","Hong Kong","2080440","Aguacates Frescos o Secos","53594"
"2021","202105","2021-05","2","Exportaciones","as","Asia","jpn","Japón","2080440","Aguacates Frescos o Secos","11522417"
"2021","202105","2021-05","2","Exportaciones","as","Asia","kor","Corea del Sur","2080440","Aguacates Frescos o Secos","639"
"2021","202105","2021-05","2","Exportaciones","as","Asia","kwt","Kuwait","2080440","Aguacates Frescos o Secos","104790"
"2021","202105","2021-05","2","Exportaciones","as","Asia","mys","Malasia","2080440","Aguacates Frescos o Secos","15886"
"2021","202105","2021-05","2","Exportaciones","as","Asia","omn","Omán","2080440","Aguacates Frescos o Secos","3174"
"2021","202105","2021-05","2","Exportaciones","as","Asia","qat","Katar","2080440","Aguacates Frescos o Secos","9527"
"2021","202105","2021-05","2","Exportaciones","as","Asia","sau","Arabia Saudita","2080440","Aguacates Frescos o Secos","105137"
"2021","202105","2021-05","2","Exportaciones","as","Asia","sgp","Singapur","2080440","Aguacates Frescos o Secos","216033"
"2021","202105","2021-05","2","Exportaciones","eu","Europa","deu","Alemania","2080440","Aguacates Frescos o Secos","2108"
"2021","202105","2021-05","2","Exportaciones","eu","Europa","esp","España","2080440","Aguacates Frescos o Secos","705193"
"2021","202105","2021-05","2","Exportaciones","eu","Europa","fra","Francia","2080440","Aguacates Frescos o Secos","122364"
"2021","202105","2021-05","2","Exportaciones","eu","Europa","gbr","Reino Unido","2080440","Aguacates Frescos o Secos","12503"
"2021","202105","2021-05","2","Exportaciones","eu","Europa","ita","Italia","2080440","Aguacates Frescos o Secos","114917"
"2021","202105","2021-05","2","Exportaciones","eu","Europa","nld","Países Bajos","2080440","Aguacates Frescos o Secos","48175"
"2021","202105","2021-05","2","Exportaciones","eu","Europa","rou","Rumania","2080440","Aguacates Frescos o Secos","52189"
"2021","202105","2021-05","2","Exportaciones","na","América del Norte","can","Canadá","2080440","Aguacates Frescos o Secos","19330693"
"2021","202105","2021-05","2","Exportaciones","na","América del Norte","gtm","Guatemala","2080440","Aguacates Frescos o Secos","565571"
"2021","202105","2021-05","2","Exportaciones","na","América del Norte","hnd","Honduras","2080440","Aguacates Frescos o Secos","2801701"
"2021","202105","2021-05","2","Exportaciones","na","América del Norte","nic","Nicaragua","2080440","Aguacates Frescos o Secos","55401"
"2021","202105","2021-05","2","Exportaciones","na","América del Norte","pan","Panamá","2080440","Aguacates Frescos o Secos","30167"
"2021","202105","2021-05","2","Exportaciones","na","América del Norte","slv","El Salvador","2080440","Aguacates Frescos o Secos","1894973"
"2021","202105","2021-05","2","Exportaciones","na","América del Norte","usa","Estados Unidos","2080440","Aguacates Frescos o Secos","219564179"
"2021","202105","2021-05","2","Exportaciones","sa","América del Sur","bra","Brasil","2080440","Aguacates Frescos o Secos","7352"
"2021","202106","2021-06","2","Exportaciones","as","Asia","are","Emiratos Árabes Unidos","2080440","Aguacates Frescos o Secos","835001"
"2021","202106","2021-06","2","Exportaciones","as","Asia","bhr","Bahrein","2080440","Aguacates Frescos o Secos","103574"
"2021","202106","2021-06","2","Exportaciones","as","Asia","chn","China","2080440","Aguacates Frescos o Secos","367591"
"2021","202106","2021-06","2","Exportaciones","as","Asia","hkg","Hong Kong","2080440","Aguacates Frescos o Secos","898396"
"2021","202106","2021-06","2","Exportaciones","as","Asia","jpn","Japón","2080440","Aguacates Frescos o Secos","9715663"
"2021","202106","2021-06","2","Exportaciones","as","Asia","kor","Corea del Sur","2080440","Aguacates Frescos o Secos","5157"
"2021","202106","2021-06","2","Exportaciones","as","Asia","kwt","Kuwait","2080440","Aguacates Frescos o Secos","205307"
"2021","202106","2021-06","2","Exportaciones","as","Asia","mys","Malasia","2080440","Aguacates Frescos o Secos","7506"
"2021","202106","2021-06","2","Exportaciones","as","Asia","omn","Omán","2080440","Aguacates Frescos o Secos","6043"
"2021","202106","2021-06","2","Exportaciones","as","Asia","qat","Katar","2080440","Aguacates Frescos o Secos","14844"
"2021","202106","2021-06","2","Exportaciones","as","Asia","sau","Arabia Saudita","2080440","Aguacates Frescos o Secos","236840"
"2021","202106","2021-06","2","Exportaciones","as","Asia","sgp","Singapur","2080440","Aguacates Frescos o Secos","216296"
"2021","202106","2021-06","2","Exportaciones","eu","Europa","esp","España","2080440","Aguacates Frescos o Secos","433527"
"2021","202106","2021-06","2","Exportaciones","eu","Europa","fra","Francia","2080440","Aguacates Frescos o Secos","100848"
"2021","202106","2021-06","2","Exportaciones","eu","Europa","gbr","Reino Unido","2080440","Aguacates Frescos o Secos","12011"
"2021","202106","2021-06","2","Exportaciones","eu","Europa","nld","Países Bajos","2080440","Aguacates Frescos o Secos","271287"
"2021","202106","2021-06","2","Exportaciones","eu","Europa","prt","Portugal","2080440","Aguacates Frescos o Secos","50004"
"2021","202106","2021-06","2","Exportaciones","eu","Europa","rou","Rumania","2080440","Aguacates Frescos o Secos","33"
"2021","202106","2021-06","2","Exportaciones","na","América del Norte","can","Canadá","2080440","Aguacates Frescos o Secos","19904240"
"2021","202106","2021-06","2","Exportaciones","na","América del Norte","gtm","Guatemala","2080440","Aguacates Frescos o Secos","589579"
"2021","202106","2021-06","2","Exportaciones","na","América del Norte","hnd","Honduras","2080440","Aguacates Frescos o Secos","1759463"
"2021","202106","2021-06","2","Exportaciones","na","América del Norte","nic","Nicaragua","2080440","Aguacates Frescos o Secos","105432"
"2021","202106","2021-06","2","Exportaciones","na","América del Norte","pan","Panamá","2080440","Aguacates Frescos o Secos","15108"
"2021","202106","2021-06","2","Exportaciones","na","América del Norte","slv","El Salvador","2080440","Aguacates Frescos o Secos","1313316"
"2021","202106","2021-06","2","Exportaciones","na","América del Norte","usa","Estados Unidos","2080440","Aguacates Frescos o Secos","181280063"
"2021","202106","2021-06","2","Exportaciones","oc","Oceanía","nzl","Nueva Zelandia","2080440","Aguacates Frescos o Secos","6043"
"2021","202106","2021-06","2","Exportaciones","sa","América del Sur","arg","Argentina","2080440","Aguacates Frescos o Secos","43216"
"2021","202107","2021-07","2","Exportaciones","as","Asia","are","Emiratos Árabes Unidos","2080440","Aguacates Frescos o Secos","432345"
"2021","202107","2021-07","2","Exportaciones","as","Asia","bhr","Bahrein","2080440","Aguacates Frescos o Secos","82331"
"2021","202107","2021-07","2","Exportaciones","as","Asia","chn","China","2080440","Aguacates Frescos o Secos","202567"
"2021","202107","2021-07","2","Exportaciones","as","Asia","hkg","Hong Kong","2080440","Aguacates Frescos o Secos","712639"
"2021","202107","2021-07","2","Exportaciones","as","Asia","jpn","Japón","2080440","Aguacates Frescos o Secos","8629562"
"2021","202107","2021-07","2","Exportaciones","as","Asia","kaz","Kazajstán","2080440","Aguacates Frescos o Secos","4615"
"2021","202107","2021-07","2","Exportaciones","as","Asia","kor","Corea del Sur","2080440","Aguacates Frescos o Secos","256"
"2021","202107","2021-07","2","Exportaciones","as","Asia","kwt","Kuwait","2080440","Aguacates Frescos o Secos","192361"
"2021","202107","2021-07","2","Exportaciones","as","Asia","mys","Malasia","2080440","Aguacates Frescos o Secos","17577"
"2021","202107","2021-07","2","Exportaciones","as","Asia","omn","Omán","2080440","Aguacates Frescos o Secos","2704"
"2021","202107","2021-07","2","Exportaciones","as","Asia","qat","Katar","2080440","Aguacates Frescos o Secos","18732"
"2021","202107","2021-07","2","Exportaciones","as","Asia","sau","Arabia Saudita","2080440","Aguacates Frescos o Secos","222762"
"2021","202107","2021-07","2","Exportaciones","as","Asia","sgp","Singapur","2080440","Aguacates Frescos o Secos","94624"
"2021","202107","2021-07","2","Exportaciones","eu","Europa","bel","Bélgica","2080440","Aguacates Frescos o Secos","44954"
"2021","202107","2021-07","2","Exportaciones","eu","Europa","che","Suiza","2080440","Aguacates Frescos o Secos","86934"
"2021","202107","2021-07","2","Exportaciones","eu","Europa","esp","España","2080440","Aguacates Frescos o Secos","4207773"
"2021","202107","2021-07","2","Exportaciones","eu","Europa","fra","Francia","2080440","Aguacates Frescos o Secos","641698"
"2021","202107","2021-07","2","Exportaciones","eu","Europa","gbr","Reino Unido","2080440","Aguacates Frescos o Secos","158621"
"2021","202107","2021-07","2","Exportaciones","eu","Europa","ita","Italia","2080440","Aguacates Frescos o Secos","47860"
"2021","202107","2021-07","2","Exportaciones","eu","Europa","nld","Países Bajos","2080440","Aguacates Frescos o Secos","638360"
"2021","202107","2021-07","2","Exportaciones","eu","Europa","rou","Rumania","2080440","Aguacates Frescos o Secos","88883"
"2021","202107","2021-07","2","Exportaciones","eu","Europa","rus","Rusia","2080440","Aguacates Frescos o Secos","42337"
"2021","202107","2021-07","2","Exportaciones","na","América del Norte","can","Canadá","2080440","Aguacates Frescos o Secos","14201571"
"2021","202107","2021-07","2","Exportaciones","na","América del Norte","gtm","Guatemala","2080440","Aguacates Frescos o Secos","237795"
"2021","202107","2021-07","2","Exportaciones","na","América del Norte","hnd","Honduras","2080440","Aguacates Frescos o Secos","1595758"
"2021","202107","2021-07","2","Exportaciones","na","América del Norte","pan","Panamá","2080440","Aguacates Frescos o Secos","20281"
"2021","202107","2021-07","2","Exportaciones","na","América del Norte","slv","El Salvador","2080440","Aguacates Frescos o Secos","1895762"
"2021","202107","2021-07","2","Exportaciones","na","América del Norte","usa","Estados Unidos","2080440","Aguacates Frescos o Secos","141534079"
"2021","202107","2021-07","2","Exportaciones","sa","América del Sur","col","Colombia","2080440","Aguacates Frescos o Secos","179671"
"2021","202108","2021-08","2","Exportaciones","as","Asia","are","Emiratos Árabes Unidos","2080440","Aguacates Frescos o Secos","531224"
"2021","202108","2021-08","2","Exportaciones","as","Asia","bhr","Bahrein","2080440","Aguacates Frescos o Secos","184921"
"2021","202108","2021-08","2","Exportaciones","as","Asia","chn","China","2080440","Aguacates Frescos o Secos","892514"
"2021","202108","2021-08","2","Exportaciones","as","Asia","hkg","Hong Kong","2080440","Aguacates Frescos o Secos","983814"
"2021","202108","2021-08","2","Exportaciones","as","Asia","jpn","Japón","2080440","Aguacates Frescos o Secos","10491880"
"2021","202108","2021-08","2","Exportaciones","as","Asia","kaz","Kazajstán","2080440","Aguacates Frescos o Secos","5241"
"2021","202108","2021-08","2","Exportaciones","as","Asia","kwt","Kuwait","2080440","Aguacates Frescos o Secos","239878"
"2021","202108","2021-08","2","Exportaciones","as","Asia","omn","Omán","2080440","Aguacates Frescos o Secos","3494"
"2021","202108","2021-08","2","Exportaciones","as","Asia","sau","Arabia Saudita","2080440","Aguacates Frescos o Secos","287770"
"2021","202108","2021-08","2","Exportaciones","as","Asia","sgp","Singapur","2080440","Aguacates Frescos o Secos","151171"
"2021","202108","2021-08","2","Exportaciones","eu","Europa","bel","Bélgica","2080440","Aguacates Frescos o Secos","221977"
"2021","202108","2021-08","2","Exportaciones","eu","Europa","deu","Alemania","2080440","Aguacates Frescos o Secos","123688"
"2021","202108","2021-08","2","Exportaciones","eu","Europa","esp","España","2080440","Aguacates Frescos o Secos","9308421"
"2021","202108","2021-08","2","Exportaciones","eu","Europa","fra","Francia","2080440","Aguacates Frescos o Secos","1116327"
"2021","202108","2021-08","2","Exportaciones","eu","Europa","gbr","Reino Unido","2080440","Aguacates Frescos o Secos","1458009"
"2021","202108","2021-08","2","Exportaciones","eu","Europa","ita","Italia","2080440","Aguacates Frescos o Secos","131750"
"2021","202108","2021-08","2","Exportaciones","eu","Europa","nld","Países Bajos","2080440","Aguacates Frescos o Secos","2910556"
"2021","202108","2021-08","2","Exportaciones","eu","Europa","rou","Rumania","2080440","Aguacates Frescos o Secos","234124"
"2021","202108","2021-08","2","Exportaciones","eu","Europa","rus","Rusia","2080440","Aguacates Frescos o Secos","52733"
"2021","202108","2021-08","2","Exportaciones","na","América del Norte","can","Canadá","2080440","Aguacates Frescos o Secos","17605684"
"2021","202108","2021-08","2","Exportaciones","na","América del Norte","gtm","Guatemala","2080440","Aguacates Frescos o Secos","315074"
"2021","202108","2021-08","2","Exportaciones","na","América del Norte","hnd","Honduras","2080440","Aguacates Frescos o Secos","1750654"
"2021","202108","2021-08","2","Exportaciones","na","América del Norte","pan","Panamá","2080440","Aguacates Frescos o Secos","15724"
"2021","202108","2021-08","2","Exportaciones","na","América del Norte","slv","El Salvador","2080440","Aguacates Frescos o Secos","2087903"
"2021","202108","2021-08","2","Exportaciones","na","América del Norte","usa","Estados Unidos","2080440","Aguacates Frescos o Secos","176234445"
"2021","202108","2021-08","2","Exportaciones","oc","Oceanía","nzl","Nueva Zelandia","2080440","Aguacates Frescos o Secos","15105"
"2021","202109","2021-09","2","Exportaciones","as","Asia","are","Emiratos Árabes Unidos","2080440","Aguacates Frescos o Secos","988273"
"2021","202109","2021-09","2","Exportaciones","as","Asia","bhr","Bahrein","2080440","Aguacates Frescos o Secos","103968"
"2021","202109","2021-09","2","Exportaciones","as","Asia","chn","China","2080440","Aguacates Frescos o Secos","1847078"
"2021","202109","2021-09","2","Exportaciones","as","Asia","hkg","Hong Kong","2080440","Aguacates Frescos o Secos","941979"
"2021","202109","2021-09","2","Exportaciones","as","Asia","jpn","Japón","2080440","Aguacates Frescos o Secos","15440578"
"2021","202109","2021-09","2","Exportaciones","as","Asia","kwt","Kuwait","2080440","Aguacates Frescos o Secos","304264"
"2021","202109","2021-09","2","Exportaciones","as","Asia","mys","Malasia","2080440","Aguacates Frescos o Secos","5008"
"2021","202109","2021-09","2","Exportaciones","as","Asia","omn","Omán","2080440","Aguacates Frescos o Secos","3773"
"2021","202109","2021-09","2","Exportaciones","as","Asia","sau","Arabia Saudita","2080440","Aguacates Frescos o Secos","477710"
"2021","202109","2021-09","2","Exportaciones","as","Asia","sgp","Singapur","2080440","Aguacates Frescos o Secos","75078"
"2021","202109","2021-09","2","Exportaciones","eu","Europa","bel","Bélgica","2080440","Aguacates Frescos o Secos","682935"
"2021","202109","2021-09","2","Exportaciones","eu","Europa","deu","Alemania","2080440","Aguacates Frescos o Secos","843046"
"2021","202109","2021-09","2","Exportaciones","eu","Europa","esp","España","2080440","Aguacates Frescos o Secos","14847169"
"2021","202109","2021-09","2","Exportaciones","eu","Europa","fra","Francia","2080440","Aguacates Frescos o Secos","4421024"
"2021","202109","2021-09","2","Exportaciones","eu","Europa","gbr","Reino Unido","2080440","Aguacates Frescos o Secos","1651863"
"2021","202109","2021-09","2","Exportaciones","eu","Europa","ita","Italia","2080440","Aguacates Frescos o Secos","732777"
"2021","202109","2021-09","2","Exportaciones","eu","Europa","nld","Países Bajos","2080440","Aguacates Frescos o Secos","4168167"
"2021","202109","2021-09","2","Exportaciones","eu","Europa","rou","Rumania","2080440","Aguacates Frescos o Secos","186008"
"2021","202109","2021-09","2","Exportaciones","na","América del Norte","can","Canadá","2080440","Aguacates Frescos o Secos","21813666"
"2021","202109","2021-09","2","Exportaciones","na","América del Norte","gtm","Guatemala","2080440","Aguacates Frescos o Secos","525950"
"2021","202109","2021-09","2","Exportaciones","na","América del Norte","hnd","Honduras","2080440","Aguacates Frescos o Secos","1632257"
"2021","202109","2021-09","2","Exportaciones","na","América del Norte","pan","Panamá","2080440","Aguacates Frescos o Secos","22636"
"2021","202109","2021-09","2","Exportaciones","na","América del Norte","slv","El Salvador","2080440","Aguacates Frescos o Secos","3540236"
"2021","202109","2021-09","2","Exportaciones","na","América del Norte","usa","Estados Unidos","2080440","Aguacates Frescos o Secos","210678723"
"2021","202110","2021-10","2","Exportaciones","as","Asia","are","Emiratos Árabes Unidos","2080440","Aguacates Frescos o Secos","1391483"
"2021","202110","2021-10","2","Exportaciones","as","Asia","bhr","Bahrein","2080440","Aguacates Frescos o Secos","109814"
"2021","202110","2021-10","2","Exportaciones","as","Asia","chn","China","2080440","Aguacates Frescos o Secos","1212224"
"2021","202110","2021-10","2","Exportaciones","as","Asia","hkg","Hong Kong","2080440","Aguacates Frescos o Secos","1091824"
"2021","202110","2021-10","2","Exportaciones","as","Asia","jpn","Japón","2080440","Aguacates Frescos o Secos","15822098"
"2021","202110","2021-10","2","Exportaciones","as","Asia","kor","Corea del Sur","2080440","Aguacates Frescos o Secos","358056"
"2021","202110","2021-10","2","Exportaciones","as","Asia","kwt","Kuwait","2080440","Aguacates Frescos o Secos","241959"
"2021","202110","2021-10","2","Exportaciones","as","Asia","mys","Malasia","2080440","Aguacates Frescos o Secos","5419"
"2021","202110","2021-10","2","Exportaciones","as","Asia","sau","Arabia Saudita","2080440","Aguacates Frescos o Secos","329586"
"2021","202110","2021-10","2","Exportaciones","as","Asia","sgp","Singapur","2080440","Aguacates Frescos o Secos","98356"
"2021","202110","2021-10","2","Exportaciones","eu","Europa","bel","Bélgica","2080440","Aguacates Frescos o Secos","1078895"
"2021","202110","2021-10","2","Exportaciones","eu","Europa","che","Suiza","2080440","Aguacates Frescos o Secos","118971"
"2021","202110","2021-10","2","Exportaciones","eu","Europa","deu","Alemania","2080440","Aguacates Frescos o Secos","488664"
"2021","202110","2021-10","2","Exportaciones","eu","Europa","esp","España","2080440","Aguacates Frescos o Secos","19038034"
"2021","202110","2021-10","2","Exportaciones","eu","Europa","fra","Francia","2080440","Aguacates Frescos o Secos","8561775"
"2021","202110","2021-10","2","Exportaciones","eu","Europa","gbr","Reino Unido","2080440","Aguacates Frescos o Secos","2500169"
"2021","202110","2021-10","2","Exportaciones","eu","Europa","ita","Italia","2080440","Aguacates Frescos o Secos","1649735"
"2021","202110","2021-10","2","Exportaciones","eu","Europa","ltu","Lituania","2080440","Aguacates Frescos o Secos","63939"
"2021","202110","2021-10","2","Exportaciones","eu","Europa","nld","Países Bajos","2080440","Aguacates Frescos o Secos","8092299"
"2021","202110","2021-10","2","Exportaciones","eu","Europa","rou","Rumania","2080440","Aguacates Frescos o Secos","178115"
"2021","202110","2021-10","2","Exportaciones","eu","Europa","rus","Rusia","2080440","Aguacates Frescos o Secos","176516"
"2021","202110","2021-10","2","Exportaciones","eu","Europa","swe","Suecia","2080440","Aguacates Frescos o Secos","114"
"2021","202110","2021-10","2","Exportaciones","na","América del Norte","brb","Barbados","2080440","Aguacates Frescos o Secos","59737"
"2021","202110","2021-10","2","Exportaciones","na","América del Norte","can","Canadá","2080440","Aguacates Frescos o Secos","24158436"
"2021","202110","2021-10","2","Exportaciones","na","América del Norte","gtm","Guatemala","2080440","Aguacates Frescos o Secos","446314"
"2021","202110","2021-10","2","Exportaciones","na","América del Norte","hnd","Honduras","2080440","Aguacates Frescos o Secos","1987827"
"2021","202110","2021-10","2","Exportaciones","na","América del Norte","pan","Panamá","2080440","Aguacates Frescos o Secos","28900"
"2021","202110","2021-10","2","Exportaciones","na","América del Norte","slv","El Salvador","2080440","Aguacates Frescos o Secos","4499562"
"2021","202110","2021-10","2","Exportaciones","na","América del Norte","usa","Estados Unidos","2080440","Aguacates Frescos o Secos","241334187"
"2021","202110","2021-10","2","Exportaciones","sa","América del Sur","col","Colombia","2080440","Aguacates Frescos o Secos","123493"
"2021","202110","2021-10","2","Exportaciones","sa","América del Sur","ury","Uruguay","2080440","Aguacates Frescos o Secos","118378"
"2021","202111","2021-11","2","Exportaciones","as","Asia","are","Emiratos Árabes Unidos","2080440","Aguacates Frescos o Secos","772169"
"2021","202111","2021-11","2","Exportaciones","as","Asia","bhr","Bahrein","2080440","Aguacates Frescos o Secos","141462"
"2021","202111","2021-11","2","Exportaciones","as","Asia","chn","China","2080440","Aguacates Frescos o Secos","1239178"
"2021","202111","2021-11","2","Exportaciones","as","Asia","hkg","Hong Kong","2080440","Aguacates Frescos o Secos","813139"
"2021","202111","2021-11","2","Exportaciones","as","Asia","jpn","Japón","2080440","Aguacates Frescos o Secos","13750945"
"2021","202111","2021-11","2","Exportaciones","as","Asia","kor","Corea del Sur","2080440","Aguacates Frescos o Secos","288399"
"2021","202111","2021-11","2","Exportaciones","as","Asia","kwt","Kuwait","2080440","Aguacates Frescos o Secos","281345"
"2021","202111","2021-11","2","Exportaciones","as","Asia","mys","Malasia","2080440","Aguacates Frescos o Secos","5407"
"2021","202111","2021-11","2","Exportaciones","as","Asia","sau","Arabia Saudita","2080440","Aguacates Frescos o Secos","228056"
"2021","202111","2021-11","2","Exportaciones","as","Asia","sgp","Singapur","2080440","Aguacates Frescos o Secos","130671"
"2021","202111","2021-11","2","Exportaciones","eu","Europa","bel","Bélgica","2080440","Aguacates Frescos o Secos","396723"
"2021","202111","2021-11","2","Exportaciones","eu","Europa","deu","Alemania","2080440","Aguacates Frescos o Secos","154068"
"2021","202111","2021-11","2","Exportaciones","eu","Europa","esp","España","2080440","Aguacates Frescos o Secos","8002465"
"2021","202111","2021-11","2","Exportaciones","eu","Europa","fra","Francia","2080440","Aguacates Frescos o Secos","3248831"
"2021","202111","2021-11","2","Exportaciones","eu","Europa","gbr","Reino Unido","2080440","Aguacates Frescos o Secos","951689"
"2021","202111","2021-11","2","Exportaciones","eu","Europa","ita","Italia","2080440","Aguacates Frescos o Secos","431449"
"2021","202111","2021-11","2","Exportaciones","eu","Europa","nld","Países Bajos","2080440","Aguacates Frescos o Secos","2440032"
"2021","202111","2021-11","2","Exportaciones","eu","Europa","rou","Rumania","2080440","Aguacates Frescos o Secos","95643"
"2021","202111","2021-11","2","Exportaciones","na","América del Norte","can","Canadá","2080440","Aguacates Frescos o Secos","18867615"
"2021","202111","2021-11","2","Exportaciones","na","América del Norte","gtm","Guatemala","2080440","Aguacates Frescos o Secos","449883"
"2021","202111","2021-11","2","Exportaciones","na","América del Norte","hnd","Honduras","2080440","Aguacates Frescos o Secos","2270021"
"2021","202111","2021-11","2","Exportaciones","na","América del Norte","pan","Panamá","2080440","Aguacates Frescos o Secos","17458"
"2021","202111","2021-11","2","Exportaciones","na","América del Norte","slv","El Salvador","2080440","Aguacates Frescos o Secos","4158538"
"2021","202111","2021-11","2","Exportaciones","na","América del Norte","usa","Estados Unidos","2080440","Aguacates Frescos o Secos","231531024"
"2021","202111","2021-11","2","Exportaciones","oc","Oceanía","nzl","Nueva Zelandia","2080440","Aguacates Frescos o Secos","1333"
"2021","202111","2021-11","2","Exportaciones","sa","América del Sur","arg","Argentina","2080440","Aguacates Frescos o Secos","45724"
"2021","202111","2021-11","2","Exportaciones","sa","América del Sur","ury","Uruguay","2080440","Aguacates Frescos o Secos","199525"
"2021","202112","2021-12","2","Exportaciones","as","Asia","are","Emiratos Árabes Unidos","2080440","Aguacates Frescos o Secos","568955"
"2021","202112","2021-12","2","Exportaciones","as","Asia","bhr","Bahrein","2080440","Aguacates Frescos o Secos","89562"
"2021","202112","2021-12","2","Exportaciones","as","Asia","chn","China","2080440","Aguacates Frescos o Secos","1033054"
"2021","202112","2021-12","2","Exportaciones","as","Asia","hkg","Hong Kong","2080440","Aguacates Frescos o Secos","812217"
"2021","202112","2021-12","2","Exportaciones","as","Asia","jpn","Japón","2080440","Aguacates Frescos o Secos","12398365"
"2021","202112","2021-12","2","Exportaciones","as","Asia","kaz","Kazajstán","2080440","Aguacates Frescos o Secos","5763"
"2021","202112","2021-12","2","Exportaciones","as","Asia","kor","Corea del Sur","2080440","Aguacates Frescos o Secos","621584"
"2021","202112","2021-12","2","Exportaciones","as","Asia","kwt","Kuwait","2080440","Aguacates Frescos o Secos","47964"
"2021","202112","2021-12","2","Exportaciones","as","Asia","qat","Katar","2080440","Aguacates Frescos o Secos","7845"
"2021","202112","2021-12","2","Exportaciones","as","Asia","sau","Arabia Saudita","2080440","Aguacates Frescos o Secos","338943"
"2021","202112","2021-12","2","Exportaciones","as","Asia","sgp","Singapur","2080440","Aguacates Frescos o Secos","30358"
"2021","202112","2021-12","2","Exportaciones","eu","Europa","che","Suiza","2080440","Aguacates Frescos o Secos","51229"
"2021","202112","2021-12","2","Exportaciones","eu","Europa","deu","Alemania","2080440","Aguacates Frescos o Secos","56352"
"2021","202112","2021-12","2","Exportaciones","eu","Europa","esp","España","2080440","Aguacates Frescos o Secos","441011"
"2021","202112","2021-12","2","Exportaciones","eu","Europa","fra","Francia","2080440","Aguacates Frescos o Secos","978875"
"2021","202112","2021-12","2","Exportaciones","eu","Europa","gbr","Reino Unido","2080440","Aguacates Frescos o Secos","179303"
"2021","202112","2021-12","2","Exportaciones","eu","Europa","nld","Países Bajos","2080440","Aguacates Frescos o Secos","53215"
"2021","202112","2021-12","2","Exportaciones","eu","Europa","rou","Rumania","2080440","Aguacates Frescos o Secos","110997"
"2021","202112","2021-12","2","Exportaciones","eu","Europa","rus","Rusia","2080440","Aguacates Frescos o Secos","155"
"2021","202112","2021-12","2","Exportaciones","eu","Europa","swe","Suecia","2080440","Aguacates Frescos o Secos","1921"
"2021","202112","2021-12","2","Exportaciones","na","América del Norte","can","Canadá","2080440","Aguacates Frescos o Secos","21000333"
"2021","202112","2021-12","2","Exportaciones","na","América del Norte","gtm","Guatemala","2080440","Aguacates Frescos o Secos","520448"
"2021","202112","2021-12","2","Exportaciones","na","América del Norte","hnd","Honduras","2080440","Aguacates Frescos o Secos","2269283"
"2021","202112","2021-12","2","Exportaciones","na","América del Norte","pan","Panamá","2080440","Aguacates Frescos o Secos","20261"
"2021","202112","2021-12","2","Exportaciones","na","América del Norte","slv","El Salvador","2080440","Aguacates Frescos o Secos","4019910"
"2021","202112","2021-12","2","Exportaciones","na","América del Norte","usa","Estados Unidos","2080440","Aguacates Frescos o Secos","266894791"
"2021","202112","2021-12","2","Exportaciones","sa","América del Sur","ury","Uruguay","2080440","Aguacates Frescos o Secos","57889"
"2022","202201","2022-01","2","Exportaciones","as","Asia","are","Emiratos Árabes Unidos","2080440","Aguacates Frescos o Secos","645861"
"2022","202201","2022-01","2","Exportaciones","as","Asia","bhr","Bahrein","2080440","Aguacates Frescos o Secos","179253"
"2022","202201","2022-01","2","Exportaciones","as","Asia","chn","China","2080440","Aguacates Frescos o Secos","1407073"
"2022","202201","2022-01","2","Exportaciones","as","Asia","hkg","Hong Kong","2080440","Aguacates Frescos o Secos","129643"
"2022","202201","2022-01","2","Exportaciones","as","Asia","jpn","Japón","2080440","Aguacates Frescos o Secos","13827849"
"2022","202201","2022-01","2","Exportaciones","as","Asia","kor","Corea del Sur","2080440","Aguacates Frescos o Secos","837635"
"2022","202201","2022-01","2","Exportaciones","as","Asia","kwt","Kuwait","2080440","Aguacates Frescos o Secos","252620"
"2022","202201","2022-01","2","Exportaciones","as","Asia","mys","Malasia","2080440","Aguacates Frescos o Secos","7224"
"2022","202201","2022-01","2","Exportaciones","as","Asia","sau","Arabia Saudita","2080440","Aguacates Frescos o Secos","272129"
"2022","202201","2022-01","2","Exportaciones","as","Asia","sgp","Singapur","2080440","Aguacates Frescos o Secos","30701"
"2022","202201","2022-01","2","Exportaciones","eu","Europa","esp","España","2080440","Aguacates Frescos o Secos","30765"
"2022","202201","2022-01","2","Exportaciones","eu","Europa","gbr","Reino Unido","2080440","Aguacates Frescos o Secos","12466"
"2022","202201","2022-01","2","Exportaciones","na","América del Norte","can","Canadá","2080440","Aguacates Frescos o Secos","23923696"
"2022","202201","2022-01","2","Exportaciones","na","América del Norte","gtm","Guatemala","2080440","Aguacates Frescos o Secos","429745"
"2022","202201","2022-01","2","Exportaciones","na","América del Norte","hnd","Honduras","2080440","Aguacates Frescos o Secos","2812865"
"2022","202201","2022-01","2","Exportaciones","na","América del Norte","pan","Panamá","2080440","Aguacates Frescos o Secos","31604"
"2022","202201","2022-01","2","Exportaciones","na","América del Norte","slv","El Salvador","2080440","Aguacates Frescos o Secos","4252038"
"2022","202201","2022-01","2","Exportaciones","na","América del Norte","usa","Estados Unidos","2080440","Aguacates Frescos o Secos","312566652"
"2022","202202","2022-02","2","Exportaciones","as","Asia","are","Emiratos Árabes Unidos","2080440","Aguacates Frescos o Secos","681824"
"2022","202202","2022-02","2","Exportaciones","as","Asia","bgd","Bangladesh","2080440","Aguacates Frescos o Secos","735"
"2022","202202","2022-02","2","Exportaciones","as","Asia","bhr","Bahrein","2080440","Aguacates Frescos o Secos","101523"
"2022","202202","2022-02","2","Exportaciones","as","Asia","chn","China","2080440","Aguacates Frescos o Secos","887632"
"2022","202202","2022-02","2","Exportaciones","as","Asia","hkg","Hong Kong","2080440","Aguacates Frescos o Secos","363272"
"2022","202202","2022-02","2","Exportaciones","as","Asia","jpn","Japón","2080440","Aguacates Frescos o Secos","13728257"
"2022","202202","2022-02","2","Exportaciones","as","Asia","kor","Corea del Sur","2080440","Aguacates Frescos o Secos","526963"
"2022","202202","2022-02","2","Exportaciones","as","Asia","kwt","Kuwait","2080440","Aguacates Frescos o Secos","164244"
"2022","202202","2022-02","2","Exportaciones","as","Asia","qat","Katar","2080440","Aguacates Frescos o Secos","5023"
"2022","202202","2022-02","2","Exportaciones","as","Asia","sau","Arabia Saudita","2080440","Aguacates Frescos o Secos","308619"
"2022","202202","2022-02","2","Exportaciones","eu","Europa","che","Suiza","2080440","Aguacates Frescos o Secos","70575"
"2022","202202","2022-02","2","Exportaciones","eu","Europa","esp","España","2080440","Aguacates Frescos o Secos","56401"
"2022","202202","2022-02","2","Exportaciones","eu","Europa","gbr","Reino Unido","2080440","Aguacates Frescos o Secos","13762"
"2022","202202","2022-02","2","Exportaciones","na","América del Norte","can","Canadá","2080440","Aguacates Frescos o Secos","25346745"
"2022","202202","2022-02","2","Exportaciones","na","América del Norte","gtm","Guatemala","2080440","Aguacates Frescos o Secos","378166"
"2022","202202","2022-02","2","Exportaciones","na","América del Norte","hnd","Honduras","2080440","Aguacates Frescos o Secos","1804436"
"2022","202202","2022-02","2","Exportaciones","na","América del Norte","pan","Panamá","2080440","Aguacates Frescos o Secos","30239"
"2022","202202","2022-02","2","Exportaciones","na","América del Norte","slv","El Salvador","2080440","Aguacates Frescos o Secos","4013643"
"2022","202202","2022-02","2","Exportaciones","na","América del Norte","usa","Estados Unidos","2080440","Aguacates Frescos o Secos","275188301"
"2022","202202","2022-02","2","Exportaciones","oc","Oceanía","nzl","Nueva Zelandia","2080440","Aguacates Frescos o Secos","10807"
"2022","202203","2022-03","2","Exportaciones","as","Asia","are","Emiratos Árabes Unidos","2080440","Aguacates Frescos o Secos","559358"
"2022","202203","2022-03","2","Exportaciones","as","Asia","bhr","Bahrein","2080440","Aguacates Frescos o Secos","201038"
"2022","202203","2022-03","2","Exportaciones","as","Asia","chn","China","2080440","Aguacates Frescos o Secos","345596"
"2022","202203","2022-03","2","Exportaciones","as","Asia","jpn","Japón","2080440","Aguacates Frescos o Secos","15660078"
"2022","202203","2022-03","2","Exportaciones","as","Asia","sau","Arabia Saudita","2080440","Aguacates Frescos o Secos","257783"
"2022","202203","2022-03","2","Exportaciones","na","América del Norte","slv","El Salvador","2080440","Aguacates Frescos o Secos","2837133"
"2022","202204","2022-04","2","Exportaciones","as","Asia","are","Emiratos Árabes Unidos","2080440","Aguacates Frescos o Secos","514741"
"2022","202204","2022-04","2","Exportaciones","as","Asia","bhr","Bahrein","2080440","Aguacates Frescos o Secos","155363"
"2022","202204","2022-04","2","Exportaciones","as","Asia","jpn","Japón","2080440","Aguacates Frescos o Secos","8840269"
"2022","202204","2022-04","2","Exportaciones","as","Asia","kwt","Kuwait","2080440","Aguacates Frescos o Secos","200895"
"2022","202204","2022-04","2","Exportaciones","as","Asia","sau","Arabia Saudita","2080440","Aguacates Frescos o Secos","357358"
"2022","202204","2022-04","2","Exportaciones","eu","Europa","esp","España","2080440","Aguacates Frescos o Secos","27384"
"2022","202204","2022-04","2","Exportaciones","na","América del Norte","blz","Belice","2080440","Aguacates Frescos o Secos","7978"
"2022","202204","2022-04","2","Exportaciones","na","América del Norte","can","Canadá","2080440","Aguacates Frescos o Secos","19521988"
"2022","202204","2022-04","2","Exportaciones","na","América del Norte","gtm","Guatemala","2080440","Aguacates Frescos o Secos","154615"
"2022","202204","2022-04","2","Exportaciones","na","América del Norte","hnd","Honduras","2080440","Aguacates Frescos o Secos","1044344"
"2022","202204","2022-04","2","Exportaciones","na","América del Norte","nic","Nicaragua","2080440","Aguacates Frescos o Secos","72593"
"2022","202204","2022-04","2","Exportaciones","na","América del Norte","pan","Panamá","2080440","Aguacates Frescos o Secos","20286"
"2022","202204","2022-04","2","Exportaciones","na","América del Norte","slv","El Salvador","2080440","Aguacates Frescos o Secos","827988"
"2022","202204","2022-04","2","Exportaciones","na","América del Norte","usa","Estados Unidos","2080440","Aguacates Frescos o Secos","262399792"
"2022","202205","2022-05","2","Exportaciones","as","Asia","are","Emiratos Árabes Unidos","2080440","Aguacates Frescos o Secos","521818"
"2022","202205","2022-05","2","Exportaciones","as","Asia","bhr","Bahrein","2080440","Aguacates Frescos o Secos","180569"
"2022","202205","2022-05","2","Exportaciones","as","Asia","jpn","Japón","2080440","Aguacates Frescos o Secos","6502098"
"2022","202205","2022-05","2","Exportaciones","as","Asia","kwt","Kuwait","2080440","Aguacates Frescos o Secos","236924"
"2022","202205","2022-05","2","Exportaciones","as","Asia","sau","Arabia Saudita","2080440","Aguacates Frescos o Secos","326975"
"2022","202205","2022-05","2","Exportaciones","as","Asia","sgp","Singapur","2080440","Aguacates Frescos o Secos","691"
"2022","202205","2022-05","2","Exportaciones","na","América del Norte","blz","Belice","2080440","Aguacates Frescos o Secos","5261"
"2022","202205","2022-05","2","Exportaciones","na","América del Norte","can","Canadá","2080440","Aguacates Frescos o Secos","30281586"
"2022","202205","2022-05","2","Exportaciones","na","América del Norte","hnd","Honduras","2080440","Aguacates Frescos o Secos","550438"
"2022","202205","2022-05","2","Exportaciones","na","América del Norte","pan","Panamá","2080440","Aguacates Frescos o Secos","36411"
"2022","202205","2022-05","2","Exportaciones","na","América del Norte","slv","El Salvador","2080440","Aguacates Frescos o Secos","658947"
"2022","202205","2022-05","2","Exportaciones","na","América del Norte","usa","Estados Unidos","2080440","Aguacates Frescos o Secos","281118881"
"2022","202205","2022-05","2","Exportaciones","oc","Oceanía","nzl","Nueva Zelandia","2080440","Aguacates Frescos o Secos","13005"
"2022","202206","2022-06","2","Exportaciones","as","Asia","are","Emiratos Árabes Unidos","2080440","Aguacates Frescos o Secos","660055"
"2022","202206","2022-06","2","Exportaciones","as","Asia","bhr","Bahrein","2080440","Aguacates Frescos o Secos","161664"
"2022","202206","2022-06","2","Exportaciones","as","Asia","hkg","Hong Kong","2080440","Aguacates Frescos o Secos","796515"
"2022","202206","2022-06","2","Exportaciones","as","Asia","jpn","Japón","2080440","Aguacates Frescos o Secos","5545951"
"2022","202206","2022-06","2","Exportaciones","as","Asia","kwt","Kuwait","2080440","Aguacates Frescos o Secos","344202"
"2022","202206","2022-06","2","Exportaciones","as","Asia","sau","Arabia Saudita","2080440","Aguacates Frescos o Secos","378486"
"2022","202206","2022-06","2","Exportaciones","eu","Europa","esp","España","2080440","Aguacates Frescos o Secos","16231"
"2022","202206","2022-06","2","Exportaciones","na","América del Norte","blz","Belice","2080440","Aguacates Frescos o Secos","8945"
"2022","202206","2022-06","2","Exportaciones","na","América del Norte","can","Canadá","2080440","Aguacates Frescos o Secos","25518475"
"2022","202206","2022-06","2","Exportaciones","na","América del Norte","hnd","Honduras","2080440","Aguacates Frescos o Secos","513924"
"2022","202206","2022-06","2","Exportaciones","na","América del Norte","pan","Panamá","2080440","Aguacates Frescos o Secos","26261"
"2022","202206","2022-06","2","Exportaciones","na","América del Norte","slv","El Salvador","2080440","Aguacates Frescos o Secos","1052968"
"2022","202206","2022-06","2","Exportaciones","na","América del Norte","usa","Estados Unidos","2080440","Aguacates Frescos o Secos","164609004"
"2022","202206","2022-06","2","Exportaciones","oc","Oceanía","nzl","Nueva Zelandia","2080440","Aguacates Frescos o Secos","12911"
"2022","202207","2022-07","2","Exportaciones","as","Asia","are","Emiratos Árabes Unidos","2080440","Aguacates Frescos o Secos","628597"
"2022","202207","2022-07","2","Exportaciones","as","Asia","bhr","Bahrein","2080440","Aguacates Frescos o Secos","99855"
"2022","202207","2022-07","2","Exportaciones","as","Asia","hkg","Hong Kong","2080440","Aguacates Frescos o Secos","1662692"
"2022","202207","2022-07","2","Exportaciones","as","Asia","jpn","Japón","2080440","Aguacates Frescos o Secos","8111882"
"2022","202207","2022-07","2","Exportaciones","as","Asia","kwt","Kuwait","2080440","Aguacates Frescos o Secos","364056"
"2022","202207","2022-07","2","Exportaciones","as","Asia","sgp","Singapur","2080440","Aguacates Frescos o Secos","12146"
"2022","202207","2022-07","2","Exportaciones","eu","Europa","esp","España","2080440","Aguacates Frescos o Secos","21497"
"2022","202207","2022-07","2","Exportaciones","na","América del Norte","blz","Belice","2080440","Aguacates Frescos o Secos","3327"
"2022","202207","2022-07","2","Exportaciones","na","América del Norte","can","Canadá","2080440","Aguacates Frescos o Secos","33862498"
"2022","202207","2022-07","2","Exportaciones","na","América del Norte","cri","Costa Rica","2080440","Aguacates Frescos o Secos","7166"
"2022","202207","2022-07","2","Exportaciones","na","América del Norte","hnd","Honduras","2080440","Aguacates Frescos o Secos","1002464"
"2022","202207","2022-07","2","Exportaciones","na","América del Norte","pan","Panamá","2080440","Aguacates Frescos o Secos","52630"
"2022","202207","2022-07","2","Exportaciones","na","América del Norte","slv","El Salvador","2080440","Aguacates Frescos o Secos","2336294"
"2022","202207","2022-07","2","Exportaciones","na","América del Norte","usa","Estados Unidos","2080440","Aguacates Frescos o Secos","319358200"
"2022","202207","2022-07","2","Exportaciones","oc","Oceanía","nzl","Nueva Zelandia","2080440","Aguacates Frescos o Secos","10749"
"2022","202208","2022-08","2","Exportaciones","as","Asia","are","Emiratos Árabes Unidos","2080440","Aguacates Frescos o Secos","472260"
"2022","202208","2022-08","2","Exportaciones","as","Asia","bhr","Bahrein","2080440","Aguacates Frescos o Secos","221552"
"2022","202208","2022-08","2","Exportaciones","as","Asia","chn","China","2080440","Aguacates Frescos o Secos","178752"
"2022","202208","2022-08","2","Exportaciones","as","Asia","hkg","Hong Kong","2080440","Aguacates Frescos o Secos","1340227"
"2022","202208","2022-08","2","Exportaciones","as","Asia","jpn","Japón","2080440","Aguacates Frescos o Secos","6874259"
"2022","202208","2022-08","2","Exportaciones","as","Asia","kwt","Kuwait","2080440","Aguacates Frescos o Secos","254034"
"2022","202208","2022-08","2","Exportaciones","as","Asia","mys","Malasia","2080440","Aguacates Frescos o Secos","16007"
"2022","202208","2022-08","2","Exportaciones","as","Asia","sau","Arabia Saudita","2080440","Aguacates Frescos o Secos","10304"
"2022","202208","2022-08","2","Exportaciones","eu","Europa","bel","Bélgica","2080440","Aguacates Frescos o Secos","304691"
"2022","202208","2022-08","2","Exportaciones","eu","Europa","esp","España","2080440","Aguacates Frescos o Secos","3974834"
"2022","202208","2022-08","2","Exportaciones","eu","Europa","fra","Francia","2080440","Aguacates Frescos o Secos","508204"
"2022","202208","2022-08","2","Exportaciones","eu","Europa","gbr","Reino Unido","2080440","Aguacates Frescos o Secos","206071"
"2022","202208","2022-08","2","Exportaciones","eu","Europa","ita","Italia","2080440","Aguacates Frescos o Secos","18399"
"2022","202208","2022-08","2","Exportaciones","eu","Europa","nld","Países Bajos","2080440","Aguacates Frescos o Secos","1243620"
"2022","202208","2022-08","2","Exportaciones","na","América del Norte","blz","Belice","2080440","Aguacates Frescos o Secos","2898"
"2022","202208","2022-08","2","Exportaciones","na","América del Norte","can","Canadá","2080440","Aguacates Frescos o Secos","28351172"
"2022","202208","2022-08","2","Exportaciones","na","América del Norte","cri","Costa Rica","2080440","Aguacates Frescos o Secos","613245"
"2022","202208","2022-08","2","Exportaciones","na","América del Norte","gtm","Guatemala","2080440","Aguacates Frescos o Secos","733245"
"2022","202208","2022-08","2","Exportaciones","na","América del Norte","hnd","Honduras","2080440","Aguacates Frescos o Secos","2156625"
"2022","202208","2022-08","2","Exportaciones","na","América del Norte","pan","Panamá","2080440","Aguacates Frescos o Secos","15968"
"2022","202208","2022-08","2","Exportaciones","na","América del Norte","slv","El Salvador","2080440","Aguacates Frescos o Secos","4098790"
"2022","202208","2022-08","2","Exportaciones","na","América del Norte","usa","Estados Unidos","2080440","Aguacates Frescos o Secos","344937742"
"2022","202209","2022-09","2","Exportaciones","as","Asia","are","Emiratos Árabes Unidos","2080440","Aguacates Frescos o Secos","506603"
"2022","202209","2022-09","2","Exportaciones","as","Asia","bhr","Bahrein","2080440","Aguacates Frescos o Secos","122010"
"2022","202209","2022-09","2","Exportaciones","as","Asia","chn","China","2080440","Aguacates Frescos o Secos","910910"
"2022","202209","2022-09","2","Exportaciones","as","Asia","hkg","Hong Kong","2080440","Aguacates Frescos o Secos","688497"
"2022","202209","2022-09","2","Exportaciones","as","Asia","jpn","Japón","2080440","Aguacates Frescos o Secos","8927457"
"2022","202209","2022-09","2","Exportaciones","as","Asia","kor","Corea del Sur","2080440","Aguacates Frescos o Secos","246339"
"2022","202209","2022-09","2","Exportaciones","as","Asia","kwt","Kuwait","2080440","Aguacates Frescos o Secos","209387"
"2022","202209","2022-09","2","Exportaciones","as","Asia","mys","Malasia","2080440","Aguacates Frescos o Secos","3314"
"2022","202209","2022-09","2","Exportaciones","as","Asia","omn","Omán","2080440","Aguacates Frescos o Secos","5865"
"2022","202209","2022-09","2","Exportaciones","as","Asia","qat","Katar","2080440","Aguacates Frescos o Secos","4971"
"2022","202209","2022-09","2","Exportaciones","as","Asia","sau","Arabia Saudita","2080440","Aguacates Frescos o Secos","16978"
"2022","202209","2022-09","2","Exportaciones","as","Asia","sgp","Singapur","2080440","Aguacates Frescos o Secos","8107"
"2022","202209","2022-09","2","Exportaciones","eu","Europa","bel","Bélgica","2080440","Aguacates Frescos o Secos","294002"
"2022","202209","2022-09","2","Exportaciones","eu","Europa","che","Suiza","2080440","Aguacates Frescos o Secos","47760"
"2022","202209","2022-09","2","Exportaciones","eu","Europa","deu","Alemania","2080440","Aguacates Frescos o Secos","58652"
"2022","202209","2022-09","2","Exportaciones","eu","Europa","esp","España","2080440","Aguacates Frescos o Secos","6568881"
"2022","202209","2022-09","2","Exportaciones","eu","Europa","fra","Francia","2080440","Aguacates Frescos o Secos","2043667"
"2022","202209","2022-09","2","Exportaciones","eu","Europa","gbr","Reino Unido","2080440","Aguacates Frescos o Secos","300467"
"2022","202209","2022-09","2","Exportaciones","eu","Europa","ita","Italia","2080440","Aguacates Frescos o Secos","110601"
"2022","202209","2022-09","2","Exportaciones","eu","Europa","lva","Letonia","2080440","Aguacates Frescos o Secos","26"
"2022","202209","2022-09","2","Exportaciones","eu","Europa","nld","Países Bajos","2080440","Aguacates Frescos o Secos","2748040"
"2022","202209","2022-09","2","Exportaciones","na","América del Norte","blz","Belice","2080440","Aguacates Frescos o Secos","1414"
"2022","202209","2022-09","2","Exportaciones","na","América del Norte","can","Canadá","2080440","Aguacates Frescos o Secos","16159395"
"2022","202209","2022-09","2","Exportaciones","na","América del Norte","cri","Costa Rica","2080440","Aguacates Frescos o Secos","708539"
"2022","202209","2022-09","2","Exportaciones","na","América del Norte","gtm","Guatemala","2080440","Aguacates Frescos o Secos","535033"
"2022","202209","2022-09","2","Exportaciones","na","América del Norte","hnd","Honduras","2080440","Aguacates Frescos o Secos","1000061"
"2022","202209","2022-09","2","Exportaciones","na","América del Norte","pan","Panamá","2080440","Aguacates Frescos o Secos","21538"
"2022","202209","2022-09","2","Exportaciones","na","América del Norte","slv","El Salvador","2080440","Aguacates Frescos o Secos","3290973"
"2022","202209","2022-09","2","Exportaciones","na","América del Norte","usa","Estados Unidos","2080440","Aguacates Frescos o Secos","206735112"
"2022","202209","2022-09","2","Exportaciones","oc","Oceanía","nzl","Nueva Zelandia","2080440","Aguacates Frescos o Secos","14663"
"2022","202210","2022-10","2","Exportaciones","as","Asia","are","Emiratos Árabes Unidos","2080440","Aguacates Frescos o Secos","375453"
"2022","202210","2022-10","2","Exportaciones","as","Asia","bhr","Bahrein","2080440","Aguacates Frescos o Secos","65903"
"2022","202210","2022-10","2","Exportaciones","as","Asia","chn","China","2080440","Aguacates Frescos o Secos","584516"
"2022","202210","2022-10","2","Exportaciones","as","Asia","hkg","Hong Kong","2080440","Aguacates Frescos o Secos","618965"
"2022","202210","2022-10","2","Exportaciones","as","Asia","jpn","Japón","2080440","Aguacates Frescos o Secos","7511624"
"2022","202210","2022-10","2","Exportaciones","as","Asia","kor","Corea del Sur","2080440","Aguacates Frescos o Secos","591291"
"2022","202210","2022-10","2","Exportaciones","as","Asia","kwt","Kuwait","2080440","Aguacates Frescos o Secos","183796"
"2022","202210","2022-10","2","Exportaciones","as","Asia","mys","Malasia","2080440","Aguacates Frescos o Secos","19700"
"2022","202210","2022-10","2","Exportaciones","as","Asia","qat","Katar","2080440","Aguacates Frescos o Secos","968"
"2022","202210","2022-10","2","Exportaciones","as","Asia","sau","Arabia Saudita","2080440","Aguacates Frescos o Secos","48779"
"2022","202210","2022-10","2","Exportaciones","as","Asia","sgp","Singapur","2080440","Aguacates Frescos o Secos","8182"
"2022","202210","2022-10","2","Exportaciones","eu","Europa","bel","Bélgica","2080440","Aguacates Frescos o Secos","488671"
"2022","202210","2022-10","2","Exportaciones","eu","Europa","esp","España","2080440","Aguacates Frescos o Secos","15941907"
"2022","202210","2022-10","2","Exportaciones","eu","Europa","fra","Francia","2080440","Aguacates Frescos o Secos","2513903"
"2022","202210","2022-10","2","Exportaciones","eu","Europa","gbr","Reino Unido","2080440","Aguacates Frescos o Secos","577693"
"2022","202210","2022-10","2","Exportaciones","eu","Europa","ita","Italia","2080440","Aguacates Frescos o Secos","390084"
"2022","202210","2022-10","2","Exportaciones","eu","Europa","ltu","Lituania","2080440","Aguacates Frescos o Secos","65447"
"2022","202210","2022-10","2","Exportaciones","eu","Europa","nld","Países Bajos","2080440","Aguacates Frescos o Secos","2412026"
"2022","202210","2022-10","2","Exportaciones","eu","Europa","prt","Portugal","2080440","Aguacates Frescos o Secos","32651"
"2022","202210","2022-10","2","Exportaciones","na","América del Norte","blz","Belice","2080440","Aguacates Frescos o Secos","1432"
"2022","202210","2022-10","2","Exportaciones","na","América del Norte","can","Canadá","2080440","Aguacates Frescos o Secos","9414130"
"2022","202210","2022-10","2","Exportaciones","na","América del Norte","cri","Costa Rica","2080440","Aguacates Frescos o Secos","481905"
"2022","202210","2022-10","2","Exportaciones","na","América del Norte","gtm","Guatemala","2080440","Aguacates Frescos o Secos","299252"
"2022","202210","2022-10","2","Exportaciones","na","América del Norte","hnd","Honduras","2080440","Aguacates Frescos o Secos","1438567"
"2022","202210","2022-10","2","Exportaciones","na","América del Norte","pan","Panamá","2080440","Aguacates Frescos o Secos","16658"
"2022","202210","2022-10","2","Exportaciones","na","América del Norte","slv","El Salvador","2080440","Aguacates Frescos o Secos","2645869"
"2022","202210","2022-10","2","Exportaciones","na","América del Norte","usa","Estados Unidos","2080440","Aguacates Frescos o Secos","157392477"
"2022","202210","2022-10","2","Exportaciones","oc","Oceanía","nzl","Nueva Zelandia","2080440","Aguacates Frescos o Secos","19626"
"2022","202210","2022-10","2","Exportaciones","sa","América del Sur","ury","Uruguay","2080440","Aguacates Frescos o Secos","34751"
"2022","202211","2022-11","2","Exportaciones","as","Asia","are","Emiratos Árabes Unidos","2080440","Aguacates Frescos o Secos","599450"
"2022","202211","2022-11","2","Exportaciones","as","Asia","bhr","Bahrein","2080440","Aguacates Frescos o Secos","87319"
"2022","202211","2022-11","2","Exportaciones","as","Asia","chn","China","2080440","Aguacates Frescos o Secos","538937"
"2022","202211","2022-11","2","Exportaciones","as","Asia","hkg","Hong Kong","2080440","Aguacates Frescos o Secos","710943"
"2022","202211","2022-11","2","Exportaciones","as","Asia","jpn","Japón","2080440","Aguacates Frescos o Secos","9835674"
"2022","202211","2022-11","2","Exportaciones","as","Asia","kor","Corea del Sur","2080440","Aguacates Frescos o Secos","976445"
"2022","202211","2022-11","2","Exportaciones","as","Asia","kwt","Kuwait","2080440","Aguacates Frescos o Secos","167034"
"2022","202211","2022-11","2","Exportaciones","as","Asia","mys","Malasia","2080440","Aguacates Frescos o Secos","47279"
"2022","202211","2022-11","2","Exportaciones","as","Asia","qat","Katar","2080440","Aguacates Frescos o Secos","15596"
"2022","202211","2022-11","2","Exportaciones","as","Asia","sau","Arabia Saudita","2080440","Aguacates Frescos o Secos","47014"
"2022","202211","2022-11","2","Exportaciones","as","Asia","sgp","Singapur","2080440","Aguacates Frescos o Secos","92086"
"2022","202211","2022-11","2","Exportaciones","eu","Europa","bel","Bélgica","2080440","Aguacates Frescos o Secos","595072"
"2022","202211","2022-11","2","Exportaciones","eu","Europa","che","Suiza","2080440","Aguacates Frescos o Secos","42655"
"2022","202211","2022-11","2","Exportaciones","eu","Europa","deu","Alemania","2080440","Aguacates Frescos o Secos","266558"
"2022","202211","2022-11","2","Exportaciones","eu","Europa","esp","España","2080440","Aguacates Frescos o Secos","20254748"
"2022","202211","2022-11","2","Exportaciones","eu","Europa","fra","Francia","2080440","Aguacates Frescos o Secos","2448318"
"2022","202211","2022-11","2","Exportaciones","eu","Europa","gbr","Reino Unido","2080440","Aguacates Frescos o Secos","579811"
"2022","202211","2022-11","2","Exportaciones","eu","Europa","ita","Italia","2080440","Aguacates Frescos o Secos","319017"
"2022","202211","2022-11","2","Exportaciones","eu","Europa","nld","Países Bajos","2080440","Aguacates Frescos o Secos","2040868"
"2022","202211","2022-11","2","Exportaciones","eu","Europa","rou","Rumania","2080440","Aguacates Frescos o Secos","42655"
"2022","202211","2022-11","2","Exportaciones","na","América del Norte","blz","Belice","2080440","Aguacates Frescos o Secos","2030"
"2022","202211","2022-11","2","Exportaciones","na","América del Norte","can","Canadá","2080440","Aguacates Frescos o Secos","14546529"
"2022","202211","2022-11","2","Exportaciones","na","América del Norte","cri","Costa Rica","2080440","Aguacates Frescos o Secos","838490"
"2022","202211","2022-11","2","Exportaciones","na","América del Norte","gtm","Guatemala","2080440","Aguacates Frescos o Secos","326160"
"2022","202211","2022-11","2","Exportaciones","na","América del Norte","hnd","Honduras","2080440","Aguacates Frescos o Secos","1381417"
"2022","202211","2022-11","2","Exportaciones","na","América del Norte","pan","Panamá","2080440","Aguacates Frescos o Secos","18168"
"2022","202211","2022-11","2","Exportaciones","na","América del Norte","slv","El Salvador","2080440","Aguacates Frescos o Secos","2864992"
"2022","202211","2022-11","2","Exportaciones","na","América del Norte","usa","Estados Unidos","2080440","Aguacates Frescos o Secos","210114480"
"2022","202211","2022-11","2","Exportaciones","oc","Oceanía","nzl","Nueva Zelandia","2080440","Aguacates Frescos o Secos","13781"
"2022","202211","2022-11","2","Exportaciones","sa","América del Sur","ury","Uruguay","2080440","Aguacates Frescos o Secos","86622"
"2022","202212","2022-12","2","Exportaciones","as","Asia","are","Emiratos Árabes Unidos","2080440","Aguacates Frescos o Secos","887647"
"2022","202212","2022-12","2","Exportaciones","as","Asia","bhr","Bahrein","2080440","Aguacates Frescos o Secos","79595"
"2022","202212","2022-12","2","Exportaciones","as","Asia","chn","China","2080440","Aguacates Frescos o Secos","780184"
"2022","202212","2022-12","2","Exportaciones","as","Asia","hkg","Hong Kong","2080440","Aguacates Frescos o Secos","758089"
"2022","202212","2022-12","2","Exportaciones","as","Asia","jpn","Japón","2080440","Aguacates Frescos o Secos","7581875"
"2022","202212","2022-12","2","Exportaciones","as","Asia","kor","Corea del Sur","2080440","Aguacates Frescos o Secos","1092445"
"2022","202212","2022-12","2","Exportaciones","as","Asia","kwt","Kuwait","2080440","Aguacates Frescos o Secos","161332"
"2022","202212","2022-12","2","Exportaciones","as","Asia","mys","Malasia","2080440","Aguacates Frescos o Secos","48681"
"2022","202212","2022-12","2","Exportaciones","as","Asia","qat","Katar","2080440","Aguacates Frescos o Secos","8028"
"2022","202212","2022-12","2","Exportaciones","as","Asia","sau","Arabia Saudita","2080440","Aguacates Frescos o Secos","124350"
"2022","202212","2022-12","2","Exportaciones","as","Asia","sgp","Singapur","2080440","Aguacates Frescos o Secos","27952"
"2022","202212","2022-12","2","Exportaciones","eu","Europa","bel","Bélgica","2080440","Aguacates Frescos o Secos","849290"
"2022","202212","2022-12","2","Exportaciones","eu","Europa","deu","Alemania","2080440","Aguacates Frescos o Secos","526797"
"2022","202212","2022-12","2","Exportaciones","eu","Europa","esp","España","2080440","Aguacates Frescos o Secos","102010147"
"2022","202212","2022-12","2","Exportaciones","eu","Europa","fra","Francia","2080440","Aguacates Frescos o Secos","3544161"
"2022","202212","2022-12","2","Exportaciones","eu","Europa","gbr","Reino Unido","2080440","Aguacates Frescos o Secos","1009673"
"2022","202212","2022-12","2","Exportaciones","eu","Europa","ita","Italia","2080440","Aguacates Frescos o Secos","705671"
"2022","202212","2022-12","2","Exportaciones","eu","Europa","nld","Países Bajos","2080440","Aguacates Frescos o Secos","697261"
"2022","202212","2022-12","2","Exportaciones","eu","Europa","rou","Rumania","2080440","Aguacates Frescos o Secos","42295"
"2022","202212","2022-12","2","Exportaciones","na","América del Norte","blz","Belice","2080440","Aguacates Frescos o Secos","2562"
"2022","202212","2022-12","2","Exportaciones","na","América del Norte","can","Canadá","2080440","Aguacates Frescos o Secos","16002003"
"2022","202212","2022-12","2","Exportaciones","na","América del Norte","cri","Costa Rica","2080440","Aguacates Frescos o Secos","963279"
"2022","202212","2022-12","2","Exportaciones","na","América del Norte","gtm","Guatemala","2080440","Aguacates Frescos o Secos","276998"
"2022","202212","2022-12","2","Exportaciones","na","América del Norte","hnd","Honduras","2080440","Aguacates Frescos o Secos","1681557"
"2022","202212","2022-12","2","Exportaciones","na","América del Norte","pan","Panamá","2080440","Aguacates Frescos o Secos","14153"
"2022","202212","2022-12","2","Exportaciones","na","América del Norte","slv","El Salvador","2080440","Aguacates Frescos o Secos","3321925"
"2022","202212","2022-12","2","Exportaciones","na","América del Norte","usa","Estados Unidos","2080440","Aguacates Frescos o Secos","230045391"
"2022","202212","2022-12","2","Exportaciones","oc","Oceanía","nzl","Nueva Zelandia","2080440","Aguacates Frescos o Secos","18561"
"2022","202212","2022-12","2","Exportaciones","sa","América del Sur","arg","Argentina","2080440","Aguacates Frescos o Secos","91096"
"2023","202301","2023-01","2","Exportaciones","as","Asia","are","Emiratos Árabes Unidos","2080440","Aguacates Frescos o Secos","606660"
"2023","202301","2023-01","2","Exportaciones","as","Asia","bhr","Bahrein","2080440","Aguacates Frescos o Secos","141854"
"2023","202301","2023-01","2","Exportaciones","as","Asia","chn","China","2080440","Aguacates Frescos o Secos","1209728"
"2023","202301","2023-01","2","Exportaciones","as","Asia","hkg","Hong Kong","2080440","Aguacates Frescos o Secos","788421"
"2023","202301","2023-01","2","Exportaciones","as","Asia","jpn","Japón","2080440","Aguacates Frescos o Secos","8862686"
"2023","202301","2023-01","2","Exportaciones","as","Asia","kor","Corea del Sur","2080440","Aguacates Frescos o Secos","1590299"
"2023","202301","2023-01","2","Exportaciones","as","Asia","kwt","Kuwait","2080440","Aguacates Frescos o Secos","180074"
"2023","202301","2023-01","2","Exportaciones","as","Asia","mys","Malasia","2080440","Aguacates Frescos o Secos","96597"
"2023","202301","2023-01","2","Exportaciones","as","Asia","qat","Katar","2080440","Aguacates Frescos o Secos","1845"
"2023","202301","2023-01","2","Exportaciones","as","Asia","sau","Arabia Saudita","2080440","Aguacates Frescos o Secos","154525"
"2023","202301","2023-01","2","Exportaciones","as","Asia","sgp","Singapur","2080440","Aguacates Frescos o Secos","189717"
"2023","202301","2023-01","2","Exportaciones","as","Asia","tur","Turquía","2080440","Aguacates Frescos o Secos","157"
"2023","202301","2023-01","2","Exportaciones","eu","Europa","bel","Bélgica","2080440","Aguacates Frescos o Secos","1054094"
"2023","202301","2023-01","2","Exportaciones","eu","Europa","che","Suiza","2080440","Aguacates Frescos o Secos","81819"
"2023","202301","2023-01","2","Exportaciones","eu","Europa","deu","Alemania","2080440","Aguacates Frescos o Secos","42382"
"2023","202301","2023-01","2","Exportaciones","eu","Europa","esp","España","2080440","Aguacates Frescos o Secos","1727248"
"2023","202301","2023-01","2","Exportaciones","eu","Europa","fra","Francia","2080440","Aguacates Frescos o Secos","2659080"
"2023","202301","2023-01","2","Exportaciones","eu","Europa","gbr","Reino Unido","2080440","Aguacates Frescos o Secos","1020659"
"2023","202301","2023-01","2","Exportaciones","eu","Europa","ita","Italia","2080440","Aguacates Frescos o Secos","682735"
"2023","202301","2023-01","2","Exportaciones","eu","Europa","nld","Países Bajos","2080440","Aguacates Frescos o Secos","49293"
"2023","202301","2023-01","2","Exportaciones","na","América del Norte","blz","Belice","2080440","Aguacates Frescos o Secos","98"
"2023","202301","2023-01","2","Exportaciones","na","América del Norte","can","Canadá","2080440","Aguacates Frescos o Secos","13930224"
"2023","202301","2023-01","2","Exportaciones","na","América del Norte","cri","Costa Rica","2080440","Aguacates Frescos o Secos","1269766"
"2023","202301","2023-01","2","Exportaciones","na","América del Norte","gtm","Guatemala","2080440","Aguacates Frescos o Secos","224451"
"2023","202301","2023-01","2","Exportaciones","na","América del Norte","hnd","Honduras","2080440","Aguacates Frescos o Secos","2500283"
"2023","202301","2023-01","2","Exportaciones","na","América del Norte","pan","Panamá","2080440","Aguacates Frescos o Secos","16180"
"2023","202301","2023-01","2","Exportaciones","na","América del Norte","slv","El Salvador","2080440","Aguacates Frescos o Secos","3565415"
"2023","202301","2023-01","2","Exportaciones","na","América del Norte","usa","Estados Unidos","2080440","Aguacates Frescos o Secos","228168348"
"2023","202301","2023-01","2","Exportaciones","sa","América del Sur","arg","Argentina","2080440","Aguacates Frescos o Secos","308394"
"2023","202301","2023-01","2","Exportaciones","sa","América del Sur","ury","Uruguay","2080440","Aguacates Frescos o Secos","124616"
"2023","202302","2023-02","2","Exportaciones","as","Asia","are","Emiratos Árabes Unidos","2080440","Aguacates Frescos o Secos","784791"
"2023","202302","2023-02","2","Exportaciones","as","Asia","bhr","Bahrein","2080440","Aguacates Frescos o Secos","65817"
"2023","202302","2023-02","2","Exportaciones","as","Asia","chn","China","2080440","Aguacates Frescos o Secos","1064363"
"2023","202302","2023-02","2","Exportaciones","as","Asia","hkg","Hong Kong","2080440","Aguacates Frescos o Secos","315949"
"2023","202302","2023-02","2","Exportaciones","as","Asia","jpn","Japón","2080440","Aguacates Frescos o Secos","9684302"
"2023","202302","2023-02","2","Exportaciones","as","Asia","kor","Corea del Sur","2080440","Aguacates Frescos o Secos","1302659"
"2023","202302","2023-02","2","Exportaciones","as","Asia","kwt","Kuwait","2080440","Aguacates Frescos o Secos","216417"
"2023","202302","2023-02","2","Exportaciones","as","Asia","mys","Malasia","2080440","Aguacates Frescos o Secos","118531"
"2023","202302","2023-02","2","Exportaciones","as","Asia","sau","Arabia Saudita","2080440","Aguacates Frescos o Secos","78713"
"2023","202302","2023-02","2","Exportaciones","as","Asia","sgp","Singapur","2080440","Aguacates Frescos o Secos","192652"
"2023","202302","2023-02","2","Exportaciones","eu","Europa","bel","Bélgica","2080440","Aguacates Frescos o Secos","467754"
"2023","202302","2023-02","2","Exportaciones","eu","Europa","che","Suiza","2080440","Aguacates Frescos o Secos","38149"
"2023","202302","2023-02","2","Exportaciones","eu","Europa","esp","España","2080440","Aguacates Frescos o Secos","80733521"
"2023","202302","2023-02","2","Exportaciones","eu","Europa","fra","Francia","2080440","Aguacates Frescos o Secos","2234973"
"2023","202302","2023-02","2","Exportaciones","eu","Europa","gbr","Reino Unido","2080440","Aguacates Frescos o Secos","753382"
"2023","202302","2023-02","2","Exportaciones","eu","Europa","ita","Italia","2080440","Aguacates Frescos o Secos","638757"
"2023","202302","2023-02","2","Exportaciones","eu","Europa","nld","Países Bajos","2080440","Aguacates Frescos o Secos","5135"
"2023","202302","2023-02","2","Exportaciones","eu","Europa","rus","Rusia","2080440","Aguacates Frescos o Secos","25465"
"2023","202302","2023-02","2","Exportaciones","na","América del Norte","blz","Belice","2080440","Aguacates Frescos o Secos","9785"
"2023","202302","2023-02","2","Exportaciones","na","América del Norte","can","Canadá","2080440","Aguacates Frescos o Secos","12604915"
"2023","202302","2023-02","2","Exportaciones","na","América del Norte","cri","Costa Rica","2080440","Aguacates Frescos o Secos","1831173"
"2023","202302","2023-02","2","Exportaciones","na","América del Norte","gtm","Guatemala","2080440","Aguacates Frescos o Secos","125584"
"2023","202302","2023-02","2","Exportaciones","na","América del Norte","hnd","Honduras","2080440","Aguacates Frescos o Secos","2172770"
"2023","202302","2023-02","2","Exportaciones","na","América del Norte","pan","Panamá","2080440","Aguacates Frescos o Secos","20891"
"2023","202302","2023-02","2","Exportaciones","na","América del Norte","slv","El Salvador","2080440","Aguacates Frescos o Secos","2835592"
"2023","202302","2023-02","2","Exportaciones","na","América del Norte","usa","Estados Unidos","2080440","Aguacates Frescos o Secos","181798466"
"2023","202302","2023-02","2","Exportaciones","oc","Oceanía","nzl","Nueva Zelandia","2080440","Aguacates Frescos o Secos","5803"
"2023","202302","2023-02","2","Exportaciones","sa","América del Sur","arg","Argentina","2080440","Aguacates Frescos o Secos","328671"
"2023","202302","2023-02","2","Exportaciones","sa","América del Sur","chl","Chile","2080440","Aguacates Frescos o Secos","700857"
"2023","202302","2023-02","2","Exportaciones","sa","América del Sur","ury","Uruguay","2080440","Aguacates Frescos o Secos","116209"
"2023","202303","2023-03","2","Exportaciones","as","Asia","are","Emiratos Árabes Unidos","2080440","Aguacates Frescos o Secos","745171"
"2023","202303","2023-03","2","Exportaciones","as","Asia","bhr","Bahrein","2080440","Aguacates Frescos o Secos","167525"
"2023","202303","2023-03","2","Exportaciones","as","Asia","chn","China","2080440","Aguacates Frescos o Secos","230999"
"2023","202303","2023-03","2","Exportaciones","as","Asia","hkg","Hong Kong","2080440","Aguacates Frescos o Secos","223363"
"2023","202303","2023-03","2","Exportaciones","as","Asia","jpn","Japón","2080440","Aguacates Frescos o Secos","10759204"
"2023","202303","2023-03","2","Exportaciones","as","Asia","kor","Corea del Sur","2080440","Aguacates Frescos o Secos","242228"
"2023","202303","2023-03","2","Exportaciones","as","Asia","kwt","Kuwait","2080440","Aguacates Frescos o Secos","251645"
"2023","202303","2023-03","2","Exportaciones","as","Asia","mys","Malasia","2080440","Aguacates Frescos o Secos","12933"
"2023","202303","2023-03","2","Exportaciones","as","Asia","qat","Katar","2080440","Aguacates Frescos o Secos","1441"
"2023","202303","2023-03","2","Exportaciones","as","Asia","sau","Arabia Saudita","2080440","Aguacates Frescos o Secos","213916"
"2023","202303","2023-03","2","Exportaciones","as","Asia","sgp","Singapur","2080440","Aguacates Frescos o Secos","133529"
"2023","202303","2023-03","2","Exportaciones","eu","Europa","bel","Bélgica","2080440","Aguacates Frescos o Secos","288388"
"2023","202303","2023-03","2","Exportaciones","eu","Europa","esp","España","2080440","Aguacates Frescos o Secos","1014898"
"2023","202303","2023-03","2","Exportaciones","eu","Europa","fra","Francia","2080440","Aguacates Frescos o Secos","1083022"
"2023","202303","2023-03","2","Exportaciones","eu","Europa","gbr","Reino Unido","2080440","Aguacates Frescos o Secos","7507"
"2023","202303","2023-03","2","Exportaciones","eu","Europa","ita","Italia","2080440","Aguacates Frescos o Secos","530756"
"2023","202303","2023-03","2","Exportaciones","na","América del Norte","blz","Belice","2080440","Aguacates Frescos o Secos","7289"
"2023","202303","2023-03","2","Exportaciones","na","América del Norte","can","Canadá","2080440","Aguacates Frescos o Secos","14749770"
"2023","202303","2023-03","2","Exportaciones","na","América del Norte","cri","Costa Rica","2080440","Aguacates Frescos o Secos","2628416"
"2023","202303","2023-03","2","Exportaciones","na","América del Norte","gtm","Guatemala","2080440","Aguacates Frescos o Secos","182345"
"2023","202303","2023-03","2","Exportaciones","na","América del Norte","hnd","Honduras","2080440","Aguacates Frescos o Secos","2565132"
"2023","202303","2023-03","2","Exportaciones","na","América del Norte","pan","Panamá","2080440","Aguacates Frescos o Secos","20302"
"2023","202303","2023-03","2","Exportaciones","na","América del Norte","slv","El Salvador","2080440","Aguacates Frescos o Secos","2925346"
"2023","202303","2023-03","2","Exportaciones","na","América del Norte","usa","Estados Unidos","2080440","Aguacates Frescos o Secos","241536147"
"2023","202303","2023-03","2","Exportaciones","sa","América del Sur","ury","Uruguay","2080440","Aguacates Frescos o Secos","169399"
"2023","202304","2023-04","2","Exportaciones","as","Asia","are","Emiratos Árabes Unidos","2080440","Aguacates Frescos o Secos","464311"
"2023","202304","2023-04","2","Exportaciones","as","Asia","bhr","Bahrein","2080440","Aguacates Frescos o Secos","143879"
"2023","202304","2023-04","2","Exportaciones","as","Asia","jpn","Japón","2080440","Aguacates Frescos o Secos","10904003"
"2023","202304","2023-04","2","Exportaciones","as","Asia","kwt","Kuwait","2080440","Aguacates Frescos o Secos","92971"
"2023","202304","2023-04","2","Exportaciones","as","Asia","sau","Arabia Saudita","2080440","Aguacates Frescos o Secos","51533"
"2023","202304","2023-04","2","Exportaciones","as","Asia","sgp","Singapur","2080440","Aguacates Frescos o Secos","75029"
"2023","202304","2023-04","2","Exportaciones","eu","Europa","esp","España","2080440","Aguacates Frescos o Secos","835211"
"2023","202304","2023-04","2","Exportaciones","eu","Europa","fra","Francia","2080440","Aguacates Frescos o Secos","139037"
"2023","202304","2023-04","2","Exportaciones","eu","Europa","gbr","Reino Unido","2080440","Aguacates Frescos o Secos","17116"
"2023","202304","2023-04","2","Exportaciones","eu","Europa","nld","Países Bajos","2080440","Aguacates Frescos o Secos","62332"
"2023","202304","2023-04","2","Exportaciones","na","América del Norte","blz","Belice","2080440","Aguacates Frescos o Secos","299"
"2023","202304","2023-04","2","Exportaciones","na","América del Norte","can","Canadá","2080440","Aguacates Frescos o Secos","19301067"
"2023","202304","2023-04","2","Exportaciones","na","América del Norte","cri","Costa Rica","2080440","Aguacates Frescos o Secos","2391814"
"2023","202304","2023-04","2","Exportaciones","na","América del Norte","gtm","Guatemala","2080440","Aguacates Frescos o Secos","310069"
"2023","202304","2023-04","2","Exportaciones","na","América del Norte","hnd","Honduras","2080440","Aguacates Frescos o Secos","2818301"
"2023","202304","2023-04","2","Exportaciones","na","América del Norte","pan","Panamá","2080440","Aguacates Frescos o Secos","27772"
"2023","202304","2023-04","2","Exportaciones","na","América del Norte","slv","El Salvador","2080440","Aguacates Frescos o Secos","1810599"
"2023","202304","2023-04","2","Exportaciones","na","América del Norte","usa","Estados Unidos","2080440","Aguacates Frescos o Secos","287446054"
"2023","202304","2023-04","2","Exportaciones","oc","Oceanía","nzl","Nueva Zelandia","2080440","Aguacates Frescos o Secos","8679"
"2023","202304","2023-04","2","Exportaciones","sa","América del Sur","ury","Uruguay","2080440","Aguacates Frescos o Secos","57932"
"2023","202305","2023-05","2","Exportaciones","as","Asia","are","Emiratos Árabes Unidos","2080440","Aguacates Frescos o Secos","817293"
"2023","202305","2023-05","2","Exportaciones","as","Asia","bhr","Bahrein","2080440","Aguacates Frescos o Secos","171089"
"2023","202305","2023-05","2","Exportaciones","as","Asia","hkg","Hong Kong","2080440","Aguacates Frescos o Secos","143841"
"2023","202305","2023-05","2","Exportaciones","as","Asia","jpn","Japón","2080440","Aguacates Frescos o Secos","6898132"
"2023","202305","2023-05","2","Exportaciones","as","Asia","kwt","Kuwait","2080440","Aguacates Frescos o Secos","224104"
"2023","202305","2023-05","2","Exportaciones","as","Asia","qat","Katar","2080440","Aguacates Frescos o Secos","10729"
"2023","202305","2023-05","2","Exportaciones","as","Asia","sau","Arabia Saudita","2080440","Aguacates Frescos o Secos","254467"
"2023","202305","2023-05","2","Exportaciones","as","Asia","sgp","Singapur","2080440","Aguacates Frescos o Secos","78086"
"2023","202305","2023-05","2","Exportaciones","eu","Europa","esp","España","2080440","Aguacates Frescos o Secos","657780"
"2023","202305","2023-05","2","Exportaciones","eu","Europa","fra","Francia","2080440","Aguacates Frescos o Secos","192"
"2023","202305","2023-05","2","Exportaciones","eu","Europa","gbr","Reino Unido","2080440","Aguacates Frescos o Secos","14944"
"2023","202305","2023-05","2","Exportaciones","na","América del Norte","blz","Belice","2080440","Aguacates Frescos o Secos","9577"
"2023","202305","2023-05","2","Exportaciones","na","América del Norte","can","Canadá","2080440","Aguacates Frescos o Secos","20782009"
"2023","202305","2023-05","2","Exportaciones","na","América del Norte","cri","Costa Rica","2080440","Aguacates Frescos o Secos","2464153"
"2023","202305","2023-05","2","Exportaciones","na","América del Norte","gtm","Guatemala","2080440","Aguacates Frescos o Secos","380026"
"2023","202305","2023-05","2","Exportaciones","na","América del Norte","hnd","Honduras","2080440","Aguacates Frescos o Secos","2353380"
"2023","202305","2023-05","2","Exportaciones","na","América del Norte","pan","Panamá","2080440","Aguacates Frescos o Secos","19701"
"2023","202305","2023-05","2","Exportaciones","na","América del Norte","slv","El Salvador","2080440","Aguacates Frescos o Secos","1254492"
"2023","202305","2023-05","2","Exportaciones","na","América del Norte","usa","Estados Unidos","2080440","Aguacates Frescos o Secos","260691752"
"2023","202305","2023-05","2","Exportaciones","oc","Oceanía","nzl","Nueva Zelandia","2080440","Aguacates Frescos o Secos","6974"
"2023","202306","2023-06","2","Exportaciones","as","Asia","are","Emiratos Árabes Unidos","2080440","Aguacates Frescos o Secos","588557"
"2023","202306","2023-06","2","Exportaciones","as","Asia","bhr","Bahrein","2080440","Aguacates Frescos o Secos","139319"
"2023","202306","2023-06","2","Exportaciones","as","Asia","chn","China","2080440","Aguacates Frescos o Secos","50761"
"2023","202306","2023-06","2","Exportaciones","as","Asia","hkg","Hong Kong","2080440","Aguacates Frescos o Secos","510183"
"2023","202306","2023-06","2","Exportaciones","as","Asia","jpn","Japón","2080440","Aguacates Frescos o Secos","5979153"
"2023","202306","2023-06","2","Exportaciones","as","Asia","kwt","Kuwait","2080440","Aguacates Frescos o Secos","135678"
"2023","202306","2023-06","2","Exportaciones","as","Asia","qat","Katar","2080440","Aguacates Frescos o Secos","13127"
"2023","202306","2023-06","2","Exportaciones","as","Asia","sau","Arabia Saudita","2080440","Aguacates Frescos o Secos","221260"
"2023","202306","2023-06","2","Exportaciones","as","Asia","sgp","Singapur","2080440","Aguacates Frescos o Secos","44579"
"2023","202306","2023-06","2","Exportaciones","eu","Europa","esp","España","2080440","Aguacates Frescos o Secos","12436"
"2023","202306","2023-06","2","Exportaciones","eu","Europa","gbr","Reino Unido","2080440","Aguacates Frescos o Secos","15397"
"2023","202306","2023-06","2","Exportaciones","eu","Europa","nld","Países Bajos","2080440","Aguacates Frescos o Secos","7807"
"2023","202306","2023-06","2","Exportaciones","na","América del Norte","blz","Belice","2080440","Aguacates Frescos o Secos","7656"
"2023","202306","2023-06","2","Exportaciones","na","América del Norte","can","Canadá","2080440","Aguacates Frescos o Secos","16866772"
"2023","202306","2023-06","2","Exportaciones","na","América del Norte","cri","Costa Rica","2080440","Aguacates Frescos o Secos","773407"
"2023","202306","2023-06","2","Exportaciones","na","América del Norte","gtm","Guatemala","2080440","Aguacates Frescos o Secos","278777"
"2023","202306","2023-06","2","Exportaciones","na","América del Norte","hnd","Honduras","2080440","Aguacates Frescos o Secos","2053962"
"2023","202306","2023-06","2","Exportaciones","na","América del Norte","pan","Panamá","2080440","Aguacates Frescos o Secos","26543"
"2023","202306","2023-06","2","Exportaciones","na","América del Norte","slv","El Salvador","2080440","Aguacates Frescos o Secos","1411748"
"2023","202306","2023-06","2","Exportaciones","na","América del Norte","usa","Estados Unidos","2080440","Aguacates Frescos o Secos","169160742"
"2023","202306","2023-06","2","Exportaciones","oc","Oceanía","nzl","Nueva Zelandia","2080440","Aguacates Frescos o Secos","7185"
"2023","202307","2023-07","2","Exportaciones","as","Asia","are","Emiratos Árabes Unidos","2080440","Aguacates Frescos o Secos","347030"
"2023","202307","2023-07","2","Exportaciones","as","Asia","bhr","Bahrein","2080440","Aguacates Frescos o Secos","87209"
"2023","202307","2023-07","2","Exportaciones","as","Asia","hkg","Hong Kong","2080440","Aguacates Frescos o Secos","74550"
"2023","202307","2023-07","2","Exportaciones","as","Asia","jpn","Japón","2080440","Aguacates Frescos o Secos","2681499"
"2023","202307","2023-07","2","Exportaciones","as","Asia","kwt","Kuwait","2080440","Aguacates Frescos o Secos","76032"
"2023","202307","2023-07","2","Exportaciones","as","Asia","sau","Arabia Saudita","2080440","Aguacates Frescos o Secos","35270"
"2023","202307","2023-07","2","Exportaciones","as","Asia","sgp","Singapur","2080440","Aguacates Frescos o Secos","19066"
"2023","202307","2023-07","2","Exportaciones","eu","Europa","esp","España","2080440","Aguacates Frescos o Secos","320"
"2023","202307","2023-07","2","Exportaciones","na","América del Norte","blz","Belice","2080440","Aguacates Frescos o Secos","6171"
"2023","202307","2023-07","2","Exportaciones","na","América del Norte","can","Canadá","2080440","Aguacates Frescos o Secos","12389128"
"2023","202307","2023-07","2","Exportaciones","na","América del Norte","cri","Costa Rica","2080440","Aguacates Frescos o Secos","294360"
"2023","202307","2023-07","2","Exportaciones","na","América del Norte","hnd","Honduras","2080440","Aguacates Frescos o Secos","1029253"
"2023","202307","2023-07","2","Exportaciones","na","América del Norte","pan","Panamá","2080440","Aguacates Frescos o Secos","24792"
"2023","202307","2023-07","2","Exportaciones","na","América del Norte","slv","El Salvador","2080440","Aguacates Frescos o Secos","919645"
"2023","202307","2023-07","2","Exportaciones","na","América del Norte","usa","Estados Unidos","2080440","Aguacates Frescos o Secos","116261618"
"2023","202308","2023-08","2","Exportaciones","as","Asia","are","Emiratos Árabes Unidos","2080440","Aguacates Frescos o Secos","417139"
"2023","202308","2023-08","2","Exportaciones","as","Asia","bhr","Bahrein","2080440","Aguacates Frescos o Secos","59296"
"2023","202308","2023-08","2","Exportaciones","as","Asia","hkg","Hong Kong","2080440","Aguacates Frescos o Secos","159168"
"2023","202308","2023-08","2","Exportaciones","as","Asia","jpn","Japón","2080440","Aguacates Frescos o Secos","4915749"
"2023","202308","2023-08","2","Exportaciones","as","Asia","kwt","Kuwait","2080440","Aguacates Frescos o Secos","37257"
"2023","202308","2023-08","2","Exportaciones","as","Asia","sau","Arabia Saudita","2080440","Aguacates Frescos o Secos","13177"
"2023","202308","2023-08","2","Exportaciones","eu","Europa","esp","España","2080440","Aguacates Frescos o Secos","168668"
"2023","202308","2023-08","2","Exportaciones","eu","Europa","nld","Países Bajos","2080440","Aguacates Frescos o Secos","152509"
"2023","202308","2023-08","2","Exportaciones","na","América del Norte","blz","Belice","2080440","Aguacates Frescos o Secos","7705"
"2023","202308","2023-08","2","Exportaciones","na","América del Norte","can","Canadá","2080440","Aguacates Frescos o Secos","15017694"
"2023","202308","2023-08","2","Exportaciones","na","América del Norte","cri","Costa Rica","2080440","Aguacates Frescos o Secos","289859"
"2023","202308","2023-08","2","Exportaciones","na","América del Norte","gtm","Guatemala","2080440","Aguacates Frescos o Secos","111467"
"2023","202308","2023-08","2","Exportaciones","na","América del Norte","hnd","Honduras","2080440","Aguacates Frescos o Secos","697910"
"2023","202308","2023-08","2","Exportaciones","na","América del Norte","pan","Panamá","2080440","Aguacates Frescos o Secos","19765"
"2023","202308","2023-08","2","Exportaciones","na","América del Norte","slv","El Salvador","2080440","Aguacates Frescos o Secos","1841292"
"2023","202308","2023-08","2","Exportaciones","na","América del Norte","usa","Estados Unidos","2080440","Aguacates Frescos o Secos","177501083"
"2023","202308","2023-08","2","Exportaciones","oc","Oceanía","nzl","Nueva Zelandia","2080440","Aguacates Frescos o Secos","7653"
"2023","202309","2023-09","2","Exportaciones","as","Asia","are","Emiratos Árabes Unidos","2080440","Aguacates Frescos o Secos","611497"
"2023","202309","2023-09","2","Exportaciones","as","Asia","bhr","Bahrein","2080440","Aguacates Frescos o Secos","178613"
"2023","202309","2023-09","2","Exportaciones","as","Asia","chn","China","2080440","Aguacates Frescos o Secos","60967"
"2023","202309","2023-09","2","Exportaciones","as","Asia","jpn","Japón","2080440","Aguacates Frescos o Secos","12005391"
"2023","202309","2023-09","2","Exportaciones","as","Asia","kor","Corea del Sur","2080440","Aguacates Frescos o Secos","496505"
"2023","202309","2023-09","2","Exportaciones","as","Asia","kwt","Kuwait","2080440","Aguacates Frescos o Secos","136360"
"2023","202309","2023-09","2","Exportaciones","as","Asia","qat","Katar","2080440","Aguacates Frescos o Secos","4923"
"2023","202309","2023-09","2","Exportaciones","as","Asia","sau","Arabia Saudita","2080440","Aguacates Frescos o Secos","19130"
"2023","202309","2023-09","2","Exportaciones","as","Asia","sgp","Singapur","2080440","Aguacates Frescos o Secos","7250"
"2023","202309","2023-09","2","Exportaciones","eu","Europa","bel","Bélgica","2080440","Aguacates Frescos o Secos","184251"
"2023","202309","2023-09","2","Exportaciones","eu","Europa","che","Suiza","2080440","Aguacates Frescos o Secos","60948"
"2023","202309","2023-09","2","Exportaciones","eu","Europa","deu","Alemania","2080440","Aguacates Frescos o Secos","70"
"2023","202309","2023-09","2","Exportaciones","eu","Europa","esp","España","2080440","Aguacates Frescos o Secos","5753081"
"2023","202309","2023-09","2","Exportaciones","eu","Europa","fra","Francia","2080440","Aguacates Frescos o Secos","1749662"
"2023","202309","2023-09","2","Exportaciones","eu","Europa","gbr","Reino Unido","2080440","Aguacates Frescos o Secos","522466"
"2023","202309","2023-09","2","Exportaciones","eu","Europa","ita","Italia","2080440","Aguacates Frescos o Secos","251294"
"2023","202309","2023-09","2","Exportaciones","eu","Europa","nld","Países Bajos","2080440","Aguacates Frescos o Secos","1584698"
"2023","202309","2023-09","2","Exportaciones","na","América del Norte","blz","Belice","2080440","Aguacates Frescos o Secos","674"
"2023","202309","2023-09","2","Exportaciones","na","América del Norte","can","Canadá","2080440","Aguacates Frescos o Secos","18539700"
"2023","202309","2023-09","2","Exportaciones","na","América del Norte","cri","Costa Rica","2080440","Aguacates Frescos o Secos","1028244"
"2023","202309","2023-09","2","Exportaciones","na","América del Norte","gtm","Guatemala","2080440","Aguacates Frescos o Secos","132703"
"2023","202309","2023-09","2","Exportaciones","na","América del Norte","hnd","Honduras","2080440","Aguacates Frescos o Secos","1771482"
"2023","202309","2023-09","2","Exportaciones","na","América del Norte","pan","Panamá","2080440","Aguacates Frescos o Secos","42647"
"2023","202309","2023-09","2","Exportaciones","na","América del Norte","slv","El Salvador","2080440","Aguacates Frescos o Secos","2824596"
"2023","202309","2023-09","2","Exportaciones","na","América del Norte","usa","Estados Unidos","2080440","Aguacates Frescos o Secos","229635670"
"2023","202309","2023-09","2","Exportaciones","sa","América del Sur","ury","Uruguay","2080440","Aguacates Frescos o Secos","58510"
"2023","202310","2023-10","2","Exportaciones","as","Asia","are","Emiratos Árabes Unidos","2080440","Aguacates Frescos o Secos","711422"
"2023","202310","2023-10","2","Exportaciones","as","Asia","bhr","Bahrein","2080440","Aguacates Frescos o Secos","129475"
"2023","202310","2023-10","2","Exportaciones","as","Asia","chn","China","2080440","Aguacates Frescos o Secos","360304"
"2023","202310","2023-10","2","Exportaciones","as","Asia","jpn","Japón","2080440","Aguacates Frescos o Secos","12944760"
"2023","202310","2023-10","2","Exportaciones","as","Asia","kor","Corea del Sur","2080440","Aguacates Frescos o Secos","530867"
"2023","202310","2023-10","2","Exportaciones","as","Asia","kwt","Kuwait","2080440","Aguacates Frescos o Secos","80275"
"2023","202310","2023-10","2","Exportaciones","as","Asia","sau","Arabia Saudita","2080440","Aguacates Frescos o Secos","74612"
"2023","202310","2023-10","2","Exportaciones","as","Asia","sgp","Singapur","2080440","Aguacates Frescos o Secos","12590"
"2023","202310","2023-10","2","Exportaciones","eu","Europa","bel","Bélgica","2080440","Aguacates Frescos o Secos","418122"
"2023","202310","2023-10","2","Exportaciones","eu","Europa","che","Suiza","2080440","Aguacates Frescos o Secos","53531"
"2023","202310","2023-10","2","Exportaciones","eu","Europa","deu","Alemania","2080440","Aguacates Frescos o Secos","45769"
"2023","202310","2023-10","2","Exportaciones","eu","Europa","esp","España","2080440","Aguacates Frescos o Secos","9123443"
"2023","202310","2023-10","2","Exportaciones","eu","Europa","fra","Francia","2080440","Aguacates Frescos o Secos","1909827"
"2023","202310","2023-10","2","Exportaciones","eu","Europa","gbr","Reino Unido","2080440","Aguacates Frescos o Secos","1099565"
"2023","202310","2023-10","2","Exportaciones","eu","Europa","ita","Italia","2080440","Aguacates Frescos o Secos","348610"
"2023","202310","2023-10","2","Exportaciones","eu","Europa","nld","Países Bajos","2080440","Aguacates Frescos o Secos","4126867"
"2023","202310","2023-10","2","Exportaciones","na","América del Norte","blz","Belice","2080440","Aguacates Frescos o Secos","2754"
"2023","202310","2023-10","2","Exportaciones","na","América del Norte","can","Canadá","2080440","Aguacates Frescos o Secos","20815724"
"2023","202310","2023-10","2","Exportaciones","na","América del Norte","cri","Costa Rica","2080440","Aguacates Frescos o Secos","1199504"
"2023","202310","2023-10","2","Exportaciones","na","América del Norte","gtm","Guatemala","2080440","Aguacates Frescos o Secos","172452"
"2023","202310","2023-10","2","Exportaciones","na","América del Norte","hnd","Honduras","2080440","Aguacates Frescos o Secos","1954937"
"2023","202310","2023-10","2","Exportaciones","na","América del Norte","pan","Panamá","2080440","Aguacates Frescos o Secos","22800"
"2023","202310","2023-10","2","Exportaciones","na","América del Norte","slv","El Salvador","2080440","Aguacates Frescos o Secos","3115291"
"2023","202310","2023-10","2","Exportaciones","na","América del Norte","usa","Estados Unidos","2080440","Aguacates Frescos o Secos","282803410"
"2023","202310","2023-10","2","Exportaciones","oc","Oceanía","aus","Australia","2080440","Aguacates Frescos o Secos","50"
"2023","202310","2023-10","2","Exportaciones","sa","América del Sur","ury","Uruguay","2080440","Aguacates Frescos o Secos","102779"
"2023","202311","2023-11","2","Exportaciones","as","Asia","are","Emiratos Árabes Unidos","2080440","Aguacates Frescos o Secos","865068"
"2023","202311","2023-11","2","Exportaciones","as","Asia","bhr","Bahrein","2080440","Aguacates Frescos o Secos","89488"
"2023","202311","2023-11","2","Exportaciones","as","Asia","chn","China","2080440","Aguacates Frescos o Secos","477179"
"2023","202311","2023-11","2","Exportaciones","as","Asia","hkg","Hong Kong","2080440","Aguacates Frescos o Secos","103817"
"2023","202311","2023-11","2","Exportaciones","as","Asia","jpn","Japón","2080440","Aguacates Frescos o Secos","10447344"
"2023","202311","2023-11","2","Exportaciones","as","Asia","kor","Corea del Sur","2080440","Aguacates Frescos o Secos","498797"
"2023","202311","2023-11","2","Exportaciones","as","Asia","kwt","Kuwait","2080440","Aguacates Frescos o Secos","43768"
"2023","202311","2023-11","2","Exportaciones","as","Asia","qat","Katar","2080440","Aguacates Frescos o Secos","11134"
"2023","202311","2023-11","2","Exportaciones","as","Asia","sau","Arabia Saudita","2080440","Aguacates Frescos o Secos","130726"
"2023","202311","2023-11","2","Exportaciones","as","Asia","sgp","Singapur","2080440","Aguacates Frescos o Secos","5466"
"2023","202311","2023-11","2","Exportaciones","eu","Europa","deu","Alemania","2080440","Aguacates Frescos o Secos","1878919"
"2023","202311","2023-11","2","Exportaciones","eu","Europa","esp","España","2080440","Aguacates Frescos o Secos","2198044"
"2023","202311","2023-11","2","Exportaciones","eu","Europa","fra","Francia","2080440","Aguacates Frescos o Secos","1826289"
"2023","202311","2023-11","2","Exportaciones","eu","Europa","gbr","Reino Unido","2080440","Aguacates Frescos o Secos","843304"
"2023","202311","2023-11","2","Exportaciones","eu","Europa","ita","Italia","2080440","Aguacates Frescos o Secos","139969"
"2023","202311","2023-11","2","Exportaciones","eu","Europa","nld","Países Bajos","2080440","Aguacates Frescos o Secos","1220334"
"2023","202311","2023-11","2","Exportaciones","na","América del Norte","can","Canadá","2080440","Aguacates Frescos o Secos","18056622"
"2023","202311","2023-11","2","Exportaciones","na","América del Norte","cri","Costa Rica","2080440","Aguacates Frescos o Secos","1426548"
"2023","202311","2023-11","2","Exportaciones","na","América del Norte","gtm","Guatemala","2080440","Aguacates Frescos o Secos","50420"
"2023","202311","2023-11","2","Exportaciones","na","América del Norte","hnd","Honduras","2080440","Aguacates Frescos o Secos","2095764"
"2023","202311","2023-11","2","Exportaciones","na","América del Norte","pan","Panamá","2080440","Aguacates Frescos o Secos","22367"
"2023","202311","2023-11","2","Exportaciones","na","América del Norte","slv","El Salvador","2080440","Aguacates Frescos o Secos","2727266"
"2023","202311","2023-11","2","Exportaciones","na","América del Norte","usa","Estados Unidos","2080440","Aguacates Frescos o Secos","199822887"
"2023","202311","2023-11","2","Exportaciones","oc","Oceanía","nzl","Nueva Zelandia","2080440","Aguacates Frescos o Secos","6185"
"2023","202311","2023-11","2","Exportaciones","sa","América del Sur","ury","Uruguay","2080440","Aguacates Frescos o Secos","44111"
"2023","202312","2023-12","2","Exportaciones","as","Asia","are","Emiratos Árabes Unidos","2080440","Aguacates Frescos o Secos","462193"
"2023","202312","2023-12","2","Exportaciones","as","Asia","bhr","Bahrein","2080440","Aguacates Frescos o Secos","122786"
"2023","202312","2023-12","2","Exportaciones","as","Asia","chn","China","2080440","Aguacates Frescos o Secos","488409"
"2023","202312","2023-12","2","Exportaciones","as","Asia","hkg","Hong Kong","2080440","Aguacates Frescos o Secos","85740"
"2023","202312","2023-12","2","Exportaciones","as","Asia","jpn","Japón","2080440","Aguacates Frescos o Secos","7886732"
"2023","202312","2023-12","2","Exportaciones","as","Asia","kor","Corea del Sur","2080440","Aguacates Frescos o Secos","916320"
"2023","202312","2023-12","2","Exportaciones","as","Asia","kwt","Kuwait","2080440","Aguacates Frescos o Secos","134469"
"2023","202312","2023-12","2","Exportaciones","as","Asia","qat","Katar","2080440","Aguacates Frescos o Secos","5136"
"2023","202312","2023-12","2","Exportaciones","as","Asia","sau","Arabia Saudita","2080440","Aguacates Frescos o Secos","109826"
"2023","202312","2023-12","2","Exportaciones","eu","Europa","esp","España","2080440","Aguacates Frescos o Secos","384454"
"2023","202312","2023-12","2","Exportaciones","eu","Europa","fra","Francia","2080440","Aguacates Frescos o Secos","1610229"
"2023","202312","2023-12","2","Exportaciones","eu","Europa","gbr","Reino Unido","2080440","Aguacates Frescos o Secos","402599"
"2023","202312","2023-12","2","Exportaciones","eu","Europa","nld","Países Bajos","2080440","Aguacates Frescos o Secos","396418"
"2023","202312","2023-12","2","Exportaciones","na","América del Norte","can","Canadá","2080440","Aguacates Frescos o Secos","16530039"
"2023","202312","2023-12","2","Exportaciones","na","América del Norte","cri","Costa Rica","2080440","Aguacates Frescos o Secos","1628131"
"2023","202312","2023-12","2","Exportaciones","na","América del Norte","cub","Cuba","2080440","Aguacates Frescos o Secos","73"
"2023","202312","2023-12","2","Exportaciones","na","América del Norte","gtm","Guatemala","2080440","Aguacates Frescos o Secos","155355"
"2023","202312","2023-12","2","Exportaciones","na","América del Norte","hnd","Honduras","2080440","Aguacates Frescos o Secos","2310876"
"2023","202312","2023-12","2","Exportaciones","na","América del Norte","pan","Panamá","2080440","Aguacates Frescos o Secos","23216"
"2023","202312","2023-12","2","Exportaciones","na","América del Norte","slv","El Salvador","2080440","Aguacates Frescos o Secos","3891863"
"2023","202312","2023-12","2","Exportaciones","na","América del Norte","usa","Estados Unidos","2080440","Aguacates Frescos o Secos","263999909"
"2023","202312","2023-12","2","Exportaciones","oc","Oceanía","nzl","Nueva Zelandia","2080440","Aguacates Frescos o Secos","14831"
"2023","202312","2023-12","2","Exportaciones","sa","América del Sur","arg","Argentina","2080440","Aguacates Frescos o Secos","795201"
"2023","202312","2023-12","2","Exportaciones","sa","América del Sur","ury","Uruguay","2080440","Aguacates Frescos o Secos","316177"
"2024","202401","2024-01","2","Exportaciones","as","Asia","are","Emiratos Árabes Unidos","2080440","Aguacates Frescos o Secos","954327"
"2024","202401","2024-01","2","Exportaciones","as","Asia","bhr","Bahrein","2080440","Aguacates Frescos o Secos","151616"
"2024","202401","2024-01","2","Exportaciones","as","Asia","chn","China","2080440","Aguacates Frescos o Secos","938484"
"2024","202401","2024-01","2","Exportaciones","as","Asia","hkg","Hong Kong","2080440","Aguacates Frescos o Secos","44547"
"2024","202401","2024-01","2","Exportaciones","as","Asia","jpn","Japón","2080440","Aguacates Frescos o Secos","9314087"
"2024","202401","2024-01","2","Exportaciones","as","Asia","kor","Corea del Sur","2080440","Aguacates Frescos o Secos","1270875"
"2024","202401","2024-01","2","Exportaciones","as","Asia","kwt","Kuwait","2080440","Aguacates Frescos o Secos","136098"
"2024","202401","2024-01","2","Exportaciones","as","Asia","sau","Arabia Saudita","2080440","Aguacates Frescos o Secos","33398"
"2024","202401","2024-01","2","Exportaciones","as","Asia","sgp","Singapur","2080440","Aguacates Frescos o Secos","18089"
"2024","202401","2024-01","2","Exportaciones","eu","Europa","esp","España","2080440","Aguacates Frescos o Secos","50894"
"2024","202401","2024-01","2","Exportaciones","eu","Europa","fra","Francia","2080440","Aguacates Frescos o Secos","600364"
"2024","202401","2024-01","2","Exportaciones","eu","Europa","gbr","Reino Unido","2080440","Aguacates Frescos o Secos","7434"
"2024","202401","2024-01","2","Exportaciones","eu","Europa","nld","Países Bajos","2080440","Aguacates Frescos o Secos","140574"
"2024","202401","2024-01","2","Exportaciones","na","América del Norte","can","Canadá","2080440","Aguacates Frescos o Secos","19676081"
"2024","202401","2024-01","2","Exportaciones","na","América del Norte","cri","Costa Rica","2080440","Aguacates Frescos o Secos","2412493"
"2024","202401","2024-01","2","Exportaciones","na","América del Norte","gtm","Guatemala","2080440","Aguacates Frescos o Secos","266252"
"2024","202401","2024-01","2","Exportaciones","na","América del Norte","hnd","Honduras","2080440","Aguacates Frescos o Secos","3064133"
"2024","202401","2024-01","2","Exportaciones","na","América del Norte","pan","Panamá","2080440","Aguacates Frescos o Secos","16586"
"2024","202401","2024-01","2","Exportaciones","na","América del Norte","slv","El Salvador","2080440","Aguacates Frescos o Secos","3755898"
"2024","202401","2024-01","2","Exportaciones","na","América del Norte","usa","Estados Unidos","2080440","Aguacates Frescos o Secos","277432938"
"2024","202401","2024-01","2","Exportaciones","oc","Oceanía","aus","Australia","2080440","Aguacates Frescos o Secos","40724"
"2024","202401","2024-01","2","Exportaciones","oc","Oceanía","nzl","Nueva Zelandia","2080440","Aguacates Frescos o Secos","11208"
"2024","202401","2024-01","2","Exportaciones","sa","América del Sur","arg","Argentina","2080440","Aguacates Frescos o Secos","831515"
"2024","202401","2024-01","2","Exportaciones","sa","América del Sur","chl","Chile","2080440","Aguacates Frescos o Secos","166274"
"2024","202401","2024-01","2","Exportaciones","sa","América del Sur","ury","Uruguay","2080440","Aguacates Frescos o Secos","190311"
"2024","202402","2024-02","2","Exportaciones","as","Asia","are","Emiratos Árabes Unidos","2080440","Aguacates Frescos o Secos","711958"
"2024","202402","2024-02","2","Exportaciones","as","Asia","bhr","Bahrein","2080440","Aguacates Frescos o Secos","127842"
"2024","202402","2024-02","2","Exportaciones","as","Asia","chn","China","2080440","Aguacates Frescos o Secos","220855"
"2024","202402","2024-02","2","Exportaciones","as","Asia","hkg","Hong Kong","2080440","Aguacates Frescos o Secos","91697"
"2024","202402","2024-02","2","Exportaciones","as","Asia","jpn","Japón","2080440","Aguacates Frescos o Secos","10512424"
"2024","202402","2024-02","2","Exportaciones","as","Asia","kor","Corea del Sur","2080440","Aguacates Frescos o Secos","903927"
"2024","202402","2024-02","2","Exportaciones","as","Asia","kwt","Kuwait","2080440","Aguacates Frescos o Secos","110755"
"2024","202402","2024-02","2","Exportaciones","as","Asia","omn","Omán","2080440","Aguacates Frescos o Secos","279"
"2024","202402","2024-02","2","Exportaciones","as","Asia","sau","Arabia Saudita","2080440","Aguacates Frescos o Secos","69632"
"2024","202402","2024-02","2","Exportaciones","as","Asia","sgp","Singapur","2080440","Aguacates Frescos o Secos","26540"
"2024","202402","2024-02","2","Exportaciones","eu","Europa","bel","Bélgica","2080440","Aguacates Frescos o Secos","3590"
"2024","202402","2024-02","2","Exportaciones","eu","Europa","deu","Alemania","2080440","Aguacates Frescos o Secos","7779"
"2024","202402","2024-02","2","Exportaciones","eu","Europa","esp","España","2080440","Aguacates Frescos o Secos","21543"
"2024","202402","2024-02","2","Exportaciones","eu","Europa","fra","Francia","2080440","Aguacates Frescos o Secos","516632"
"2024","202402","2024-02","2","Exportaciones","eu","Europa","nld","Países Bajos","2080440","Aguacates Frescos o Secos","53658"
"2024","202402","2024-02","2","Exportaciones","na","América del Norte","blz","Belice","2080440","Aguacates Frescos o Secos","7121"
"2024","202402","2024-02","2","Exportaciones","na","América del Norte","can","Canadá","2080440","Aguacates Frescos o Secos","19623905"
"2024","202402","2024-02","2","Exportaciones","na","América del Norte","cri","Costa Rica","2080440","Aguacates Frescos o Secos","3293083"
"2024","202402","2024-02","2","Exportaciones","na","América del Norte","gtm","Guatemala","2080440","Aguacates Frescos o Secos","338005"
"2024","202402","2024-02","2","Exportaciones","na","América del Norte","hnd","Honduras","2080440","Aguacates Frescos o Secos","2602601"
"2024","202402","2024-02","2","Exportaciones","na","América del Norte","pan","Panamá","2080440","Aguacates Frescos o Secos","20512"
"2024","202402","2024-02","2","Exportaciones","na","América del Norte","slv","El Salvador","2080440","Aguacates Frescos o Secos","3688537"
"2024","202402","2024-02","2","Exportaciones","na","América del Norte","usa","Estados Unidos","2080440","Aguacates Frescos o Secos","261546576"
"2024","202402","2024-02","2","Exportaciones","na","América del norte","pcz","Zona del Canal de Panamá","2080440","Aguacates Frescos o Secos","3156"
"2024","202402","2024-02","2","Exportaciones","oc","Oceanía","aus","Australia","2080440","Aguacates Frescos o Secos","52511"
"2024","202402","2024-02","2","Exportaciones","oc","Oceanía","nzl","Nueva Zelandia","2080440","Aguacates Frescos o Secos","28275"
"2024","202402","2024-02","2","Exportaciones","sa","América del Sur","arg","Argentina","2080440","Aguacates Frescos o Secos","326031"
"2024","202402","2024-02","2","Exportaciones","sa","América del Sur","chl","Chile","2080440","Aguacates Frescos o Secos","947188"
"2024","202402","2024-02","2","Exportaciones","sa","América del Sur","ury","Uruguay","2080440","Aguacates Frescos o Secos","306389"
"2024","202403","2024-03","2","Exportaciones","as","Asia","are","Emiratos Árabes Unidos","2080440","Aguacates Frescos o Secos","958930"
"2024","202403","2024-03","2","Exportaciones","as","Asia","bhr","Bahrein","2080440","Aguacates Frescos o Secos","191049"
"2024","202403","2024-03","2","Exportaciones","as","Asia","jpn","Japón","2080440","Aguacates Frescos o Secos","10986661"
"2024","202403","2024-03","2","Exportaciones","as","Asia","kor","Corea del Sur","2080440","Aguacates Frescos o Secos","545914"
"2024","202403","2024-03","2","Exportaciones","as","Asia","kwt","Kuwait","2080440","Aguacates Frescos o Secos","112512"
"2024","202403","2024-03","2","Exportaciones","as","Asia","mys","Malasia","2080440","Aguacates Frescos o Secos","17803"
"2024","202403","2024-03","2","Exportaciones","as","Asia","omn","Omán","2080440","Aguacates Frescos o Secos","5800"
"2024","202403","2024-03","2","Exportaciones","as","Asia","sau","Arabia Saudita","2080440","Aguacates Frescos o Secos","77884"
"2024","202403","2024-03","2","Exportaciones","as","Asia","sgp","Singapur","2080440","Aguacates Frescos o Secos","67165"
"2024","202403","2024-03","2","Exportaciones","eu","Europa","bel","Bélgica","2080440","Aguacates Frescos o Secos","112979"
"2024","202403","2024-03","2","Exportaciones","eu","Europa","esp","España","2080440","Aguacates Frescos o Secos","86529"
"2024","202403","2024-03","2","Exportaciones","eu","Europa","fra","Francia","2080440","Aguacates Frescos o Secos","262032"
"2024","202403","2024-03","2","Exportaciones","eu","Europa","ita","Italia","2080440","Aguacates Frescos o Secos","58410"
"2024","202403","2024-03","2","Exportaciones","eu","Europa","nld","Países Bajos","2080440","Aguacates Frescos o Secos","65528"
"2024","202403","2024-03","2","Exportaciones","na","América del Norte","blz","Belice","2080440","Aguacates Frescos o Secos","41206"
"2024","202403","2024-03","2","Exportaciones","na","América del Norte","can","Canadá","2080440","Aguacates Frescos o Secos","22122478"
"2024","202403","2024-03","2","Exportaciones","na","América del Norte","cri","Costa Rica","2080440","Aguacates Frescos o Secos","3467194"
"2024","202403","2024-03","2","Exportaciones","na","América del Norte","gtm","Guatemala","2080440","Aguacates Frescos o Secos","559270"
"2024","202403","2024-03","2","Exportaciones","na","América del Norte","hnd","Honduras","2080440","Aguacates Frescos o Secos","3409813"
"2024","202403","2024-03","2","Exportaciones","na","América del Norte","pan","Panamá","2080440","Aguacates Frescos o Secos","49648"
"2024","202403","2024-03","2","Exportaciones","na","América del Norte","slv","El Salvador","2080440","Aguacates Frescos o Secos","3714492"
"2024","202403","2024-03","2","Exportaciones","na","América del Norte","usa","Estados Unidos","2080440","Aguacates Frescos o Secos","341933810"
"2024","202403","2024-03","2","Exportaciones","sa","América del Sur","chl","Chile","2080440","Aguacates Frescos o Secos","246148"
"2024","202403","2024-03","2","Exportaciones","sa","América del Sur","ury","Uruguay","2080440","Aguacates Frescos o Secos","129700"
"2024","202404","2024-04","2","Exportaciones","as","Asia","are","Emiratos Árabes Unidos","2080440","Aguacates Frescos o Secos","858380"
"2024","202404","2024-04","2","Exportaciones","as","Asia","bhr","Bahrein","2080440","Aguacates Frescos o Secos","109964"
"2024","202404","2024-04","2","Exportaciones","as","Asia","hkg","Hong Kong","2080440","Aguacates Frescos o Secos","1603"
"2024","202404","2024-04","2","Exportaciones","as","Asia","jpn","Japón","2080440","Aguacates Frescos o Secos","6205325"
"2024","202404","2024-04","2","Exportaciones","as","Asia","kwt","Kuwait","2080440","Aguacates Frescos o Secos","157863"
"2024","202404","2024-04","2","Exportaciones","as","Asia","sau","Arabia Saudita","2080440","Aguacates Frescos o Secos","9618"
"2024","202404","2024-04","2","Exportaciones","as","Asia","sgp","Singapur","2080440","Aguacates Frescos o Secos","60938"
"2024","202404","2024-04","2","Exportaciones","as","Asia","tha","Tailandia","2080440","Aguacates Frescos o Secos","5455"
"2024","202404","2024-04","2","Exportaciones","eu","Europa","bel","Bélgica","2080440","Aguacates Frescos o Secos","41220"
"2024","202404","2024-04","2","Exportaciones","eu","Europa","esp","España","2080440","Aguacates Frescos o Secos","18549"
"2024","202404","2024-04","2","Exportaciones","eu","Europa","gbr","Reino Unido","2080440","Aguacates Frescos o Secos","172"
"2024","202404","2024-04","2","Exportaciones","eu","Europa","nld","Países Bajos","2080440","Aguacates Frescos o Secos","7246"
"2024","202404","2024-04","2","Exportaciones","na","América del Norte","blz","Belice","2080440","Aguacates Frescos o Secos","9532"
"2024","202404","2024-04","2","Exportaciones","na","América del Norte","can","Canadá","2080440","Aguacates Frescos o Secos","21114627"
"2024","202404","2024-04","2","Exportaciones","na","América del Norte","cri","Costa Rica","2080440","Aguacates Frescos o Secos","3598666"
"2024","202404","2024-04","2","Exportaciones","na","América del Norte","gtm","Guatemala","2080440","Aguacates Frescos o Secos","570805"
"2024","202404","2024-04","2","Exportaciones","na","América del Norte","hnd","Honduras","2080440","Aguacates Frescos o Secos","3896492"
"2024","202404","2024-04","2","Exportaciones","na","América del Norte","pan","Panamá","2080440","Aguacates Frescos o Secos","16303"
"2024","202404","2024-04","2","Exportaciones","na","América del Norte","slv","El Salvador","2080440","Aguacates Frescos o Secos","2753496"
"2024","202404","2024-04","2","Exportaciones","na","América del Norte","usa","Estados Unidos","2080440","Aguacates Frescos o Secos","319181139"
"2024","202404","2024-04","2","Exportaciones","oc","Oceanía","nzl","Nueva Zelandia","2080440","Aguacates Frescos o Secos","10484"
"2024","202405","2024-05","2","Exportaciones","as","Asia","are","Emiratos Árabes Unidos","2080440","Aguacates Frescos o Secos","1063559"
"2024","202405","2024-05","2","Exportaciones","as","Asia","bhr","Bahrein","2080440","Aguacates Frescos o Secos","169598"
"2024","202405","2024-05","2","Exportaciones","as","Asia","jpn","Japón","2080440","Aguacates Frescos o Secos","4436044"
"2024","202405","2024-05","2","Exportaciones","as","Asia","kwt","Kuwait","2080440","Aguacates Frescos o Secos","131736"
"2024","202405","2024-05","2","Exportaciones","as","Asia","sau","Arabia Saudita","2080440","Aguacates Frescos o Secos","83030"
"2024","202405","2024-05","2","Exportaciones","as","Asia","sgp","Singapur","2080440","Aguacates Frescos o Secos","36980"
"2024","202405","2024-05","2","Exportaciones","eu","Europa","bel","Bélgica","2080440","Aguacates Frescos o Secos","9129"
"2024","202405","2024-05","2","Exportaciones","eu","Europa","esp","España","2080440","Aguacates Frescos o Secos","4173"
"2024","202405","2024-05","2","Exportaciones","eu","Europa","nld","Países Bajos","2080440","Aguacates Frescos o Secos","8401"
"2024","202405","2024-05","2","Exportaciones","na","América del Norte","blz","Belice","2080440","Aguacates Frescos o Secos","13206"
"2024","202405","2024-05","2","Exportaciones","na","América del Norte","can","Canadá","2080440","Aguacates Frescos o Secos","18844547"
"2024","202405","2024-05","2","Exportaciones","na","América del Norte","cri","Costa Rica","2080440","Aguacates Frescos o Secos","1645206"
"2024","202405","2024-05","2","Exportaciones","na","América del Norte","gtm","Guatemala","2080440","Aguacates Frescos o Secos","424226"
"2024","202405","2024-05","2","Exportaciones","na","América del Norte","hnd","Honduras","2080440","Aguacates Frescos o Secos","2149897"
"2024","202405","2024-05","2","Exportaciones","na","América del Norte","pan","Panamá","2080440","Aguacates Frescos o Secos","35368"
"2024","202405","2024-05","2","Exportaciones","na","América del Norte","slv","El Salvador","2080440","Aguacates Frescos o Secos","1430830"
"2024","202405","2024-05","2","Exportaciones","na","América del Norte","usa","Estados Unidos","2080440","Aguacates Frescos o Secos","238362277"
"2024","202405","2024-05","2","Exportaciones","oc","Oceanía","nzl","Nueva Zelandia","2080440","Aguacates Frescos o Secos","2087"
"2024","202406","2024-06","2","Exportaciones","as","Asia","are","Emiratos Árabes Unidos","2080440","Aguacates Frescos o Secos","1024928"
"2024","202406","2024-06","2","Exportaciones","as","Asia","bhr","Bahrein","2080440","Aguacates Frescos o Secos","181451"
"2024","202406","2024-06","2","Exportaciones","as","Asia","jpn","Japón","2080440","Aguacates Frescos o Secos","4296619"
"2024","202406","2024-06","2","Exportaciones","as","Asia","kwt","Kuwait","2080440","Aguacates Frescos o Secos","257532"
"2024","202406","2024-06","2","Exportaciones","as","Asia","mys","Malasia","2080440","Aguacates Frescos o Secos","2779"
"2024","202406","2024-06","2","Exportaciones","as","Asia","sau","Arabia Saudita","2080440","Aguacates Frescos o Secos","83338"
"2024","202406","2024-06","2","Exportaciones","as","Asia","sgp","Singapur","2080440","Aguacates Frescos o Secos","10866"
"2024","202406","2024-06","2","Exportaciones","eu","Europa","esp","España","2080440","Aguacates Frescos o Secos","80798"
"2024","202406","2024-06","2","Exportaciones","eu","Europa","grc","Grecia","2080440","Aguacates Frescos o Secos","2459"
"2024","202406","2024-06","2","Exportaciones","na","América del Norte","blz","Belice","2080440","Aguacates Frescos o Secos","16643"
"2024","202406","2024-06","2","Exportaciones","na","América del Norte","can","Canadá","2080440","Aguacates Frescos o Secos","24760953"
"2024","202406","2024-06","2","Exportaciones","na","América del Norte","cri","Costa Rica","2080440","Aguacates Frescos o Secos","679705"
"2024","202406","2024-06","2","Exportaciones","na","América del Norte","gtm","Guatemala","2080440","Aguacates Frescos o Secos","297513"
"2024","202406","2024-06","2","Exportaciones","na","América del Norte","hnd","Honduras","2080440","Aguacates Frescos o Secos","1468856"
"2024","202406","2024-06","2","Exportaciones","na","América del Norte","pan","Panamá","2080440","Aguacates Frescos o Secos","25009"
"2024","202406","2024-06","2","Exportaciones","na","América del Norte","slv","El Salvador","2080440","Aguacates Frescos o Secos","777559"
"2024","202406","2024-06","2","Exportaciones","na","América del Norte","usa","Estados Unidos","2080440","Aguacates Frescos o Secos","207364220"
"2024","202406","2024-06","2","Exportaciones","oc","Oceanía","aus","Australia","2080440","Aguacates Frescos o Secos","59676"
"2024","202407","2024-07","2","Exportaciones","as","Asia","are","Emiratos Árabes Unidos","2080440","Aguacates Frescos o Secos","1319694"
"2024","202407","2024-07","2","Exportaciones","as","Asia","bhr","Bahrein","2080440","Aguacates Frescos o Secos","227725"
"2024","202407","2024-07","2","Exportaciones","as","Asia","hkg","Hong Kong","2080440","Aguacates Frescos o Secos","3366"
"2024","202407","2024-07","2","Exportaciones","as","Asia","jpn","Japón","2080440","Aguacates Frescos o Secos","6709720"
"2024","202407","2024-07","2","Exportaciones","as","Asia","kwt","Kuwait","2080440","Aguacates Frescos o Secos","679736"
"2024","202407","2024-07","2","Exportaciones","as","Asia","sau","Arabia Saudita","2080440","Aguacates Frescos o Secos","139346"
"2024","202407","2024-07","2","Exportaciones","as","Asia","sgp","Singapur","2080440","Aguacates Frescos o Secos","26320"
"2024","202407","2024-07","2","Exportaciones","na","América del Norte","blz","Belice","2080440","Aguacates Frescos o Secos","11222"
"2024","202407","2024-07","2","Exportaciones","na","América del Norte","can","Canadá","2080440","Aguacates Frescos o Secos","26744884"
"2024","202407","2024-07","2","Exportaciones","na","América del Norte","cri","Costa Rica","2080440","Aguacates Frescos o Secos","704595"
"2024","202407","2024-07","2","Exportaciones","na","América del Norte","gtm","Guatemala","2080440","Aguacates Frescos o Secos","603118"
"2024","202407","2024-07","2","Exportaciones","na","América del Norte","hnd","Honduras","2080440","Aguacates Frescos o Secos","2499780"
"2024","202407","2024-07","2","Exportaciones","na","América del Norte","pan","Panamá","2080440","Aguacates Frescos o Secos","74042"
"2024","202407","2024-07","2","Exportaciones","na","América del Norte","slv","El Salvador","2080440","Aguacates Frescos o Secos","2425236"
"2024","202407","2024-07","2","Exportaciones","na","América del Norte","usa","Estados Unidos","2080440","Aguacates Frescos o Secos","298554672"
"2024","202408","2024-08","2","Exportaciones","as","Asia","are","Emiratos Árabes Unidos","2080440","Aguacates Frescos o Secos","668126"
"2024","202408","2024-08","2","Exportaciones","as","Asia","bhr","Bahrein","2080440","Aguacates Frescos o Secos","142693"
"2024","202408","2024-08","2","Exportaciones","as","Asia","jpn","Japón","2080440","Aguacates Frescos o Secos","10729451"
"2024","202408","2024-08","2","Exportaciones","as","Asia","kwt","Kuwait","2080440","Aguacates Frescos o Secos","561550"
"2024","202408","2024-08","2","Exportaciones","as","Asia","sau","Arabia Saudita","2080440","Aguacates Frescos o Secos","124601"
"2024","202408","2024-08","2","Exportaciones","as","Asia","sgp","Singapur","2080440","Aguacates Frescos o Secos","9821"
"2024","202408","2024-08","2","Exportaciones","eu","Europa","esp","España","2080440","Aguacates Frescos o Secos","585747"
"2024","202408","2024-08","2","Exportaciones","eu","Europa","gbr","Reino Unido","2080440","Aguacates Frescos o Secos","533434"
"2024","202408","2024-08","2","Exportaciones","eu","Europa","nld","Países Bajos","2080440","Aguacates Frescos o Secos","931858"
"2024","202408","2024-08","2","Exportaciones","na","América del Norte","blz","Belice","2080440","Aguacates Frescos o Secos","4564"
"2024","202408","2024-08","2","Exportaciones","na","América del Norte","can","Canadá","2080440","Aguacates Frescos o Secos","19427689"
"2024","202408","2024-08","2","Exportaciones","na","América del Norte","cri","Costa Rica","2080440","Aguacates Frescos o Secos","1044006"
"2024","202408","2024-08","2","Exportaciones","na","América del Norte","gtm","Guatemala","2080440","Aguacates Frescos o Secos","179970"
"2024","202408","2024-08","2","Exportaciones","na","América del Norte","hnd","Honduras","2080440","Aguacates Frescos o Secos","1066081"
"2024","202408","2024-08","2","Exportaciones","na","América del Norte","pan","Panamá","2080440","Aguacates Frescos o Secos","27627"
"2024","202408","2024-08","2","Exportaciones","na","América del Norte","slv","El Salvador","2080440","Aguacates Frescos o Secos","1825105"
"2024","202408","2024-08","2","Exportaciones","na","América del Norte","usa","Estados Unidos","2080440","Aguacates Frescos o Secos","259499726"
"2024","202408","2024-08","2","Exportaciones","oc","Oceanía","aus","Australia","2080440","Aguacates Frescos o Secos","13892"
"2024","202408","2024-08","2","Exportaciones","oc","Oceanía","nzl","Nueva Zelandia","2080440","Aguacates Frescos o Secos","20893"
"2024","202409","2024-09","2","Exportaciones","as","Asia","are","Emiratos Árabes Unidos","2080440","Aguacates Frescos o Secos","870782"
"2024","202409","2024-09","2","Exportaciones","as","Asia","bhr","Bahrein","2080440","Aguacates Frescos o Secos","224917"
"2024","202409","2024-09","2","Exportaciones","as","Asia","chn","China","2080440","Aguacates Frescos o Secos","66333"
"2024","202409","2024-09","2","Exportaciones","as","Asia","hkg","Hong Kong","2080440","Aguacates Frescos o Secos","63230"
"2024","202409","2024-09","2","Exportaciones","as","Asia","jpn","Japón","2080440","Aguacates Frescos o Secos","9646712"
"2024","202409","2024-09","2","Exportaciones","as","Asia","kor","Corea del Sur","2080440","Aguacates Frescos o Secos","190264"
"2024","202409","2024-09","2","Exportaciones","as","Asia","kwt","Kuwait","2080440","Aguacates Frescos o Secos","380924"
"2024","202409","2024-09","2","Exportaciones","as","Asia","sau","Arabia Saudita","2080440","Aguacates Frescos o Secos","92166"
"2024","202409","2024-09","2","Exportaciones","as","Asia","sgp","Singapur","2080440","Aguacates Frescos o Secos","65546"
"2024","202409","2024-09","2","Exportaciones","eu","Europa","che","Suiza","2080440","Aguacates Frescos o Secos","70108"
"2024","202409","2024-09","2","Exportaciones","eu","Europa","esp","España","2080440","Aguacates Frescos o Secos","4819935"
"2024","202409","2024-09","2","Exportaciones","eu","Europa","fra","Francia","2080440","Aguacates Frescos o Secos","293377"
"2024","202409","2024-09","2","Exportaciones","eu","Europa","gbr","Reino Unido","2080440","Aguacates Frescos o Secos","87663"
"2024","202409","2024-09","2","Exportaciones","eu","Europa","nld","Países Bajos","2080440","Aguacates Frescos o Secos","1674844"
"2024","202409","2024-09","2","Exportaciones","na","América del Norte","blz","Belice","2080440","Aguacates Frescos o Secos","1753"
"2024","202409","2024-09","2","Exportaciones","na","América del Norte","can","Canadá","2080440","Aguacates Frescos o Secos","21107963"
"2024","202409","2024-09","2","Exportaciones","na","América del Norte","cri","Costa Rica","2080440","Aguacates Frescos o Secos","1776441"
"2024","202409","2024-09","2","Exportaciones","na","América del Norte","gtm","Guatemala","2080440","Aguacates Frescos o Secos","151434"
"2024","202409","2024-09","2","Exportaciones","na","América del Norte","hnd","Honduras","2080440","Aguacates Frescos o Secos","2679553"
"2024","202409","2024-09","2","Exportaciones","na","América del Norte","pan","Panamá","2080440","Aguacates Frescos o Secos","46924"
"2024","202409","2024-09","2","Exportaciones","na","América del Norte","slv","El Salvador","2080440","Aguacates Frescos o Secos","4620553"
"2024","202409","2024-09","2","Exportaciones","na","América del Norte","usa","Estados Unidos","2080440","Aguacates Frescos o Secos","308136566"
"2024","202409","2024-09","2","Exportaciones","oc","Oceanía","nzl","Nueva Zelandia","2080440","Aguacates Frescos o Secos","6795"
"2024","202409","2024-09","2","Exportaciones","sa","América del Sur","ury","Uruguay","2080440","Aguacates Frescos o Secos","129431"
"2024","202410","2024-10","2","Exportaciones","as","Asia","are","Emiratos Árabes Unidos","2080440","Aguacates Frescos o Secos","669117"
"2024","202410","2024-10","2","Exportaciones","as","Asia","bhr","Bahrein","2080440","Aguacates Frescos o Secos","156295"
"2024","202410","2024-10","2","Exportaciones","as","Asia","chn","China","2080440","Aguacates Frescos o Secos","57294"
"2024","202410","2024-10","2","Exportaciones","as","Asia","hkg","Hong Kong","2080440","Aguacates Frescos o Secos","414532"
"2024","202410","2024-10","2","Exportaciones","as","Asia","jpn","Japón","2080440","Aguacates Frescos o Secos","12975955"
"2024","202410","2024-10","2","Exportaciones","as","Asia","kor","Corea del Sur","2080440","Aguacates Frescos o Secos","821685"
"2024","202410","2024-10","2","Exportaciones","as","Asia","kwt","Kuwait","2080440","Aguacates Frescos o Secos","603636"
"2024","202410","2024-10","2","Exportaciones","as","Asia","mys","Malasia","2080440","Aguacates Frescos o Secos","35571"
"2024","202410","2024-10","2","Exportaciones","as","Asia","qat","Katar","2080440","Aguacates Frescos o Secos","9782"
"2024","202410","2024-10","2","Exportaciones","as","Asia","sau","Arabia Saudita","2080440","Aguacates Frescos o Secos","145530"
"2024","202410","2024-10","2","Exportaciones","as","Asia","sgp","Singapur","2080440","Aguacates Frescos o Secos","44874"
"2024","202410","2024-10","2","Exportaciones","eu","Europa","bel","Bélgica","2080440","Aguacates Frescos o Secos","119480"
"2024","202410","2024-10","2","Exportaciones","eu","Europa","esp","España","2080440","Aguacates Frescos o Secos","5043273"
"2024","202410","2024-10","2","Exportaciones","eu","Europa","fra","Francia","2080440","Aguacates Frescos o Secos","70"
"2024","202410","2024-10","2","Exportaciones","eu","Europa","gbr","Reino Unido","2080440","Aguacates Frescos o Secos","204268"
"2024","202410","2024-10","2","Exportaciones","eu","Europa","nld","Países Bajos","2080440","Aguacates Frescos o Secos","741442"
"2024","202410","2024-10","2","Exportaciones","na","América del Norte","blz","Belice","2080440","Aguacates Frescos o Secos","873"
"2024","202410","2024-10","2","Exportaciones","na","América del Norte","can","Canadá","2080440","Aguacates Frescos o Secos","20672318"
"2024","202410","2024-10","2","Exportaciones","na","América del Norte","cri","Costa Rica","2080440","Aguacates Frescos o Secos","1006844"
"2024","202410","2024-10","2","Exportaciones","na","América del Norte","gtm","Guatemala","2080440","Aguacates Frescos o Secos","196198"
"2024","202410","2024-10","2","Exportaciones","na","América del Norte","hnd","Honduras","2080440","Aguacates Frescos o Secos","2668585"
"2024","202410","2024-10","2","Exportaciones","na","América del Norte","pan","Panamá","2080440","Aguacates Frescos o Secos","33161"
"2024","202410","2024-10","2","Exportaciones","na","América del Norte","slv","El Salvador","2080440","Aguacates Frescos o Secos","4303833"
"2024","202410","2024-10","2","Exportaciones","na","América del Norte","usa","Estados Unidos","2080440","Aguacates Frescos o Secos","316434787"
"2024","202410","2024-10","2","Exportaciones","oc","Oceanía","nzl","Nueva Zelandia","2080440","Aguacates Frescos o Secos","7483"
"2024","202410","2024-10","2","Exportaciones","sa","América del Sur","ury","Uruguay","2080440","Aguacates Frescos o Secos","239351"
"2024","202411","2024-11","2","Exportaciones","as","Asia","are","Emiratos Árabes Unidos","2080440","Aguacates Frescos o Secos","830569"
"2024","202411","2024-11","2","Exportaciones","as","Asia","bhr","Bahrein","2080440","Aguacates Frescos o Secos","142500"
"2024","202411","2024-11","2","Exportaciones","as","Asia","hkg","Hong Kong","2080440","Aguacates Frescos o Secos","664309"
"2024","202411","2024-11","2","Exportaciones","as","Asia","jpn","Japón","2080440","Aguacates Frescos o Secos","13789047"
"2024","202411","2024-11","2","Exportaciones","as","Asia","kor","Corea del Sur","2080440","Aguacates Frescos o Secos","583591"
"2024","202411","2024-11","2","Exportaciones","as","Asia","kwt","Kuwait","2080440","Aguacates Frescos o Secos","200414"
"2024","202411","2024-11","2","Exportaciones","as","Asia","mys","Malasia","2080440","Aguacates Frescos o Secos","34422"
"2024","202411","2024-11","2","Exportaciones","as","Asia","qat","Katar","2080440","Aguacates Frescos o Secos","10421"
"2024","202411","2024-11","2","Exportaciones","as","Asia","sau","Arabia Saudita","2080440","Aguacates Frescos o Secos","144617"
"2024","202411","2024-11","2","Exportaciones","as","Asia","sgp","Singapur","2080440","Aguacates Frescos o Secos","134434"
"2024","202411","2024-11","2","Exportaciones","eu","Europa","bel","Bélgica","2080440","Aguacates Frescos o Secos","63643"
"2024","202411","2024-11","2","Exportaciones","eu","Europa","deu","Alemania","2080440","Aguacates Frescos o Secos","767"
"2024","202411","2024-11","2","Exportaciones","eu","Europa","esp","España","2080440","Aguacates Frescos o Secos","913636"
"2024","202411","2024-11","2","Exportaciones","eu","Europa","gbr","Reino Unido","2080440","Aguacates Frescos o Secos","299679"
"2024","202411","2024-11","2","Exportaciones","eu","Europa","nld","Países Bajos","2080440","Aguacates Frescos o Secos","64747"
"2024","202411","2024-11","2","Exportaciones","na","América del Norte","blz","Belice","2080440","Aguacates Frescos o Secos","2264"
"2024","202411","2024-11","2","Exportaciones","na","América del Norte","can","Canadá","2080440","Aguacates Frescos o Secos","20785671"
"2024","202411","2024-11","2","Exportaciones","na","América del Norte","cri","Costa Rica","2080440","Aguacates Frescos o Secos","1348036"
"2024","202411","2024-11","2","Exportaciones","na","América del Norte","gtm","Guatemala","2080440","Aguacates Frescos o Secos","139344"
"2024","202411","2024-11","2","Exportaciones","na","América del Norte","hnd","Honduras","2080440","Aguacates Frescos o Secos","2706493"
"2024","202411","2024-11","2","Exportaciones","na","América del Norte","pan","Panamá","2080440","Aguacates Frescos o Secos","19626"
"2024","202411","2024-11","2","Exportaciones","na","América del Norte","slv","El Salvador","2080440","Aguacates Frescos o Secos","4504619"
"2024","202411","2024-11","2","Exportaciones","na","América del Norte","usa","Estados Unidos","2080440","Aguacates Frescos o Secos","292505911"
"2024","202412","2024-12","2","Exportaciones","as","Asia","are","Emiratos Árabes Unidos","2080440","Aguacates Frescos o Secos","644557"
"2024","202412","2024-12","2","Exportaciones","as","Asia","bhr","Bahrein","2080440","Aguacates Frescos o Secos","172470"
"2024","202412","2024-12","2","Exportaciones","as","Asia","chn","China","2080440","Aguacates Frescos o Secos","120607"
"2024","202412","2024-12","2","Exportaciones","as","Asia","hkg","Hong Kong","2080440","Aguacates Frescos o Secos","356415"
"2024","202412","2024-12","2","Exportaciones","as","Asia","jpn","Japón","2080440","Aguacates Frescos o Secos","8871363"
"2024","202412","2024-12","2","Exportaciones","as","Asia","kor","Corea del Sur","2080440","Aguacates Frescos o Secos","346745"
"2024","202412","2024-12","2","Exportaciones","as","Asia","kwt","Kuwait","2080440","Aguacates Frescos o Secos","350275"
"2024","202412","2024-12","2","Exportaciones","as","Asia","mys","Malasia","2080440","Aguacates Frescos o Secos","19875"
"2024","202412","2024-12","2","Exportaciones","as","Asia","omn","Omán","2080440","Aguacates Frescos o Secos","14071"
"2024","202412","2024-12","2","Exportaciones","as","Asia","sau","Arabia Saudita","2080440","Aguacates Frescos o Secos","92515"
"2024","202412","2024-12","2","Exportaciones","as","Asia","sgp","Singapur","2080440","Aguacates Frescos o Secos","49829"
"2024","202412","2024-12","2","Exportaciones","eu","Europa","gbr","Reino Unido","2080440","Aguacates Frescos o Secos","27086"
"2024","202412","2024-12","2","Exportaciones","na","América del Norte","blz","Belice","2080440","Aguacates Frescos o Secos","8166"
"2024","202412","2024-12","2","Exportaciones","na","América del Norte","can","Canadá","2080440","Aguacates Frescos o Secos","22656214"
"2024","202412","2024-12","2","Exportaciones","na","América del Norte","cri","Costa Rica","2080440","Aguacates Frescos o Secos","1248280"
"2024","202412","2024-12","2","Exportaciones","na","América del Norte","gtm","Guatemala","2080440","Aguacates Frescos o Secos","70555"
"2024","202412","2024-12","2","Exportaciones","na","América del Norte","hnd","Honduras","2080440","Aguacates Frescos o Secos","3564758"
"2024","202412","2024-12","2","Exportaciones","na","América del Norte","pan","Panamá","2080440","Aguacates Frescos o Secos","41737"
"2024","202412","2024-12","2","Exportaciones","na","América del Norte","slv","El Salvador","2080440","Aguacates Frescos o Secos","5416561"
"2024","202412","2024-12","2","Exportaciones","na","América del Norte","usa","Estados Unidos","2080440","Aguacates Frescos o Secos","335836969"
"2024","202412","2024-12","2","Exportaciones","oc","Oceanía","nzl","Nueva Zelandia","2080440","Aguacates Frescos o Secos","5277"
"2024","202412","2024-12","2","Exportaciones","sa","América del Sur","arg","Argentina","2080440","Aguacates Frescos o Secos","633185"
"2024","202412","2024-12","2","Exportaciones","sa","América del Sur","chl","Chile","2080440","Aguacates Frescos o Secos","56534"
"2025","202501","2025-01","2","Exportaciones","as","Asia","are","Emiratos Árabes Unidos","2080440","Aguacates Frescos o Secos","621631"
"2025","202501","2025-01","2","Exportaciones","as","Asia","bhr","Bahrein","2080440","Aguacates Frescos o Secos","130243"
"2025","202501","2025-01","2","Exportaciones","as","Asia","hkg","Hong Kong","2080440","Aguacates Frescos o Secos","193287"
"2025","202501","2025-01","2","Exportaciones","as","Asia","jpn","Japón","2080440","Aguacates Frescos o Secos","11798191"
"2025","202501","2025-01","2","Exportaciones","as","Asia","kor","Corea del Sur","2080440","Aguacates Frescos o Secos","195423"
"2025","202501","2025-01","2","Exportaciones","as","Asia","kwt","Kuwait","2080440","Aguacates Frescos o Secos","484698"
"2025","202501","2025-01","2","Exportaciones","as","Asia","mys","Malasia","2080440","Aguacates Frescos o Secos","171868"
"2025","202501","2025-01","2","Exportaciones","as","Asia","qat","Katar","2080440","Aguacates Frescos o Secos","4071"
"2025","202501","2025-01","2","Exportaciones","as","Asia","sau","Arabia Saudita","2080440","Aguacates Frescos o Secos","74234"
"2025","202501","2025-01","2","Exportaciones","as","Asia","sgp","Singapur","2080440","Aguacates Frescos o Secos","159961"
"2025","202501","2025-01","2","Exportaciones","eu","Europa","deu","Alemania","2080440","Aguacates Frescos o Secos","213"
"2025","202501","2025-01","2","Exportaciones","na","América del Norte","blz","Belice","2080440","Aguacates Frescos o Secos","8240"
"2025","202501","2025-01","2","Exportaciones","na","América del Norte","can","Canadá","2080440","Aguacates Frescos o Secos","19368738"
"2025","202501","2025-01","2","Exportaciones","na","América del Norte","cri","Costa Rica","2080440","Aguacates Frescos o Secos","1513448"
"2025","202501","2025-01","2","Exportaciones","na","América del Norte","gtm","Guatemala","2080440","Aguacates Frescos o Secos","611528"
"2025","202501","2025-01","2","Exportaciones","na","América del Norte","hnd","Honduras","2080440","Aguacates Frescos o Secos","3782955"
"2025","202501","2025-01","2","Exportaciones","na","América del Norte","pan","Panamá","2080440","Aguacates Frescos o Secos","24098"
"2025","202501","2025-01","2","Exportaciones","na","América del Norte","slv","El Salvador","2080440","Aguacates Frescos o Secos","5827321"
"2025","202501","2025-01","2","Exportaciones","na","América del Norte","usa","Estados Unidos","2080440","Aguacates Frescos o Secos","353187280"
"2025","202501","2025-01","2","Exportaciones","oc","Oceanía","nzl","Nueva Zelandia","2080440","Aguacates Frescos o Secos","5816"
"2025","202501","2025-01","2","Exportaciones","sa","América del Sur","arg","Argentina","2080440","Aguacates Frescos o Secos","1240781"
"2025","202502","2025-02","2","Exportaciones","as","Asia","are","Emiratos Árabes Unidos","2080440","Aguacates Frescos o Secos","738750"
"2025","202502","2025-02","2","Exportaciones","as","Asia","bhr","Bahrein","2080440","Aguacates Frescos o Secos","135500"
"2025","202502","2025-02","2","Exportaciones","as","Asia","chn","China","2080440","Aguacates Frescos o Secos","165542"
"2025","202502","2025-02","2","Exportaciones","as","Asia","hkg","Hong Kong","2080440","Aguacates Frescos o Secos","72382"
"2025","202502","2025-02","2","Exportaciones","as","Asia","jpn","Japón","2080440","Aguacates Frescos o Secos","11273595"
"2025","202502","2025-02","2","Exportaciones","as","Asia","kor","Corea del Sur","2080440","Aguacates Frescos o Secos","162232"
"2025","202502","2025-02","2","Exportaciones","as","Asia","kwt","Kuwait","2080440","Aguacates Frescos o Secos","200158"
"2025","202502","2025-02","2","Exportaciones","as","Asia","mys","Malasia","2080440","Aguacates Frescos o Secos","95094"
"2025","202502","2025-02","2","Exportaciones","as","Asia","sau","Arabia Saudita","2080440","Aguacates Frescos o Secos","64684"
"2025","202502","2025-02","2","Exportaciones","as","Asia","sgp","Singapur","2080440","Aguacates Frescos o Secos","218133"
"2025","202502","2025-02","2","Exportaciones","eu","Europa","ita","Italia","2080440","Aguacates Frescos o Secos","7242"
"2025","202502","2025-02","2","Exportaciones","na","América del Norte","blz","Belice","2080440","Aguacates Frescos o Secos","17028"
"2025","202502","2025-02","2","Exportaciones","na","América del Norte","can","Canadá","2080440","Aguacates Frescos o Secos","25360638"
"2025","202502","2025-02","2","Exportaciones","na","América del Norte","cri","Costa Rica","2080440","Aguacates Frescos o Secos","2656240"
"2025","202502","2025-02","2","Exportaciones","na","América del Norte","gtm","Guatemala","2080440","Aguacates Frescos o Secos","192029"
"2025","202502","2025-02","2","Exportaciones","na","América del Norte","hnd","Honduras","2080440","Aguacates Frescos o Secos","5080600"
"2025","202502","2025-02","2","Exportaciones","na","América del Norte","pan","Panamá","2080440","Aguacates Frescos o Secos","40920"
"2025","202502","2025-02","2","Exportaciones","na","América del Norte","slv","El Salvador","2080440","Aguacates Frescos o Secos","5765014"
"2025","202502","2025-02","2","Exportaciones","na","América del Norte","usa","Estados Unidos","2080440","Aguacates Frescos o Secos","369928799"
"2025","202502","2025-02","2","Exportaciones","oc","Oceanía","nzl","Nueva Zelandia","2080440","Aguacates Frescos o Secos","8184"
"2025","202502","2025-02","2","Exportaciones","sa","América del Sur","arg","Argentina","2080440","Aguacates Frescos o Secos","869098"
"2025","202502","2025-02","2","Exportaciones","sa","América del Sur","chl","Chile","2080440","Aguacates Frescos o Secos","150497"
"2025","202502","2025-02","2","Exportaciones","sa","América del Sur","ury","Uruguay","2080440","Aguacates Frescos o Secos","82771"
"2025","202503","2025-03","2","Exportaciones","as","Asia","are","Emiratos Árabes Unidos","2080440","Aguacates Frescos o Secos","823631"
"2025","202503","2025-03","2","Exportaciones","as","Asia","bhr","Bahrein","2080440","Aguacates Frescos o Secos","139508"
"2025","202503","2025-03","2","Exportaciones","as","Asia","isr","Israel","2080440","Aguacates Frescos o Secos","4"
"2025","202503","2025-03","2","Exportaciones","as","Asia","jpn","Japón","2080440","Aguacates Frescos o Secos","7835437"
"2025","202503","2025-03","2","Exportaciones","as","Asia","kwt","Kuwait","2080440","Aguacates Frescos o Secos","271565"
"2025","202503","2025-03","2","Exportaciones","as","Asia","mys","Malasia","2080440","Aguacates Frescos o Secos","7353"
"2025","202503","2025-03","2","Exportaciones","as","Asia","sau","Arabia Saudita","2080440","Aguacates Frescos o Secos","52520"
"2025","202503","2025-03","2","Exportaciones","as","Asia","sgp","Singapur","2080440","Aguacates Frescos o Secos","107534"
"2025","202503","2025-03","2","Exportaciones","eu","Europa","bel","Bélgica","2080440","Aguacates Frescos o Secos","80829"
"2025","202503","2025-03","2","Exportaciones","na","América del Norte","blz","Belice","2080440","Aguacates Frescos o Secos","3414"
"2025","202503","2025-03","2","Exportaciones","na","América del Norte","can","Canadá","2080440","Aguacates Frescos o Secos","27264595"
"2025","202503","2025-03","2","Exportaciones","na","América del Norte","cri","Costa Rica","2080440","Aguacates Frescos o Secos","1730985"
"2025","202503","2025-03","2","Exportaciones","na","América del Norte","gtm","Guatemala","2080440","Aguacates Frescos o Secos","100139"
"2025","202503","2025-03","2","Exportaciones","na","América del Norte","hnd","Honduras","2080440","Aguacates Frescos o Secos","5483392"
"2025","202503","2025-03","2","Exportaciones","na","América del Norte","pan","Panamá","2080440","Aguacates Frescos o Secos","38774"
"2025","202503","2025-03","2","Exportaciones","na","América del Norte","slv","El Salvador","2080440","Aguacates Frescos o Secos","7081361"
"2025","202503","2025-03","2","Exportaciones","na","América del Norte","usa","Estados Unidos","2080440","Aguacates Frescos o Secos","410796949"
"2025","202503","2025-03","2","Exportaciones","oc","Oceanía","nzl","Nueva Zelandia","2080440","Aguacates Frescos o Secos","11078"
"2025","202504","2025-04","2","Exportaciones","as","Asia","are","Emiratos Árabes Unidos","2080440","Aguacates Frescos o Secos","813854"
"2025","202504","2025-04","2","Exportaciones","as","Asia","bhr","Bahrein","2080440","Aguacates Frescos o Secos","105203"
"2025","202504","2025-04","2","Exportaciones","as","Asia","jpn","Japón","2080440","Aguacates Frescos o Secos","3294996"
"2025","202504","2025-04","2","Exportaciones","as","Asia","kwt","Kuwait","2080440","Aguacates Frescos o Secos","582447"
"2025","202504","2025-04","2","Exportaciones","as","Asia","mys","Malasia","2080440","Aguacates Frescos o Secos","15618"
"2025","202504","2025-04","2","Exportaciones","as","Asia","sau","Arabia Saudita","2080440","Aguacates Frescos o Secos","18742"
"2025","202504","2025-04","2","Exportaciones","as","Asia","sgp","Singapur","2080440","Aguacates Frescos o Secos","85228"
"2025","202504","2025-04","2","Exportaciones","eu","Europa","bel","Bélgica","2080440","Aguacates Frescos o Secos","95383"
"2025","202504","2025-04","2","Exportaciones","eu","Europa","esp","España","2080440","Aguacates Frescos o Secos","26030"
"2025","202504","2025-04","2","Exportaciones","na","América del Norte","blz","Belice","2080440","Aguacates Frescos o Secos","19197"
"2025","202504","2025-04","2","Exportaciones","na","América del Norte","can","Canadá","2080440","Aguacates Frescos o Secos","33342315"
"2025","202504","2025-04","2","Exportaciones","na","América del Norte","cri","Costa Rica","2080440","Aguacates Frescos o Secos","2350552"
"2025","202504","2025-04","2","Exportaciones","na","América del Norte","hnd","Honduras","2080440","Aguacates Frescos o Secos","3111219"
"2025","202504","2025-04","2","Exportaciones","na","América del Norte","pan","Panamá","2080440","Aguacates Frescos o Secos","23532"
"2025","202504","2025-04","2","Exportaciones","na","América del Norte","slv","El Salvador","2080440","Aguacates Frescos o Secos","3051302"
"2025","202504","2025-04","2","Exportaciones","na","América del Norte","usa","Estados Unidos","2080440","Aguacates Frescos o Secos","401864942"
"2025","202505","2025-05","2","Exportaciones","as","Asia","are","Emiratos Árabes Unidos","2080440","Aguacates Frescos o Secos","772818"
"2025","202505","2025-05","2","Exportaciones","as","Asia","bhr","Bahrein","2080440","Aguacates Frescos o Secos","221350"
"2025","202505","2025-05","2","Exportaciones","as","Asia","jpn","Japón","2080440","Aguacates Frescos o Secos","2543577"
"2025","202505","2025-05","2","Exportaciones","as","Asia","kwt","Kuwait","2080440","Aguacates Frescos o Secos","566486"
"2025","202505","2025-05","2","Exportaciones","as","Asia","sau","Arabia Saudita","2080440","Aguacates Frescos o Secos","60873"
"2025","202505","2025-05","2","Exportaciones","as","Asia","sgp","Singapur","2080440","Aguacates Frescos o Secos","47548"
"2025","202505","2025-05","2","Exportaciones","eu","Europa","nld","Países Bajos","2080440","Aguacates Frescos o Secos","23774"
"2025","202505","2025-05","2","Exportaciones","na","América del Norte","blz","Belice","2080440","Aguacates Frescos o Secos","14903"
"2025","202505","2025-05","2","Exportaciones","na","América del Norte","can","Canadá","2080440","Aguacates Frescos o Secos","28800191"
"2025","202505","2025-05","2","Exportaciones","na","América del Norte","cri","Costa Rica","2080440","Aguacates Frescos o Secos","917199"
"2025","202505","2025-05","2","Exportaciones","na","América del Norte","hnd","Honduras","2080440","Aguacates Frescos o Secos","3561197"
"2025","202505","2025-05","2","Exportaciones","na","América del Norte","slv","El Salvador","2080440","Aguacates Frescos o Secos","2168016"
"2025","202505","2025-05","2","Exportaciones","na","América del Norte","usa","Estados Unidos","2080440","Aguacates Frescos o Secos","279384903"
"2025","202506","2025-06","2","Exportaciones","as","Asia","are","Emiratos Árabes Unidos","2080440","Aguacates Frescos o Secos","763185"
"2025","202506","2025-06","2","Exportaciones","as","Asia","bhr","Bahrein","2080440","Aguacates Frescos o Secos","168145"
"2025","202506","2025-06","2","Exportaciones","as","Asia","chn","China","2080440","Aguacates Frescos o Secos","2742"
"2025","202506","2025-06","2","Exportaciones","as","Asia","jpn","Japón","2080440","Aguacates Frescos o Secos","2034746"
"2025","202506","2025-06","2","Exportaciones","as","Asia","kwt","Kuwait","2080440","Aguacates Frescos o Secos","476513"
"2025","202506","2025-06","2","Exportaciones","as","Asia","sau","Arabia Saudita","2080440","Aguacates Frescos o Secos","53129"
"2025","202506","2025-06","2","Exportaciones","eu","Europa","deu","Alemania","2080440","Aguacates Frescos o Secos","1505"
"2025","202506","2025-06","2","Exportaciones","eu","Europa","fra","Francia","2080440","Aguacates Frescos o Secos","57"
"2025","202506","2025-06","2","Exportaciones","eu","Europa","nld","Países Bajos","2080440","Aguacates Frescos o Secos","15600"
"2025","202506","2025-06","2","Exportaciones","na","América del Norte","blz","Belice","2080440","Aguacates Frescos o Secos","15138"
"2025","202506","2025-06","2","Exportaciones","na","América del Norte","can","Canadá","2080440","Aguacates Frescos o Secos","29188481"
"2025","202506","2025-06","2","Exportaciones","na","América del Norte","cri","Costa Rica","2080440","Aguacates Frescos o Secos","836766"
"2025","202506","2025-06","2","Exportaciones","na","América del Norte","hnd","Honduras","2080440","Aguacates Frescos o Secos","2763868"
"2025","202506","2025-06","2","Exportaciones","na","América del Norte","slv","El Salvador","2080440","Aguacates Frescos o Secos","2714228"
"2025","202506","2025-06","2","Exportaciones","na","América del Norte","usa","Estados Unidos","2080440","Aguacates Frescos o Secos","334942554"
"2025","202506","2025-06","2","Exportaciones","oc","Oceanía","nzl","Nueva Zelandia","2080440","Aguacates Frescos o Secos","13995"
"2025","202507","2025-07","2","Exportaciones","as","Asia","are","Emiratos Árabes Unidos","2080440","Aguacates Frescos o Secos","476201"
"2025","202507","2025-07","2","Exportaciones","as","Asia","bhr","Bahrein","2080440","Aguacates Frescos o Secos","176337"
"2025","202507","2025-07","2","Exportaciones","as","Asia","jpn","Japón","2080440","Aguacates Frescos o Secos","2780426"
"2025","202507","2025-07","2","Exportaciones","as","Asia","kwt","Kuwait","2080440","Aguacates Frescos o Secos","477357"
"2025","202507","2025-07","2","Exportaciones","as","Asia","sau","Arabia Saudita","2080440","Aguacates Frescos o Secos","40839"
"2025","202507","2025-07","2","Exportaciones","as","Asia","sgp","Singapur","2080440","Aguacates Frescos o Secos","32936"
"2025","202507","2025-07","2","Exportaciones","eu","Europa","deu","Alemania","2080440","Aguacates Frescos o Secos","72079"
"2025","202507","2025-07","2","Exportaciones","eu","Europa","esp","España","2080440","Aguacates Frescos o Secos","64"
"2025","202507","2025-07","2","Exportaciones","eu","Europa","nld","Países Bajos","2080440","Aguacates Frescos o Secos","13415"
"2025","202507","2025-07","2","Exportaciones","na","América del Norte","blz","Belice","2080440","Aguacates Frescos o Secos","13321"
"2025","202507","2025-07","2","Exportaciones","na","América del Norte","can","Canadá","2080440","Aguacates Frescos o Secos","22607614"
"2025","202507","2025-07","2","Exportaciones","na","América del Norte","cri","Costa Rica","2080440","Aguacates Frescos o Secos","390076"
"2025","202507","2025-07","2","Exportaciones","na","América del Norte","hnd","Honduras","2080440","Aguacates Frescos o Secos","1423609"
"2025","202507","2025-07","2","Exportaciones","na","América del Norte","slv","El Salvador","2080440","Aguacates Frescos o Secos","2089452"
"2025","202507","2025-07","2","Exportaciones","na","América del Norte","usa","Estados Unidos","2080440","Aguacates Frescos o Secos","255149459"
"2025","202508","2025-08","2","Exportaciones","as","Asia","are","Emiratos Árabes Unidos","2080440","Aguacates Frescos o Secos","585694"
"2025","202508","2025-08","2","Exportaciones","as","Asia","bhr","Bahrein","2080440","Aguacates Frescos o Secos","134826"
"2025","202508","2025-08","2","Exportaciones","as","Asia","jpn","Japón","2080440","Aguacates Frescos o Secos","10489236"
"2025","202508","2025-08","2","Exportaciones","as","Asia","kwt","Kuwait","2080440","Aguacates Frescos o Secos","398375"
"2025","202508","2025-08","2","Exportaciones","as","Asia","sau","Arabia Saudita","2080440","Aguacates Frescos o Secos","22919"
"2025","202508","2025-08","2","Exportaciones","as","Asia","sgp","Singapur","2080440","Aguacates Frescos o Secos","15520"
"2025","202508","2025-08","2","Exportaciones","eu","Europa","esp","España","2080440","Aguacates Frescos o Secos","245650"
"2025","202508","2025-08","2","Exportaciones","eu","Europa","fra","Francia","2080440","Aguacates Frescos o Secos","132473"
"2025","202508","2025-08","2","Exportaciones","eu","Europa","nld","Países Bajos","2080440","Aguacates Frescos o Secos","320840"
"2025","202508","2025-08","2","Exportaciones","na","América del Norte","blz","Belice","2080440","Aguacates Frescos o Secos","5645"
"2025","202508","2025-08","2","Exportaciones","na","América del Norte","can","Canadá","2080440","Aguacates Frescos o Secos","19084196"
"2025","202508","2025-08","2","Exportaciones","na","América del Norte","cri","Costa Rica","2080440","Aguacates Frescos o Secos","1725098"
"2025","202508","2025-08","2","Exportaciones","na","América del Norte","gtm","Guatemala","2080440","Aguacates Frescos o Secos","70452"
"2025","202508","2025-08","2","Exportaciones","na","América del Norte","hnd","Honduras","2080440","Aguacates Frescos o Secos","2166362"
"2025","202508","2025-08","2","Exportaciones","na","América del Norte","slv","El Salvador","2080440","Aguacates Frescos o Secos","2287921"
"2025","202508","2025-08","2","Exportaciones","na","América del Norte","usa","Estados Unidos","2080440","Aguacates Frescos o Secos","253329117"
"2025","202508","2025-08","2","Exportaciones","oc","Oceanía","nzl","Nueva Zelandia","2080440","Aguacates Frescos o Secos","20285"
"2025","202509","2025-09","2","Exportaciones","as","Asia","are","Emiratos Árabes Unidos","2080440","Aguacates Frescos o Secos","991823"
"2025","202509","2025-09","2","Exportaciones","as","Asia","bhr","Bahrein","2080440","Aguacates Frescos o Secos","153736"
"2025","202509","2025-09","2","Exportaciones","as","Asia","hkg","Hong Kong","2080440","Aguacates Frescos o Secos","111"
"2025","202509","2025-09","2","Exportaciones","as","Asia","jpn","Japón","2080440","Aguacates Frescos o Secos","10429977"
"2025","202509","2025-09","2","Exportaciones","as","Asia","kwt","Kuwait","2080440","Aguacates Frescos o Secos","417923"
"2025","202509","2025-09","2","Exportaciones","as","Asia","omn","Omán","2080440","Aguacates Frescos o Secos","4677"
"2025","202509","2025-09","2","Exportaciones","as","Asia","qat","Katar","2080440","Aguacates Frescos o Secos","13480"
"2025","202509","2025-09","2","Exportaciones","as","Asia","sau","Arabia Saudita","2080440","Aguacates Frescos o Secos","61055"
"2025","202509","2025-09","2","Exportaciones","as","Asia","sgp","Singapur","2080440","Aguacates Frescos o Secos","19989"
"2025","202509","2025-09","2","Exportaciones","eu","Europa","bel","Bélgica","2080440","Aguacates Frescos o Secos","270536"
"2025","202509","2025-09","2","Exportaciones","eu","Europa","che","Suiza","2080440","Aguacates Frescos o Secos","156192"
"2025","202509","2025-09","2","Exportaciones","eu","Europa","deu","Alemania","2080440","Aguacates Frescos o Secos","59"
"2025","202509","2025-09","2","Exportaciones","eu","Europa","esp","España","2080440","Aguacates Frescos o Secos","3887588"
"2025","202509","2025-09","2","Exportaciones","eu","Europa","fra","Francia","2080440","Aguacates Frescos o Secos","1145268"
"2025","202509","2025-09","2","Exportaciones","eu","Europa","gbr","Reino Unido","2080440","Aguacates Frescos o Secos","258903"
"2025","202509","2025-09","2","Exportaciones","eu","Europa","nld","Países Bajos","2080440","Aguacates Frescos o Secos","1300015"
"2025","202509","2025-09","2","Exportaciones","na","América del Norte","blz","Belice","2080440","Aguacates Frescos o Secos","1355"
"2025","202509","2025-09","2","Exportaciones","na","América del Norte","can","Canadá","2080440","Aguacates Frescos o Secos","17509713"
"2025","202509","2025-09","2","Exportaciones","na","América del Norte","cri","Costa Rica","2080440","Aguacates Frescos o Secos","1518748"
"2025","202509","2025-09","2","Exportaciones","na","América del Norte","gtm","Guatemala","2080440","Aguacates Frescos o Secos","110698"
"2025","202509","2025-09","2","Exportaciones","na","América del Norte","hnd","Honduras","2080440","Aguacates Frescos o Secos","1492532"
"2025","202509","2025-09","2","Exportaciones","na","América del Norte","slv","El Salvador","2080440","Aguacates Frescos o Secos","3137629"
"2025","202509","2025-09","2","Exportaciones","na","América del Norte","usa","Estados Unidos","2080440","Aguacates Frescos o Secos","244860008"
"2025","202510","2025-10","2","Exportaciones","af","África","ken","Kenia","2080440","Aguacates Frescos o Secos","2708"
"2025","202510","2025-10","2","Exportaciones","as","Asia","are","Emiratos Árabes Unidos","2080440","Aguacates Frescos o Secos","485418"
"2025","202510","2025-10","2","Exportaciones","as","Asia","bhr","Bahrein","2080440","Aguacates Frescos o Secos","167347"
"2025","202510","2025-10","2","Exportaciones","as","Asia","jpn","Japón","2080440","Aguacates Frescos o Secos","11299827"
"2025","202510","2025-10","2","Exportaciones","as","Asia","kor","Corea del Sur","2080440","Aguacates Frescos o Secos","774"
"2025","202510","2025-10","2","Exportaciones","as","Asia","kwt","Kuwait","2080440","Aguacates Frescos o Secos","233721"
"2025","202510","2025-10","2","Exportaciones","as","Asia","qat","Katar","2080440","Aguacates Frescos o Secos","9480"
"2025","202510","2025-10","2","Exportaciones","as","Asia","sau","Arabia Saudita","2080440","Aguacates Frescos o Secos","63679"
"2025","202510","2025-10","2","Exportaciones","as","Asia","sgp","Singapur","2080440","Aguacates Frescos o Secos","17094"
"2025","202510","2025-10","2","Exportaciones","eu","Europa","bel","Bélgica","2080440","Aguacates Frescos o Secos","63834"
"2025","202510","2025-10","2","Exportaciones","eu","Europa","che","Suiza","2080440","Aguacates Frescos o Secos","97362"
"2025","202510","2025-10","2","Exportaciones","eu","Europa","deu","Alemania","2080440","Aguacates Frescos o Secos","110534"
"2025","202510","2025-10","2","Exportaciones","eu","Europa","esp","España","2080440","Aguacates Frescos o Secos","4522203"
"2025","202510","2025-10","2","Exportaciones","eu","Europa","fra","Francia","2080440","Aguacates Frescos o Secos","287417"
"2025","202510","2025-10","2","Exportaciones","eu","Europa","gbr","Reino Unido","2080440","Aguacates Frescos o Secos","39799"
"2025","202510","2025-10","2","Exportaciones","eu","Europa","nld","Países Bajos","2080440","Aguacates Frescos o Secos","697507"
"2025","202510","2025-10","2","Exportaciones","na","América del Norte","blz","Belice","2080440","Aguacates Frescos o Secos","1382"
"2025","202510","2025-10","2","Exportaciones","na","América del Norte","can","Canadá","2080440","Aguacates Frescos o Secos","16548017"
"2025","202510","2025-10","2","Exportaciones","na","América del Norte","cri","Costa Rica","2080440","Aguacates Frescos o Secos","1598972"
"2025","202510","2025-10","2","Exportaciones","na","América del Norte","gtm","Guatemala","2080440","Aguacates Frescos o Secos","103460"
"2025","202510","2025-10","2","Exportaciones","na","América del Norte","hnd","Honduras","2080440","Aguacates Frescos o Secos","2161058"
"2025","202510","2025-10","2","Exportaciones","na","América del Norte","slv","El Salvador","2080440","Aguacates Frescos o Secos","3480728"
"2025","202510","2025-10","2","Exportaciones","na","América del Norte","usa","Estados Unidos","2080440","Aguacates Frescos o Secos","263755115"
"2025","202510","2025-10","2","Exportaciones","oc","Oceanía","nzl","Nueva Zelandia","2080440","Aguacates Frescos o Secos","15991"
"2025","202510","2025-10","2","Exportaciones","sa","América del Sur","chl","Chile","2080440","Aguacates Frescos o Secos","82228"
"2025","202511","2025-11","2","Exportaciones","as","Asia","are","Emiratos Árabes Unidos","2080440","Aguacates Frescos o Secos","865869"
"2025","202511","2025-11","2","Exportaciones","as","Asia","bhr","Bahrein","2080440","Aguacates Frescos o Secos","102181"
"2025","202511","2025-11","2","Exportaciones","as","Asia","chn","China","2080440","Aguacates Frescos o Secos","79099"
"2025","202511","2025-11","2","Exportaciones","as","Asia","hkg","Hong Kong","2080440","Aguacates Frescos o Secos","9438"
"2025","202511","2025-11","2","Exportaciones","as","Asia","jpn","Japón","2080440","Aguacates Frescos o Secos","10682370"
"2025","202511","2025-11","2","Exportaciones","as","Asia","kor","Corea del Sur","2080440","Aguacates Frescos o Secos","210"
"2025","202511","2025-11","2","Exportaciones","as","Asia","kwt","Kuwait","2080440","Aguacates Frescos o Secos","203825"
"2025","202511","2025-11","2","Exportaciones","as","Asia","omn","Omán","2080440","Aguacates Frescos o Secos","5925"
"2025","202511","2025-11","2","Exportaciones","as","Asia","qat","Katar","2080440","Aguacates Frescos o Secos","46256"
"2025","202511","2025-11","2","Exportaciones","as","Asia","sau","Arabia Saudita","2080440","Aguacates Frescos o Secos","37563"
"2025","202511","2025-11","2","Exportaciones","as","Asia","sgp","Singapur","2080440","Aguacates Frescos o Secos","15086"
"2025","202511","2025-11","2","Exportaciones","eu","Europa","che","Suiza","2080440","Aguacates Frescos o Secos","38516"
"2025","202511","2025-11","2","Exportaciones","eu","Europa","esp","España","2080440","Aguacates Frescos o Secos","1167508"
"2025","202511","2025-11","2","Exportaciones","eu","Europa","gbr","Reino Unido","2080440","Aguacates Frescos o Secos","169"
"2025","202511","2025-11","2","Exportaciones","eu","Europa","ita","Italia","2080440","Aguacates Frescos o Secos","79099"
"2025","202511","2025-11","2","Exportaciones","eu","Europa","nld","Países Bajos","2080440","Aguacates Frescos o Secos","142108"
"2025","202511","2025-11","2","Exportaciones","na","América del Norte","blz","Belice","2080440","Aguacates Frescos o Secos","5131"
"2025","202511","2025-11","2","Exportaciones","na","América del Norte","can","Canadá","2080440","Aguacates Frescos o Secos","14809225"
"2025","202511","2025-11","2","Exportaciones","na","América del Norte","cri","Costa Rica","2080440","Aguacates Frescos o Secos","1742417"
"2025","202511","2025-11","2","Exportaciones","na","América del Norte","gtm","Guatemala","2080440","Aguacates Frescos o Secos","126872"
"2025","202511","2025-11","2","Exportaciones","na","América del Norte","hnd","Honduras","2080440","Aguacates Frescos o Secos","2008656"
"2025","202511","2025-11","2","Exportaciones","na","América del Norte","slv","El Salvador","2080440","Aguacates Frescos o Secos","3456745"
"2025","202511","2025-11","2","Exportaciones","na","América del Norte","usa","Estados Unidos","2080440","Aguacates Frescos o Secos","195893385"
"2025","202511","2025-11","2","Exportaciones","oc","Oceanía","nzl","Nueva Zelandia","2080440","Aguacates Frescos o Secos","4195"
"2025","202511","2025-11","2","Exportaciones","sa","América del Sur","ury","Uruguay","2080440","Aguacates Frescos o Secos","110738"
"2025","202512","2025-12","2","Exportaciones","as","Asia","are","Emiratos Árabes Unidos","2080440","Aguacates Frescos o Secos","1074758"
"2025","202512","2025-12","2","Exportaciones","as","Asia","bhr","Bahrein","2080440","Aguacates Frescos o Secos","213446"
"2025","202512","2025-12","2","Exportaciones","as","Asia","chn","China","2080440","Aguacates Frescos o Secos","168901"
"2025","202512","2025-12","2","Exportaciones","as","Asia","jpn","Japón","2080440","Aguacates Frescos o Secos","8996738"
"2025","202512","2025-12","2","Exportaciones","as","Asia","kor","Corea del Sur","2080440","Aguacates Frescos o Secos","127208"
"2025","202512","2025-12","2","Exportaciones","as","Asia","kwt","Kuwait","2080440","Aguacates Frescos o Secos","226426"
"2025","202512","2025-12","2","Exportaciones","as","Asia","mys","Malasia","2080440","Aguacates Frescos o Secos","18330"
"2025","202512","2025-12","2","Exportaciones","as","Asia","omn","Omán","2080440","Aguacates Frescos o Secos","12946"
"2025","202512","2025-12","2","Exportaciones","as","Asia","qat","Katar","2080440","Aguacates Frescos o Secos","67605"
"2025","202512","2025-12","2","Exportaciones","as","Asia","sau","Arabia Saudita","2080440","Aguacates Frescos o Secos","173751"
"2025","202512","2025-12","2","Exportaciones","as","Asia","sgp","Singapur","2080440","Aguacates Frescos o Secos","21064"
"2025","202512","2025-12","2","Exportaciones","eu","Europa","esp","España","2080440","Aguacates Frescos o Secos","963056"
"2025","202512","2025-12","2","Exportaciones","eu","Europa","nld","Países Bajos","2080440","Aguacates Frescos o Secos","254678"
"2025","202512","2025-12","2","Exportaciones","na","América del Norte","blz","Belice","2080440","Aguacates Frescos o Secos","4133"
"2025","202512","2025-12","2","Exportaciones","na","América del Norte","can","Canadá","2080440","Aguacates Frescos o Secos","17376197"
"2025","202512","2025-12","2","Exportaciones","na","América del Norte","cri","Costa Rica","2080440","Aguacates Frescos o Secos","1817039"
"2025","202512","2025-12","2","Exportaciones","na","América del Norte","gtm","Guatemala","2080440","Aguacates Frescos o Secos","184564"
"2025","202512","2025-12","2","Exportaciones","na","América del Norte","hnd","Honduras","2080440","Aguacates Frescos o Secos","2468610"
"2025","202512","2025-12","2","Exportaciones","na","América del Norte","slv","El Salvador","2080440","Aguacates Frescos o Secos","4119750"
"2025","202512","2025-12","2","Exportaciones","na","América del Norte","usa","Estados Unidos","2080440","Aguacates Frescos o Secos","268597408"
"2025","202512","2025-12","2","Exportaciones","sa","América del Sur","arg","Argentina","2080440","Aguacates Frescos o Secos","266543"
"2025","202512","2025-12","2","Exportaciones","sa","América del Sur","ury","Uruguay","2080440","Aguacates Frescos o Secos","207395"
"2026","202601","2026-01","2","Exportaciones","as","Asia","are","Emiratos Árabes Unidos","2080440","Aguacates Frescos o Secos","1230917"
"2026","202601","2026-01","2","Exportaciones","as","Asia","bhr","Bahrein","2080440","Aguacates Frescos o Secos","168540"
"2026","202601","2026-01","2","Exportaciones","as","Asia","chn","China","2080440","Aguacates Frescos o Secos","47603"
"2026","202601","2026-01","2","Exportaciones","as","Asia","hkg","Hong Kong","2080440","Aguacates Frescos o Secos","9413"
"2026","202601","2026-01","2","Exportaciones","as","Asia","jpn","Japón","2080440","Aguacates Frescos o Secos","11763689"
"2026","202601","2026-01","2","Exportaciones","as","Asia","kor","Corea del Sur","2080440","Aguacates Frescos o Secos","133704"
"2026","202601","2026-01","2","Exportaciones","as","Asia","kwt","Kuwait","2080440","Aguacates Frescos o Secos","12940438"
"2026","202601","2026-01","2","Exportaciones","as","Asia","omn","Omán","2080440","Aguacates Frescos o Secos","20396"
"2026","202601","2026-01","2","Exportaciones","as","Asia","qat","Katar","2080440","Aguacates Frescos o Secos","102548"
"2026","202601","2026-01","2","Exportaciones","as","Asia","sau","Arabia Saudita","2080440","Aguacates Frescos o Secos","88229"
"2026","202601","2026-01","2","Exportaciones","as","Asia","sgp","Singapur","2080440","Aguacates Frescos o Secos","45004"
"2026","202601","2026-01","2","Exportaciones","eu","Europa","deu","Alemania","2080440","Aguacates Frescos o Secos","56"
"2026","202601","2026-01","2","Exportaciones","eu","Europa","esp","España","2080440","Aguacates Frescos o Secos","1685666"
"2026","202601","2026-01","2","Exportaciones","eu","Europa","ita","Italia","2080440","Aguacates Frescos o Secos","35702"
"2026","202601","2026-01","2","Exportaciones","eu","Europa","nld","Países Bajos","2080440","Aguacates Frescos o Secos","511188"
"2026","202601","2026-01","2","Exportaciones","eu","Europa","prt","Portugal","2080440","Aguacates Frescos o Secos","37309"
"2026","202601","2026-01","2","Exportaciones","na","América del Norte","blz","Belice","2080440","Aguacates Frescos o Secos","2653"
"2026","202601","2026-01","2","Exportaciones","na","América del Norte","can","Canadá","2080440","Aguacates Frescos o Secos","20668367"
"2026","202601","2026-01","2","Exportaciones","na","América del Norte","cri","Costa Rica","2080440","Aguacates Frescos o Secos","3821047"
"2026","202601","2026-01","2","Exportaciones","na","América del Norte","gtm","Guatemala","2080440","Aguacates Frescos o Secos","224565"
"2026","202601","2026-01","2","Exportaciones","na","América del Norte","hnd","Honduras","2080440","Aguacates Frescos o Secos","3238135"
"2026","202601","2026-01","2","Exportaciones","na","América del Norte","slv","El Salvador","2080440","Aguacates Frescos o Secos","4249247"
"2026","202601","2026-01","2","Exportaciones","na","América del Norte","usa","Estados Unidos","2080440","Aguacates Frescos o Secos","303182546"
"2026","202601","2026-01","2","Exportaciones","sa","América del Sur","arg","Argentina","2080440","Aguacates Frescos o Secos","610900"
"2026","202601","2026-01","2","Exportaciones","sa","América del Sur","ury","Uruguay","2080440","Aguacates Frescos o Secos","102822"
"2026","202602","2026-02","2","Exportaciones","as","Asia","are","Emiratos Árabes Unidos","2080440","Aguacates Frescos o Secos","1209089"
"2026","202602","2026-02","2","Exportaciones","as","Asia","bhr","Bahrein","2080440","Aguacates Frescos o Secos","129851"
"2026","202602","2026-02","2","Exportaciones","as","Asia","chn","China","2080440","Aguacates Frescos o Secos","76568"
"2026","202602","2026-02","2","Exportaciones","as","Asia","hkg","Hong Kong","2080440","Aguacates Frescos o Secos","81169"
"2026","202602","2026-02","2","Exportaciones","as","Asia","jpn","Japón","2080440","Aguacates Frescos o Secos","7677948"
"2026","202602","2026-02","2","Exportaciones","as","Asia","kor","Corea del Sur","2080440","Aguacates Frescos o Secos","34676"
"2026","202602","2026-02","2","Exportaciones","as","Asia","kwt","Kuwait","2080440","Aguacates Frescos o Secos","194509"
"2026","202602","2026-02","2","Exportaciones","as","Asia","mys","Malasia","2080440","Aguacates Frescos o Secos","3688"
"2026","202602","2026-02","2","Exportaciones","as","Asia","omn","Omán","2080440","Aguacates Frescos o Secos","6234"
"2026","202602","2026-02","2","Exportaciones","as","Asia","qat","Katar","2080440","Aguacates Frescos o Secos","89975"
"2026","202602","2026-02","2","Exportaciones","as","Asia","sau","Arabia Saudita","2080440","Aguacates Frescos o Secos","162074"
"2026","202602","2026-02","2","Exportaciones","as","Asia","sgp","Singapur","2080440","Aguacates Frescos o Secos","44996"
"2026","202602","2026-02","2","Exportaciones","eu","Europa","esp","España","2080440","Aguacates Frescos o Secos","1741206"
"2026","202602","2026-02","2","Exportaciones","eu","Europa","ita","Italia","2080440","Aguacates Frescos o Secos","123413"
"2026","202602","2026-02","2","Exportaciones","eu","Europa","nld","Países Bajos","2080440","Aguacates Frescos o Secos","579712"
"2026","202602","2026-02","2","Exportaciones","eu","Europa","prt","Portugal","2080440","Aguacates Frescos o Secos","13523"
"2026","202602","2026-02","2","Exportaciones","na","América del Norte","blz","Belice","2080440","Aguacates Frescos o Secos","10048"
"2026","202602","2026-02","2","Exportaciones","na","América del Norte","can","Canadá","2080440","Aguacates Frescos o Secos","15565622"
"2026","202602","2026-02","2","Exportaciones","na","América del Norte","cri","Costa Rica","2080440","Aguacates Frescos o Secos","2459204"
"2026","202602","2026-02","2","Exportaciones","na","América del Norte","gtm","Guatemala","2080440","Aguacates Frescos o Secos","313041"
"2026","202602","2026-02","2","Exportaciones","na","América del Norte","hnd","Honduras","2080440","Aguacates Frescos o Secos","2683635"
"2026","202602","2026-02","2","Exportaciones","na","América del Norte","slv","El Salvador","2080440","Aguacates Frescos o Secos","3303848"
"2026","202602","2026-02","2","Exportaciones","na","América del Norte","usa","Estados Unidos","2080440","Aguacates Frescos o Secos","225344178"
"2026","202602","2026-02","2","Exportaciones","sa","América del Sur","arg","Argentina","2080440","Aguacates Frescos o Secos","264795"
"2026","202602","2026-02","2","Exportaciones","sa","América del Sur","chl","Chile","2080440","Aguacates Frescos o Secos","101556"
"2026","202603","2026-03","2","Exportaciones","as","Asia","are","Emiratos Árabes Unidos","2080440","Aguacates Frescos o Secos","642898"
"2026","202603","2026-03","2","Exportaciones","as","Asia","bhr","Bahrein","2080440","Aguacates Frescos o Secos","28512"
"2026","202603","2026-03","2","Exportaciones","as","Asia","chn","China","2080440","Aguacates Frescos o Secos","11833"
"2026","202603","2026-03","2","Exportaciones","as","Asia","hkg","Hong Kong","2080440","Aguacates Frescos o Secos","8023"
"2026","202603","2026-03","2","Exportaciones","as","Asia","jpn","Japón","2080440","Aguacates Frescos o Secos","9377192"
"2026","202603","2026-03","2","Exportaciones","as","Asia","kwt","Kuwait","2080440","Aguacates Frescos o Secos","50832"
"2026","202603","2026-03","2","Exportaciones","as","Asia","mys","Malasia","2080440","Aguacates Frescos o Secos","9845"
"2026","202603","2026-03","2","Exportaciones","as","Asia","omn","Omán","2080440","Aguacates Frescos o Secos","21595"
"2026","202603","2026-03","2","Exportaciones","as","Asia","qat","Katar","2080440","Aguacates Frescos o Secos","4970"
"2026","202603","2026-03","2","Exportaciones","as","Asia","sau","Arabia Saudita","2080440","Aguacates Frescos o Secos","383234"
"2026","202603","2026-03","2","Exportaciones","as","Asia","sgp","Singapur","2080440","Aguacates Frescos o Secos","26262"
"2026","202603","2026-03","2","Exportaciones","eu","Europa","deu","Alemania","2080440","Aguacates Frescos o Secos","30427"
"2026","202603","2026-03","2","Exportaciones","eu","Europa","esp","España","2080440","Aguacates Frescos o Secos","15430153"
"2026","202603","2026-03","2","Exportaciones","eu","Europa","fra","Francia","2080440","Aguacates Frescos o Secos","10413"
"2026","202603","2026-03","2","Exportaciones","eu","Europa","ita","Italia","2080440","Aguacates Frescos o Secos","167350"
"2026","202603","2026-03","2","Exportaciones","eu","Europa","nld","Países Bajos","2080440","Aguacates Frescos o Secos","340285"
"2026","202603","2026-03","2","Exportaciones","na","América del Norte","bhs","Las Bahamas","2080440","Aguacates Frescos o Secos","13371"
"2026","202603","2026-03","2","Exportaciones","na","América del Norte","blz","Belice","2080440","Aguacates Frescos o Secos","11685"
"2026","202603","2026-03","2","Exportaciones","na","América del Norte","can","Canadá","2080440","Aguacates Frescos o Secos","19927620"
"2026","202603","2026-03","2","Exportaciones","na","América del Norte","cri","Costa Rica","2080440","Aguacates Frescos o Secos","4810168"
"2026","202603","2026-03","2","Exportaciones","na","América del Norte","gtm","Guatemala","2080440","Aguacates Frescos o Secos","784853"
"2026","202603","2026-03","2","Exportaciones","na","América del Norte","hnd","Honduras","2080440","Aguacates Frescos o Secos","4533078"
"2026","202603","2026-03","2","Exportaciones","na","América del Norte","slv","El Salvador","2080440","Aguacates Frescos o Secos","4961356"
"2026","202603","2026-03","2","Exportaciones","na","América del Norte","usa","Estados Unidos","2080440","Aguacates Frescos o Secos","312081770"
"2026","202603","2026-03","2","Exportaciones","sa","América del Sur","arg","Argentina","2080440","Aguacates Frescos o Secos","130213"
"2026","202603","2026-03","2","Exportaciones","sa","América del Sur","chl","Chile","2080440","Aguacates Frescos o Secos","343827"
"2026","202603","2026-03","2","Exportaciones","sa","América del Sur","ury","Uruguay","2080440","Aguacates Frescos o Secos","43815"
"2026","202604","2026-04","2","Exportaciones","as","Asia","are","Emiratos Árabes Unidos","2080440","Aguacates Frescos o Secos","724718"
"2026","202604","2026-04","2","Exportaciones","as","Asia","bhr","Bahrein","2080440","Aguacates Frescos o Secos","69704"
"2026","202604","2026-04","2","Exportaciones","as","Asia","hkg","Hong Kong","2080440","Aguacates Frescos o Secos","156219"
"2026","202604","2026-04","2","Exportaciones","as","Asia","jpn","Japón","2080440","Aguacates Frescos o Secos","4850079"
"2026","202604","2026-04","2","Exportaciones","as","Asia","kwt","Kuwait","2080440","Aguacates Frescos o Secos","53070"
"2026","202604","2026-04","2","Exportaciones","as","Asia","omn","Omán","2080440","Aguacates Frescos o Secos","6594"
"2026","202604","2026-04","2","Exportaciones","as","Asia","sau","Arabia Saudita","2080440","Aguacates Frescos o Secos","86194"
"2026","202604","2026-04","2","Exportaciones","as","Asia","sgp","Singapur","2080440","Aguacates Frescos o Secos","32380"
"2026","202604","2026-04","2","Exportaciones","eu","Europa","esp","España","2080440","Aguacates Frescos o Secos","1139685"
"2026","202604","2026-04","2","Exportaciones","eu","Europa","ita","Italia","2080440","Aguacates Frescos o Secos","162067"
"2026","202604","2026-04","2","Exportaciones","eu","Europa","nld","Países Bajos","2080440","Aguacates Frescos o Secos","67263"
"2026","202604","2026-04","2","Exportaciones","na","América del Norte","blz","Belice","2080440","Aguacates Frescos o Secos","5565"
"2026","202604","2026-04","2","Exportaciones","na","América del Norte","can","Canadá","2080440","Aguacates Frescos o Secos","23267391"
"2026","202604","2026-04","2","Exportaciones","na","América del Norte","cri","Costa Rica","2080440","Aguacates Frescos o Secos","2894558"
"2026","202604","2026-04","2","Exportaciones","na","América del Norte","gtm","Guatemala","2080440","Aguacates Frescos o Secos","514539"
"2026","202604","2026-04","2","Exportaciones","na","América del Norte","hnd","Honduras","2080440","Aguacates Frescos o Secos","2983116"
"2026","202604","2026-04","2","Exportaciones","na","América del Norte","slv","El Salvador","2080440","Aguacates Frescos o Secos","2461023"
"2026","202604","2026-04","2","Exportaciones","na","América del Norte","usa","Estados Unidos","2080440","Aguacates Frescos o Secos","236774463"
"2026","202605","2026-05","2","Exportaciones","as","Asia","are","Emiratos Árabes Unidos","2080440","Aguacates Frescos o Secos","906712"
"2026","202605","2026-05","2","Exportaciones","as","Asia","bhr","Bahrein","2080440","Aguacates Frescos o Secos","26225"
"2026","202605","2026-05","2","Exportaciones","as","Asia","hkg","Hong Kong","2080440","Aguacates Frescos o Secos","160995"
"2026","202605","2026-05","2","Exportaciones","as","Asia","jpn","Japón","2080440","Aguacates Frescos o Secos","2335224"
"2026","202605","2026-05","2","Exportaciones","as","Asia","kwt","Kuwait","2080440","Aguacates Frescos o Secos","59753"
"2026","202605","2026-05","2","Exportaciones","as","Asia","omn","Omán","2080440","Aguacates Frescos o Secos","10875"
"2026","202605","2026-05","2","Exportaciones","as","Asia","sau","Arabia Saudita","2080440","Aguacates Frescos o Secos","87698"
"2026","202605","2026-05","2","Exportaciones","as","Asia","sgp","Singapur","2080440","Aguacates Frescos o Secos","17306"
"2026","202605","2026-05","2","Exportaciones","eu","Europa","esp","España","2080440","Aguacates Frescos o Secos","453906"
"2026","202605","2026-05","2","Exportaciones","na","América del Norte","blz","Belice","2080440","Aguacates Frescos o Secos","8335"
"2026","202605","2026-05","2","Exportaciones","na","América del Norte","can","Canadá","2080440","Aguacates Frescos o Secos","19916053"
"2026","202605","2026-05","2","Exportaciones","na","América del Norte","cri","Costa Rica","2080440","Aguacates Frescos o Secos","1993100"
"2026","202605","2026-05","2","Exportaciones","na","América del Norte","gtm","Guatemala","2080440","Aguacates Frescos o Secos","582179"
"2026","202605","2026-05","2","Exportaciones","na","América del Norte","hnd","Honduras","2080440","Aguacates Frescos o Secos","2440286"
"2026","202605","2026-05","2","Exportaciones","na","América del Norte","slv","El Salvador","2080440","Aguacates Frescos o Secos","1833618"
"2026","202605","2026-05","2","Exportaciones","na","América del Norte","usa","Estados Unidos","2080440","Aguacates Frescos o Secos","187904894"
"2026","202605","2026-05","2","Exportaciones","sa","América del Sur","chl","Chile","2080440","Aguacates Frescos o Secos","75737"
"2026","202606","2026-06","2","Exportaciones","as","Asia","are","Emiratos Árabes Unidos","2080440","Aguacates Frescos o Secos","616469"
"2026","202606","2026-06","2","Exportaciones","as","Asia","bhr","Bahrein","2080440","Aguacates Frescos o Secos","65452"
"2026","202606","2026-06","2","Exportaciones","as","Asia","hkg","Hong Kong","2080440","Aguacates Frescos o Secos","292864"
"2026","202606","2026-06","2","Exportaciones","as","Asia","jpn","Japón","2080440","Aguacates Frescos o Secos","1600533"
"2026","202606","2026-06","2","Exportaciones","as","Asia","kwt","Kuwait","2080440","Aguacates Frescos o Secos","87606"
"2026","202606","2026-06","2","Exportaciones","as","Asia","omn","Omán","2080440","Aguacates Frescos o Secos","8424"
"2026","202606","2026-06","2","Exportaciones","as","Asia","sau","Arabia Saudita","2080440","Aguacates Frescos o Secos","60458"
"2026","202606","2026-06","2","Exportaciones","as","Asia","sgp","Singapur","2080440","Aguacates Frescos o Secos","26351"
"2026","202606","2026-06","2","Exportaciones","eu","Europa","esp","España","2080440","Aguacates Frescos o Secos","206159"
"2026","202606","2026-06","2","Exportaciones","na","América del Norte","blz","Belice","2080440","Aguacates Frescos o Secos","14191"
"2026","202606","2026-06","2","Exportaciones","na","América del Norte","can","Canadá","2080440","Aguacates Frescos o Secos","23228314"
"2026","202606","2026-06","2","Exportaciones","na","América del Norte","cri","Costa Rica","2080440","Aguacates Frescos o Secos","1444778"
"2026","202606","2026-06","2","Exportaciones","na","América del Norte","gtm","Guatemala","2080440","Aguacates Frescos o Secos","530222"
"2026","202606","2026-06","2","Exportaciones","na","América del Norte","hnd","Honduras","2080440","Aguacates Frescos o Secos","2563891"
"2026","202606","2026-06","2","Exportaciones","na","América del Norte","slv","El Salvador","2080440","Aguacates Frescos o Secos","1640890"
"2026","202606","2026-06","2","Exportaciones","na","América del Norte","usa","Estados Unidos","2080440","Aguacates Frescos o Secos","220399039"
"2026","202606","2026-06","2","Exportaciones","sa","América del Sur","chl","Chile","2080440","Aguacates Frescos o Secos","140204"